[0.000000] (-) TimerEvent: {}
[0.000224] (isaac_ros_common) JobQueued: {'identifier': 'isaac_ros_common', 'dependencies': OrderedDict()}
[0.000268] (isaac_ros_test) JobQueued: {'identifier': 'isaac_ros_test', 'dependencies': OrderedDict()}
[0.000300] (isaac_ros_apriltag_interfaces) JobQueued: {'identifier': 'isaac_ros_apriltag_interfaces', 'dependencies': OrderedDict([('isaac_ros_common', '/workspaces/isaac_ros-dev/install/isaac_ros_common')])}
[0.000324] (isaac_ros_bi3d_interfaces) JobQueued: {'identifier': 'isaac_ros_bi3d_interfaces', 'dependencies': OrderedDict([('isaac_ros_common', '/workspaces/isaac_ros-dev/install/isaac_ros_common')])}
[0.000361] (isaac_ros_nitros_bridge_interfaces) JobQueued: {'identifier': 'isaac_ros_nitros_bridge_interfaces', 'dependencies': OrderedDict([('isaac_ros_common', '/workspaces/isaac_ros-dev/install/isaac_ros_common')])}
[0.000379] (isaac_ros_nova_interfaces) JobQueued: {'identifier': 'isaac_ros_nova_interfaces', 'dependencies': OrderedDict([('isaac_ros_common', '/workspaces/isaac_ros-dev/install/isaac_ros_common')])}
[0.000397] (isaac_ros_pointcloud_interfaces) JobQueued: {'identifier': 'isaac_ros_pointcloud_interfaces', 'dependencies': OrderedDict([('isaac_ros_common', '/workspaces/isaac_ros-dev/install/isaac_ros_common')])}
[0.000431] (isaac_ros_tensor_list_interfaces) JobQueued: {'identifier': 'isaac_ros_tensor_list_interfaces', 'dependencies': OrderedDict([('isaac_ros_common', '/workspaces/isaac_ros-dev/install/isaac_ros_common')])}
[0.000453] (isaac_ros_common) JobStarted: {'identifier': 'isaac_ros_common'}
[0.044454] (isaac_ros_test) JobStarted: {'identifier': 'isaac_ros_test'}
[0.094482] (isaac_ros_common) JobProgress: {'identifier': 'isaac_ros_common', 'progress': 'cmake'}
[0.094835] (isaac_ros_common) Command: {'cmd': ['/usr/bin/cmake', '/workspaces/isaac_ros-dev/isaac_ros_common', '-DCMAKE_INSTALL_PREFIX=/workspaces/isaac_ros-dev/install/isaac_ros_common'], 'cwd': '/workspaces/isaac_ros-dev/build/isaac_ros_common', 'env': OrderedDict([('DALI_BUILD', '5838886'), ('LIBRARY_PATH', '/usr/local/cuda/lib64/stubs:'), ('PYTHONWARNINGS', 'ignore:::setuptools.command.install,ignore:::setuptools.command.easy_install,ignore:::pkg_resources'), ('USER', 'bantalemak'), ('TF_ADJUST_SATURATION_FUSED', '1'), ('JAVA_TOOL_OPTIONS', '-Dfile.encoding=UTF8'), ('CUSOLVER_VERSION', '11.4.1.48'), ('HOSTNAME', 'bantalemak-Legion-5-15ACH6'), ('CUTENSOR_VERSION', '1.6.1.5'), ('SHLVL', '2'), ('LD_LIBRARY_PATH', '/opt/ros/humble/opt/rviz_ogre_vendor/lib:/opt/ros/humble/lib/x86_64-linux-gnu:/opt/ros/humble/lib:/opt/tritonserver/backends/onnxruntime:/usr/local/cuda/compat/lib:/usr/local/nvidia/lib:/usr/local/nvidia/lib64:/opt/tritonserver/lib'), ('HOME', '/home/admin'), ('NVIDIA_TRITON_SERVER_VERSION', '22.09'), ('CUDA_CACHE_DISABLE', '1'), ('ROS_PYTHON_VERSION', '3'), ('CCACHE_UMASK', '000'), ('USER_UID', '1000'), ('ENV', '/etc/shinit_v2'), ('RDMACORE_VERSION', '36.0'), ('NVJPEG_VERSION', '11.9.0.86'), ('NVIDIA_BUILD_ID', '44909143'), ('CUDA_VERSION', '11.8.0.062'), ('CUBLAS_VERSION', '11.11.3.6'), ('NSIGHT_SYSTEMS_VERSION', '2022.3.1.43'), ('ROS_DISTRO', 'humble'), ('OPAL_PREFIX', '/opt/hpcx/ompi'), ('NVIDIA_REQUIRE_CUDA', 'cuda>=9.0'), ('TRT_VERSION', '8.5.0.12'), ('GDRCOPY_VERSION', '2.3'), ('_', '/usr/bin/colcon'), ('ROS_VERSION', '2'), ('NVIDIA_DRIVER_CAPABILITIES', 'all'), ('POLYGRAPHY_VERSION', '0.38.0'), ('CURAND_VERSION', '10.3.0.86'), ('MOFED_VERSION', '5.4-rdmacore36.0'), ('USERNAME', 'admin'), ('TERM', 'xterm'), ('ROS_LOCALHOST_ONLY', '0'), ('QT_X11_NO_MITSHM', '1'), ('PATH', '/opt/ros/humble/bin:/usr/lib/ccache:/opt/tritonserver/bin:/usr/local/mpi/bin:/usr/local/nvidia/bin:/usr/local/cuda/bin:/usr/local/sbin:/usr/local/bin:/usr/sbin:/usr/bin:/sbin:/bin:/usr/local/ucx/bin:/opt/nvidia/tao'), ('FASTRTPS_DEFAULT_PROFILES_FILE', '/usr/local/share/middleware_profiles/rtps_udp_profile.xml'), ('CUDA_DRIVER_VERSION', '520.61.03'), ('_CUDA_COMPAT_STATUS', 'System has unsupported display driver / cuda driver combination (CUDA_ERROR_SYSTEM_DRIVER_MISMATCH) cuInit()=803'), ('DISPLAY', ':1'), ('NVIDIA_PRODUCT_NAME', 'Triton Server'), ('LANG', 'C.UTF-8'), ('RMW_IMPLEMENTATION', 'rmw_fastrtps_cpp'), ('NPP_VERSION', '11.8.0.86'), ('ROS_ROOT', '/opt/ros/humble'), ('CUFFT_VERSION', '10.9.0.58'), ('TF_ENABLE_WINOGRAD_NONFUSED', '1'), ('AMENT_PREFIX_PATH', '/opt/ros/humble'), ('CUDNN_VERSION', '8.6.0.163'), ('NSIGHT_COMPUTE_VERSION', '2022.3.0.22'), ('DALI_VERSION', '1.17.0'), ('DEBIAN_FRONTEND', 'noninteractive'), ('SHELL', '/bin/bash'), ('DCGM_VERSION', '2.2.9'), ('OPENMPI_VERSION', '4.1.4'), ('TRTOSS_VERSION', ''), ('OMPI_MCA_coll_hcoll_enable', '0'), ('CUSPARSE_VERSION', '11.7.5.86'), ('TRITON_SERVER_GPU_ENABLED', '1'), ('TRITON_SERVER_VERSION', '2.26.0'), ('BASH_ENV', '/etc/bash.bashrc'), ('PWD', '/workspaces/isaac_ros-dev/build/isaac_ros_common'), ('LC_ALL', 'C.UTF-8'), ('PYTHONPATH', '/opt/ros/humble/lib/python3.8/site-packages'), ('_CUDA_COMPAT_PATH', '/usr/local/cuda/compat'), ('TRITON_SERVER_USER', 'triton-server'), ('TF_ADJUST_HUE_FUSED', '1'), ('NVIDIA_VISIBLE_DEVICES', 'all'), ('NCCL_VERSION', '2.15.1'), ('TZ', 'UTC'), ('USER_GID', '1000'), ('COLCON', '1'), ('OPENUCX_VERSION', '1.14.0'), ('HPCX_VERSION', '2.12.1a0'), ('SHARP_COLL_ENABLE_CUDA', '0'), ('TF_AUTOTUNE_THRESHOLD', '2'), ('CMAKE_PREFIX_PATH', '/opt/ros/humble')]), 'shell': False}
[0.099631] (-) TimerEvent: {}
[0.152226] (isaac_ros_common) StdoutLine: {'line': b'-- The C compiler identification is GNU 9.4.0\n'}
[0.199753] (-) TimerEvent: {}
[0.212974] (isaac_ros_common) StdoutLine: {'line': b'-- The CXX compiler identification is GNU 9.4.0\n'}
[0.234598] (isaac_ros_common) StdoutLine: {'line': b'-- Detecting C compiler ABI info\n'}
[0.299869] (-) TimerEvent: {}
[0.316377] (isaac_ros_common) StdoutLine: {'line': b'-- Detecting C compiler ABI info - done\n'}
[0.323722] (isaac_ros_common) StdoutLine: {'line': b'-- Check for working C compiler: /usr/lib/ccache/cc - skipped\n'}
[0.324036] (isaac_ros_common) StdoutLine: {'line': b'-- Detecting C compile features\n'}
[0.324394] (isaac_ros_common) StdoutLine: {'line': b'-- Detecting C compile features - done\n'}
[0.338035] (isaac_ros_common) StdoutLine: {'line': b'-- Detecting CXX compiler ABI info\n'}
[0.399991] (-) TimerEvent: {}
[0.430567] (isaac_ros_common) StdoutLine: {'line': b'-- Detecting CXX compiler ABI info - done\n'}
[0.438459] (isaac_ros_common) StdoutLine: {'line': b'-- Check for working CXX compiler: /usr/lib/ccache/c++ - skipped\n'}
[0.438699] (isaac_ros_common) StdoutLine: {'line': b'-- Detecting CXX compile features\n'}
[0.439104] (isaac_ros_common) StdoutLine: {'line': b'-- Detecting CXX compile features - done\n'}
[0.442514] (isaac_ros_common) StdoutLine: {'line': b'-- Found ament_cmake_auto: 1.3.5 (/opt/ros/humble/share/ament_cmake_auto/cmake)\n'}
[0.500103] (-) TimerEvent: {}
[0.600372] (-) TimerEvent: {}
[0.686538] (isaac_ros_common) StdoutLine: {'line': b'-- Found Python3: /usr/bin/python3.8 (found version "3.8.10") found components: Interpreter \n'}
[0.700472] (-) TimerEvent: {}
[0.744188] (isaac_ros_test) Command: {'cmd': ['/usr/bin/python3', 'setup.py', 'egg_info', '--egg-base', '../build/isaac_ros_test', 'build', '--build-base', '/workspaces/isaac_ros-dev/build/isaac_ros_test/build', 'install', '--record', '/workspaces/isaac_ros-dev/build/isaac_ros_test/install.log', '--single-version-externally-managed'], 'cwd': '/workspaces/isaac_ros-dev/isaac_ros_test', 'env': {'DALI_BUILD': '5838886', 'LIBRARY_PATH': '/usr/local/cuda/lib64/stubs:', 'PYTHONWARNINGS': 'ignore:::setuptools.command.install,ignore:::setuptools.command.easy_install,ignore:::pkg_resources', 'USER': 'bantalemak', 'TF_ADJUST_SATURATION_FUSED': '1', 'JAVA_TOOL_OPTIONS': '-Dfile.encoding=UTF8', 'CUSOLVER_VERSION': '11.4.1.48', 'HOSTNAME': 'bantalemak-Legion-5-15ACH6', 'CUTENSOR_VERSION': '1.6.1.5', 'SHLVL': '2', 'LD_LIBRARY_PATH': '/opt/ros/humble/opt/rviz_ogre_vendor/lib:/opt/ros/humble/lib/x86_64-linux-gnu:/opt/ros/humble/lib:/opt/tritonserver/backends/onnxruntime:/usr/local/cuda/compat/lib:/usr/local/nvidia/lib:/usr/local/nvidia/lib64:/opt/tritonserver/lib', 'HOME': '/home/admin', 'NVIDIA_TRITON_SERVER_VERSION': '22.09', 'CUDA_CACHE_DISABLE': '1', 'ROS_PYTHON_VERSION': '3', 'CCACHE_UMASK': '000', 'USER_UID': '1000', 'ENV': '/etc/shinit_v2', 'RDMACORE_VERSION': '36.0', 'NVJPEG_VERSION': '11.9.0.86', 'NVIDIA_BUILD_ID': '44909143', 'CUDA_VERSION': '11.8.0.062', 'CUBLAS_VERSION': '11.11.3.6', 'NSIGHT_SYSTEMS_VERSION': '2022.3.1.43', 'ROS_DISTRO': 'humble', 'OPAL_PREFIX': '/opt/hpcx/ompi', 'NVIDIA_REQUIRE_CUDA': 'cuda>=9.0', 'TRT_VERSION': '8.5.0.12', 'GDRCOPY_VERSION': '2.3', '_': '/usr/bin/colcon', 'ROS_VERSION': '2', 'NVIDIA_DRIVER_CAPABILITIES': 'all', 'POLYGRAPHY_VERSION': '0.38.0', 'CURAND_VERSION': '10.3.0.86', 'MOFED_VERSION': '5.4-rdmacore36.0', 'USERNAME': 'admin', 'TERM': 'xterm', 'ROS_LOCALHOST_ONLY': '0', 'QT_X11_NO_MITSHM': '1', 'PATH': '/opt/ros/humble/bin:/usr/lib/ccache:/opt/tritonserver/bin:/usr/local/mpi/bin:/usr/local/nvidia/bin:/usr/local/cuda/bin:/usr/local/sbin:/usr/local/bin:/usr/sbin:/usr/bin:/sbin:/bin:/usr/local/ucx/bin:/opt/nvidia/tao', 'FASTRTPS_DEFAULT_PROFILES_FILE': '/usr/local/share/middleware_profiles/rtps_udp_profile.xml', 'CUDA_DRIVER_VERSION': '520.61.03', '_CUDA_COMPAT_STATUS': 'System has unsupported display driver / cuda driver combination (CUDA_ERROR_SYSTEM_DRIVER_MISMATCH) cuInit()=803', 'DISPLAY': ':1', 'NVIDIA_PRODUCT_NAME': 'Triton Server', 'LANG': 'C.UTF-8', 'RMW_IMPLEMENTATION': 'rmw_fastrtps_cpp', 'NPP_VERSION': '11.8.0.86', 'ROS_ROOT': '/opt/ros/humble', 'CUFFT_VERSION': '10.9.0.58', 'TF_ENABLE_WINOGRAD_NONFUSED': '1', 'AMENT_PREFIX_PATH': '/opt/ros/humble', 'CUDNN_VERSION': '8.6.0.163', 'NSIGHT_COMPUTE_VERSION': '2022.3.0.22', 'DALI_VERSION': '1.17.0', 'DEBIAN_FRONTEND': 'noninteractive', 'SHELL': '/bin/bash', 'DCGM_VERSION': '2.2.9', 'OPENMPI_VERSION': '4.1.4', 'TRTOSS_VERSION': '', 'OMPI_MCA_coll_hcoll_enable': '0', 'CUSPARSE_VERSION': '11.7.5.86', 'TRITON_SERVER_GPU_ENABLED': '1', 'TRITON_SERVER_VERSION': '2.26.0', 'BASH_ENV': '/etc/bash.bashrc', 'PWD': '/workspaces/isaac_ros-dev/build/isaac_ros_test', 'LC_ALL': 'C.UTF-8', 'PYTHONPATH': '/workspaces/isaac_ros-dev/build/isaac_ros_test/prefix_override:/workspaces/isaac_ros-dev/install/isaac_ros_test/lib/python3.8/site-packages:/opt/ros/humble/lib/python3.8/site-packages', '_CUDA_COMPAT_PATH': '/usr/local/cuda/compat', 'TRITON_SERVER_USER': 'triton-server', 'TF_ADJUST_HUE_FUSED': '1', 'NVIDIA_VISIBLE_DEVICES': 'all', 'NCCL_VERSION': '2.15.1', 'TZ': 'UTC', 'USER_GID': '1000', 'COLCON': '1', 'OPENUCX_VERSION': '1.14.0', 'HPCX_VERSION': '2.12.1a0', 'SHARP_COLL_ENABLE_CUDA': '0', 'TF_AUTOTUNE_THRESHOLD': '2'}, 'shell': False}
[0.800600] (-) TimerEvent: {}
[0.872236] (isaac_ros_test) StderrLine: {'line': b"/usr/local/lib/python3.8/dist-packages/setuptools/_distutils/dist.py:261: UserWarning: Unknown distribution option: 'tests_require'\n"}
[0.872455] (isaac_ros_test) StderrLine: {'line': b'  warnings.warn(msg)\n'}
[0.892734] (isaac_ros_common) StdoutLine: {'line': b'-- Found rosidl_generator_c: 3.1.5 (/opt/ros/humble/share/rosidl_generator_c/cmake)\n'}
[0.899292] (isaac_ros_common) StdoutLine: {'line': b'-- Found rosidl_adapter: 3.1.5 (/opt/ros/humble/share/rosidl_adapter/cmake)\n'}
[0.900688] (-) TimerEvent: {}
[0.909848] (isaac_ros_common) StdoutLine: {'line': b'-- Found rosidl_generator_cpp: 3.1.5 (/opt/ros/humble/share/rosidl_generator_cpp/cmake)\n'}
[0.926391] (isaac_ros_common) StdoutLine: {'line': b'-- Using all available rosidl_typesupport_c: rosidl_typesupport_fastrtps_c;rosidl_typesupport_introspection_c\n'}
[0.949123] (isaac_ros_common) StdoutLine: {'line': b'-- Using all available rosidl_typesupport_cpp: rosidl_typesupport_fastrtps_cpp;rosidl_typesupport_introspection_cpp\n'}
[0.949402] (isaac_ros_test) StdoutLine: {'line': b'running egg_info\n'}
[0.964100] (isaac_ros_test) StdoutLine: {'line': b'creating ../build/isaac_ros_test/isaac_ros_test.egg-info\n'}
[0.964262] (isaac_ros_test) StdoutLine: {'line': b'writing ../build/isaac_ros_test/isaac_ros_test.egg-info/PKG-INFO\n'}
[0.964622] (isaac_ros_test) StdoutLine: {'line': b'writing dependency_links to ../build/isaac_ros_test/isaac_ros_test.egg-info/dependency_links.txt\n'}
[0.964851] (isaac_ros_test) StdoutLine: {'line': b'writing requirements to ../build/isaac_ros_test/isaac_ros_test.egg-info/requires.txt\n'}
[0.965013] (isaac_ros_test) StdoutLine: {'line': b'writing top-level names to ../build/isaac_ros_test/isaac_ros_test.egg-info/top_level.txt\n'}
[0.965154] (isaac_ros_test) StdoutLine: {'line': b"writing manifest file '../build/isaac_ros_test/isaac_ros_test.egg-info/SOURCES.txt'\n"}
[0.995273] (isaac_ros_test) StdoutLine: {'line': b"reading manifest file '../build/isaac_ros_test/isaac_ros_test.egg-info/SOURCES.txt'\n"}
[0.996200] (isaac_ros_test) StdoutLine: {'line': b"writing manifest file '../build/isaac_ros_test/isaac_ros_test.egg-info/SOURCES.txt'\n"}
[0.996388] (isaac_ros_test) StdoutLine: {'line': b'running build\n'}
[0.996451] (isaac_ros_test) StdoutLine: {'line': b'running build_py\n'}
[0.996580] (isaac_ros_test) StdoutLine: {'line': b'creating /workspaces/isaac_ros-dev/build/isaac_ros_test/build/lib/isaac_ros_test\n'}
[0.996789] (isaac_ros_test) StdoutLine: {'line': b'copying isaac_ros_test/pose_utilities.py -> /workspaces/isaac_ros-dev/build/isaac_ros_test/build/lib/isaac_ros_test\n'}
[0.997133] (isaac_ros_test) StdoutLine: {'line': b'copying isaac_ros_test/profiler.py -> /workspaces/isaac_ros-dev/build/isaac_ros_test/build/lib/isaac_ros_test\n'}
[0.997320] (isaac_ros_test) StdoutLine: {'line': b'copying isaac_ros_test/cpu_profiler.py -> /workspaces/isaac_ros-dev/build/isaac_ros_test/build/lib/isaac_ros_test\n'}
[0.997545] (isaac_ros_test) StdoutLine: {'line': b'copying isaac_ros_test/isaac_ros_base_test.py -> /workspaces/isaac_ros-dev/build/isaac_ros_test/build/lib/isaac_ros_test\n'}
[0.997789] (isaac_ros_test) StdoutLine: {'line': b'copying isaac_ros_test/tegrastats_profiler.py -> /workspaces/isaac_ros-dev/build/isaac_ros_test/build/lib/isaac_ros_test\n'}
[0.997994] (isaac_ros_test) StdoutLine: {'line': b'copying isaac_ros_test/json_conversion.py -> /workspaces/isaac_ros-dev/build/isaac_ros_test/build/lib/isaac_ros_test\n'}
[0.998195] (isaac_ros_test) StdoutLine: {'line': b'copying isaac_ros_test/__init__.py -> /workspaces/isaac_ros-dev/build/isaac_ros_test/build/lib/isaac_ros_test\n'}
[0.998392] (isaac_ros_test) StdoutLine: {'line': b'copying isaac_ros_test/pcd_loader.py -> /workspaces/isaac_ros-dev/build/isaac_ros_test/build/lib/isaac_ros_test\n'}
[0.998746] (isaac_ros_test) StdoutLine: {'line': b'running install\n'}
[0.998957] (isaac_ros_test) StderrLine: {'line': b'/usr/local/lib/python3.8/dist-packages/setuptools/_distutils/cmd.py:66: SetuptoolsDeprecationWarning: setup.py install is deprecated.\n'}
[0.999068] (isaac_ros_test) StderrLine: {'line': b'!!\n'}
[0.999139] (isaac_ros_test) StderrLine: {'line': b'\n'}
[0.999200] (isaac_ros_test) StderrLine: {'line': b'        ********************************************************************************\n'}
[0.999258] (isaac_ros_test) StderrLine: {'line': b'        Please avoid running ``setup.py`` directly.\n'}
[0.999315] (isaac_ros_test) StderrLine: {'line': b'        Instead, use pypa/build, pypa/installer or other\n'}
[0.999370] (isaac_ros_test) StderrLine: {'line': b'        standards-based tools.\n'}
[0.999433] (isaac_ros_test) StderrLine: {'line': b'\n'}
[0.999488] (isaac_ros_test) StderrLine: {'line': b'        See https://blog.ganssle.io/articles/2021/10/setup-py-deprecated.html for details.\n'}
[0.999543] (isaac_ros_test) StderrLine: {'line': b'        ********************************************************************************\n'}
[0.999596] (isaac_ros_test) StderrLine: {'line': b'\n'}
[0.999653] (isaac_ros_test) StderrLine: {'line': b'!!\n'}
[0.999707] (isaac_ros_test) StderrLine: {'line': b'  self.initialize_options()\n'}
[1.000782] (-) TimerEvent: {}
[1.002630] (isaac_ros_test) StdoutLine: {'line': b'running install_lib\n'}
[1.017925] (isaac_ros_test) StdoutLine: {'line': b'creating /workspaces/isaac_ros-dev/install/isaac_ros_test/lib/python3.8/site-packages/isaac_ros_test\n'}
[1.018166] (isaac_ros_test) StdoutLine: {'line': b'copying /workspaces/isaac_ros-dev/build/isaac_ros_test/build/lib/isaac_ros_test/pose_utilities.py -> /workspaces/isaac_ros-dev/install/isaac_ros_test/lib/python3.8/site-packages/isaac_ros_test\n'}
[1.018320] (isaac_ros_test) StdoutLine: {'line': b'copying /workspaces/isaac_ros-dev/build/isaac_ros_test/build/lib/isaac_ros_test/profiler.py -> /workspaces/isaac_ros-dev/install/isaac_ros_test/lib/python3.8/site-packages/isaac_ros_test\n'}
[1.018511] (isaac_ros_test) StdoutLine: {'line': b'copying /workspaces/isaac_ros-dev/build/isaac_ros_test/build/lib/isaac_ros_test/cpu_profiler.py -> /workspaces/isaac_ros-dev/install/isaac_ros_test/lib/python3.8/site-packages/isaac_ros_test\n'}
[1.018591] (isaac_ros_test) StdoutLine: {'line': b'copying /workspaces/isaac_ros-dev/build/isaac_ros_test/build/lib/isaac_ros_test/isaac_ros_base_test.py -> /workspaces/isaac_ros-dev/install/isaac_ros_test/lib/python3.8/site-packages/isaac_ros_test\n'}
[1.018697] (isaac_ros_test) StdoutLine: {'line': b'copying /workspaces/isaac_ros-dev/build/isaac_ros_test/build/lib/isaac_ros_test/tegrastats_profiler.py -> /workspaces/isaac_ros-dev/install/isaac_ros_test/lib/python3.8/site-packages/isaac_ros_test\n'}
[1.018795] (isaac_ros_test) StdoutLine: {'line': b'copying /workspaces/isaac_ros-dev/build/isaac_ros_test/build/lib/isaac_ros_test/json_conversion.py -> /workspaces/isaac_ros-dev/install/isaac_ros_test/lib/python3.8/site-packages/isaac_ros_test\n'}
[1.018894] (isaac_ros_test) StdoutLine: {'line': b'copying /workspaces/isaac_ros-dev/build/isaac_ros_test/build/lib/isaac_ros_test/__init__.py -> /workspaces/isaac_ros-dev/install/isaac_ros_test/lib/python3.8/site-packages/isaac_ros_test\n'}
[1.018996] (isaac_ros_test) StdoutLine: {'line': b'copying /workspaces/isaac_ros-dev/build/isaac_ros_test/build/lib/isaac_ros_test/pcd_loader.py -> /workspaces/isaac_ros-dev/install/isaac_ros_test/lib/python3.8/site-packages/isaac_ros_test\n'}
[1.019409] (isaac_ros_test) StdoutLine: {'line': b'byte-compiling /workspaces/isaac_ros-dev/install/isaac_ros_test/lib/python3.8/site-packages/isaac_ros_test/pose_utilities.py to pose_utilities.cpython-38.pyc\n'}
[1.019942] (isaac_ros_test) StdoutLine: {'line': b'byte-compiling /workspaces/isaac_ros-dev/install/isaac_ros_test/lib/python3.8/site-packages/isaac_ros_test/profiler.py to profiler.cpython-38.pyc\n'}
[1.020294] (isaac_ros_test) StdoutLine: {'line': b'byte-compiling /workspaces/isaac_ros-dev/install/isaac_ros_test/lib/python3.8/site-packages/isaac_ros_test/cpu_profiler.py to cpu_profiler.cpython-38.pyc\n'}
[1.020726] (isaac_ros_test) StdoutLine: {'line': b'byte-compiling /workspaces/isaac_ros-dev/install/isaac_ros_test/lib/python3.8/site-packages/isaac_ros_test/isaac_ros_base_test.py to isaac_ros_base_test.cpython-38.pyc\n'}
[1.021897] (isaac_ros_test) StdoutLine: {'line': b'byte-compiling /workspaces/isaac_ros-dev/install/isaac_ros_test/lib/python3.8/site-packages/isaac_ros_test/tegrastats_profiler.py to tegrastats_profiler.cpython-38.pyc\n'}
[1.022303] (isaac_ros_test) StdoutLine: {'line': b'byte-compiling /workspaces/isaac_ros-dev/install/isaac_ros_test/lib/python3.8/site-packages/isaac_ros_test/json_conversion.py to json_conversion.cpython-38.pyc\n'}
[1.023225] (isaac_ros_test) StdoutLine: {'line': b'byte-compiling /workspaces/isaac_ros-dev/install/isaac_ros_test/lib/python3.8/site-packages/isaac_ros_test/__init__.py to __init__.cpython-38.pyc\n'}
[1.023430] (isaac_ros_test) StdoutLine: {'line': b'byte-compiling /workspaces/isaac_ros-dev/install/isaac_ros_test/lib/python3.8/site-packages/isaac_ros_test/pcd_loader.py to pcd_loader.cpython-38.pyc\n'}
[1.023866] (isaac_ros_test) StdoutLine: {'line': b'running install_data\n'}
[1.025103] (isaac_ros_common) StdoutLine: {'line': b'-- Found rmw_implementation_cmake: 6.1.1 (/opt/ros/humble/share/rmw_implementation_cmake/cmake)\n'}
[1.028914] (isaac_ros_common) StdoutLine: {'line': b'-- Found rmw_fastrtps_cpp: 6.2.4 (/opt/ros/humble/share/rmw_fastrtps_cpp/cmake)\n'}
[1.038961] (isaac_ros_test) StdoutLine: {'line': b'creating /workspaces/isaac_ros-dev/install/isaac_ros_test/share/ament_index/resource_index/packages\n'}
[1.039204] (isaac_ros_test) StdoutLine: {'line': b'copying resource/isaac_ros_test -> /workspaces/isaac_ros-dev/install/isaac_ros_test/share/ament_index/resource_index/packages\n'}
[1.039422] (isaac_ros_test) StdoutLine: {'line': b'copying package.xml -> /workspaces/isaac_ros-dev/install/isaac_ros_test/share/isaac_ros_test\n'}
[1.039535] (isaac_ros_test) StdoutLine: {'line': b'running install_egg_info\n'}
[1.054737] (isaac_ros_test) StdoutLine: {'line': b'Copying ../build/isaac_ros_test/isaac_ros_test.egg-info to /workspaces/isaac_ros-dev/install/isaac_ros_test/lib/python3.8/site-packages/isaac_ros_test-0.9.0-py3.8.egg-info\n'}
[1.055498] (isaac_ros_test) StdoutLine: {'line': b'running install_scripts\n'}
[1.100878] (-) TimerEvent: {}
[1.177550] (isaac_ros_test) StdoutLine: {'line': b"writing list of installed files to '/workspaces/isaac_ros-dev/build/isaac_ros_test/install.log'\n"}
[1.195585] (isaac_ros_test) CommandEnded: {'returncode': 0}
[1.199456] (isaac_ros_common) StdoutLine: {'line': b'-- Found OpenSSL: /usr/lib/x86_64-linux-gnu/libcrypto.so (found version "1.1.1f")  \n'}
[1.201109] (-) TimerEvent: {}
[1.239924] (isaac_ros_test) JobEnded: {'identifier': 'isaac_ros_test', 'rc': 0}
[1.240883] (isaac_ros_common) StdoutLine: {'line': b'-- Found FastRTPS: /opt/ros/humble/include  \n'}
[1.301539] (-) TimerEvent: {}
[1.309793] (isaac_ros_common) StdoutLine: {'line': b"-- Using RMW implementation 'rmw_fastrtps_cpp' as default\n"}
[1.325426] (isaac_ros_common) StdoutLine: {'line': b'-- Performing Test CMAKE_HAVE_LIBC_PTHREAD\n'}
[1.401652] (-) TimerEvent: {}
[1.405793] (isaac_ros_common) StdoutLine: {'line': b'-- Performing Test CMAKE_HAVE_LIBC_PTHREAD - Failed\n'}
[1.405994] (isaac_ros_common) StdoutLine: {'line': b'-- Looking for pthread_create in pthreads\n'}
[1.470315] (isaac_ros_common) StdoutLine: {'line': b'-- Looking for pthread_create in pthreads - not found\n'}
[1.470491] (isaac_ros_common) StdoutLine: {'line': b'-- Looking for pthread_create in pthread\n'}
[1.501760] (-) TimerEvent: {}
[1.543140] (isaac_ros_common) StdoutLine: {'line': b'-- Looking for pthread_create in pthread - found\n'}
[1.544023] (isaac_ros_common) StdoutLine: {'line': b'-- Found Threads: TRUE  \n'}
[1.601851] (-) TimerEvent: {}
[1.681798] (isaac_ros_common) StdoutLine: {'line': b'-- Loading isaac_ros_common extras\n'}
[1.681959] (isaac_ros_common) StdoutLine: {'line': b'-- CMAKE_BUILD_TYPE: Release\n'}
[1.701951] (-) TimerEvent: {}
[1.708437] (isaac_ros_common) StdoutLine: {'line': b'-- Found CUDA: /usr/local/cuda (found version "11.8") \n'}
[1.718867] (isaac_ros_common) StdoutLine: {'line': b'-- Found ament_lint_auto: 0.12.8 (/opt/ros/humble/share/ament_lint_auto/cmake)\n'}
[1.746088] (isaac_ros_common) StdoutLine: {'line': b"-- Added test 'cppcheck' to perform static code analysis on C / C++ code\n"}
[1.746293] (isaac_ros_common) StdoutLine: {'line': b'-- Configured cppcheck include dirs: /workspaces/isaac_ros-dev/isaac_ros_common/include\n'}
[1.746388] (isaac_ros_common) StdoutLine: {'line': b'-- Configured cppcheck exclude dirs and/or files: \n'}
[1.747390] (isaac_ros_common) StdoutLine: {'line': b"-- Added test 'cpplint' to check C / C++ code against the Google style\n"}
[1.747471] (isaac_ros_common) StdoutLine: {'line': b'-- Configured cpplint exclude dirs and/or files: \n'}
[1.748340] (isaac_ros_common) StdoutLine: {'line': b"-- Added test 'lint_cmake' to check CMake code style\n"}
[1.749772] (isaac_ros_common) StdoutLine: {'line': b"-- Added test 'uncrustify' to check C / C++ code style\n"}
[1.749878] (isaac_ros_common) StdoutLine: {'line': b'-- Configured uncrustify additional arguments: \n'}
[1.750311] (isaac_ros_common) StdoutLine: {'line': b"-- Added test 'xmllint' to check XML markup files\n"}
[1.754379] (isaac_ros_common) StdoutLine: {'line': b'-- Configuring done (1.7s)\n'}
[1.764954] (isaac_ros_common) StdoutLine: {'line': b'-- Generating done (0.0s)\n'}
[1.766028] (isaac_ros_common) StdoutLine: {'line': b'-- Build files have been written to: /workspaces/isaac_ros-dev/build/isaac_ros_common\n'}
[1.773318] (isaac_ros_common) CommandEnded: {'returncode': 0}
[1.773985] (isaac_ros_common) JobProgress: {'identifier': 'isaac_ros_common', 'progress': 'build'}
[1.776378] (isaac_ros_common) Command: {'cmd': ['/usr/bin/cmake', '--build', '/workspaces/isaac_ros-dev/build/isaac_ros_common', '--', '-j12', '-l12'], 'cwd': '/workspaces/isaac_ros-dev/build/isaac_ros_common', 'env': OrderedDict([('DALI_BUILD', '5838886'), ('LIBRARY_PATH', '/usr/local/cuda/lib64/stubs:'), ('PYTHONWARNINGS', 'ignore:::setuptools.command.install,ignore:::setuptools.command.easy_install,ignore:::pkg_resources'), ('USER', 'bantalemak'), ('TF_ADJUST_SATURATION_FUSED', '1'), ('JAVA_TOOL_OPTIONS', '-Dfile.encoding=UTF8'), ('CUSOLVER_VERSION', '11.4.1.48'), ('HOSTNAME', 'bantalemak-Legion-5-15ACH6'), ('CUTENSOR_VERSION', '1.6.1.5'), ('SHLVL', '2'), ('LD_LIBRARY_PATH', '/opt/ros/humble/opt/rviz_ogre_vendor/lib:/opt/ros/humble/lib/x86_64-linux-gnu:/opt/ros/humble/lib:/opt/tritonserver/backends/onnxruntime:/usr/local/cuda/compat/lib:/usr/local/nvidia/lib:/usr/local/nvidia/lib64:/opt/tritonserver/lib'), ('HOME', '/home/admin'), ('NVIDIA_TRITON_SERVER_VERSION', '22.09'), ('CUDA_CACHE_DISABLE', '1'), ('ROS_PYTHON_VERSION', '3'), ('CCACHE_UMASK', '000'), ('USER_UID', '1000'), ('ENV', '/etc/shinit_v2'), ('RDMACORE_VERSION', '36.0'), ('NVJPEG_VERSION', '11.9.0.86'), ('NVIDIA_BUILD_ID', '44909143'), ('CUDA_VERSION', '11.8.0.062'), ('CUBLAS_VERSION', '11.11.3.6'), ('NSIGHT_SYSTEMS_VERSION', '2022.3.1.43'), ('ROS_DISTRO', 'humble'), ('OPAL_PREFIX', '/opt/hpcx/ompi'), ('NVIDIA_REQUIRE_CUDA', 'cuda>=9.0'), ('TRT_VERSION', '8.5.0.12'), ('GDRCOPY_VERSION', '2.3'), ('_', '/usr/bin/colcon'), ('ROS_VERSION', '2'), ('NVIDIA_DRIVER_CAPABILITIES', 'all'), ('POLYGRAPHY_VERSION', '0.38.0'), ('CURAND_VERSION', '10.3.0.86'), ('MOFED_VERSION', '5.4-rdmacore36.0'), ('USERNAME', 'admin'), ('TERM', 'xterm'), ('ROS_LOCALHOST_ONLY', '0'), ('QT_X11_NO_MITSHM', '1'), ('PATH', '/opt/ros/humble/bin:/usr/lib/ccache:/opt/tritonserver/bin:/usr/local/mpi/bin:/usr/local/nvidia/bin:/usr/local/cuda/bin:/usr/local/sbin:/usr/local/bin:/usr/sbin:/usr/bin:/sbin:/bin:/usr/local/ucx/bin:/opt/nvidia/tao'), ('FASTRTPS_DEFAULT_PROFILES_FILE', '/usr/local/share/middleware_profiles/rtps_udp_profile.xml'), ('CUDA_DRIVER_VERSION', '520.61.03'), ('_CUDA_COMPAT_STATUS', 'System has unsupported display driver / cuda driver combination (CUDA_ERROR_SYSTEM_DRIVER_MISMATCH) cuInit()=803'), ('DISPLAY', ':1'), ('NVIDIA_PRODUCT_NAME', 'Triton Server'), ('LANG', 'C.UTF-8'), ('RMW_IMPLEMENTATION', 'rmw_fastrtps_cpp'), ('NPP_VERSION', '11.8.0.86'), ('ROS_ROOT', '/opt/ros/humble'), ('CUFFT_VERSION', '10.9.0.58'), ('TF_ENABLE_WINOGRAD_NONFUSED', '1'), ('AMENT_PREFIX_PATH', '/opt/ros/humble'), ('CUDNN_VERSION', '8.6.0.163'), ('NSIGHT_COMPUTE_VERSION', '2022.3.0.22'), ('DALI_VERSION', '1.17.0'), ('DEBIAN_FRONTEND', 'noninteractive'), ('SHELL', '/bin/bash'), ('DCGM_VERSION', '2.2.9'), ('OPENMPI_VERSION', '4.1.4'), ('TRTOSS_VERSION', ''), ('OMPI_MCA_coll_hcoll_enable', '0'), ('CUSPARSE_VERSION', '11.7.5.86'), ('TRITON_SERVER_GPU_ENABLED', '1'), ('TRITON_SERVER_VERSION', '2.26.0'), ('BASH_ENV', '/etc/bash.bashrc'), ('PWD', '/workspaces/isaac_ros-dev/build/isaac_ros_common'), ('LC_ALL', 'C.UTF-8'), ('PYTHONPATH', '/opt/ros/humble/lib/python3.8/site-packages'), ('_CUDA_COMPAT_PATH', '/usr/local/cuda/compat'), ('TRITON_SERVER_USER', 'triton-server'), ('TF_ADJUST_HUE_FUSED', '1'), ('NVIDIA_VISIBLE_DEVICES', 'all'), ('NCCL_VERSION', '2.15.1'), ('TZ', 'UTC'), ('USER_GID', '1000'), ('COLCON', '1'), ('OPENUCX_VERSION', '1.14.0'), ('HPCX_VERSION', '2.12.1a0'), ('SHARP_COLL_ENABLE_CUDA', '0'), ('TF_AUTOTUNE_THRESHOLD', '2'), ('CMAKE_PREFIX_PATH', '/opt/ros/humble')]), 'shell': False}
[1.802057] (-) TimerEvent: {}
[1.806173] (isaac_ros_common) StdoutLine: {'line': b'[ 50%] \x1b[32mBuilding CXX object CMakeFiles/isaac_ros_common.dir/src/vpi_utilities.cpp.o\x1b[0m\n'}
[1.902185] (-) TimerEvent: {}
[2.002454] (-) TimerEvent: {}
[2.103058] (-) TimerEvent: {}
[2.203337] (-) TimerEvent: {}
[2.303632] (-) TimerEvent: {}
[2.403917] (-) TimerEvent: {}
[2.504654] (-) TimerEvent: {}
[2.605053] (-) TimerEvent: {}
[2.705353] (-) TimerEvent: {}
[2.805670] (-) TimerEvent: {}
[2.906108] (-) TimerEvent: {}
[3.006414] (-) TimerEvent: {}
[3.106718] (-) TimerEvent: {}
[3.207021] (-) TimerEvent: {}
[3.307314] (-) TimerEvent: {}
[3.407650] (-) TimerEvent: {}
[3.508030] (-) TimerEvent: {}
[3.608323] (-) TimerEvent: {}
[3.708642] (-) TimerEvent: {}
[3.808958] (-) TimerEvent: {}
[3.909258] (-) TimerEvent: {}
[4.009555] (-) TimerEvent: {}
[4.109860] (-) TimerEvent: {}
[4.210146] (-) TimerEvent: {}
[4.310436] (-) TimerEvent: {}
[4.410776] (-) TimerEvent: {}
[4.511092] (-) TimerEvent: {}
[4.611395] (-) TimerEvent: {}
[4.711687] (-) TimerEvent: {}
[4.812026] (-) TimerEvent: {}
[4.912328] (-) TimerEvent: {}
[4.916228] (isaac_ros_common) StdoutLine: {'line': b'[100%] \x1b[32m\x1b[1mLinking CXX shared library libisaac_ros_common.so\x1b[0m\n'}
[5.000432] (isaac_ros_common) StdoutLine: {'line': b'[100%] Built target isaac_ros_common\n'}
[5.005893] (isaac_ros_common) CommandEnded: {'returncode': 0}
[5.012430] (-) TimerEvent: {}
[5.043161] (isaac_ros_common) JobProgress: {'identifier': 'isaac_ros_common', 'progress': 'install'}
[5.049233] (isaac_ros_common) Command: {'cmd': ['/usr/bin/cmake', '--install', '/workspaces/isaac_ros-dev/build/isaac_ros_common'], 'cwd': '/workspaces/isaac_ros-dev/build/isaac_ros_common', 'env': OrderedDict([('DALI_BUILD', '5838886'), ('LIBRARY_PATH', '/usr/local/cuda/lib64/stubs:'), ('PYTHONWARNINGS', 'ignore:::setuptools.command.install,ignore:::setuptools.command.easy_install,ignore:::pkg_resources'), ('USER', 'bantalemak'), ('TF_ADJUST_SATURATION_FUSED', '1'), ('JAVA_TOOL_OPTIONS', '-Dfile.encoding=UTF8'), ('CUSOLVER_VERSION', '11.4.1.48'), ('HOSTNAME', 'bantalemak-Legion-5-15ACH6'), ('CUTENSOR_VERSION', '1.6.1.5'), ('SHLVL', '2'), ('LD_LIBRARY_PATH', '/opt/ros/humble/opt/rviz_ogre_vendor/lib:/opt/ros/humble/lib/x86_64-linux-gnu:/opt/ros/humble/lib:/opt/tritonserver/backends/onnxruntime:/usr/local/cuda/compat/lib:/usr/local/nvidia/lib:/usr/local/nvidia/lib64:/opt/tritonserver/lib'), ('HOME', '/home/admin'), ('NVIDIA_TRITON_SERVER_VERSION', '22.09'), ('CUDA_CACHE_DISABLE', '1'), ('ROS_PYTHON_VERSION', '3'), ('CCACHE_UMASK', '000'), ('USER_UID', '1000'), ('ENV', '/etc/shinit_v2'), ('RDMACORE_VERSION', '36.0'), ('NVJPEG_VERSION', '11.9.0.86'), ('NVIDIA_BUILD_ID', '44909143'), ('CUDA_VERSION', '11.8.0.062'), ('CUBLAS_VERSION', '11.11.3.6'), ('NSIGHT_SYSTEMS_VERSION', '2022.3.1.43'), ('ROS_DISTRO', 'humble'), ('OPAL_PREFIX', '/opt/hpcx/ompi'), ('NVIDIA_REQUIRE_CUDA', 'cuda>=9.0'), ('TRT_VERSION', '8.5.0.12'), ('GDRCOPY_VERSION', '2.3'), ('_', '/usr/bin/colcon'), ('ROS_VERSION', '2'), ('NVIDIA_DRIVER_CAPABILITIES', 'all'), ('POLYGRAPHY_VERSION', '0.38.0'), ('CURAND_VERSION', '10.3.0.86'), ('MOFED_VERSION', '5.4-rdmacore36.0'), ('USERNAME', 'admin'), ('TERM', 'xterm'), ('ROS_LOCALHOST_ONLY', '0'), ('QT_X11_NO_MITSHM', '1'), ('PATH', '/opt/ros/humble/bin:/usr/lib/ccache:/opt/tritonserver/bin:/usr/local/mpi/bin:/usr/local/nvidia/bin:/usr/local/cuda/bin:/usr/local/sbin:/usr/local/bin:/usr/sbin:/usr/bin:/sbin:/bin:/usr/local/ucx/bin:/opt/nvidia/tao'), ('FASTRTPS_DEFAULT_PROFILES_FILE', '/usr/local/share/middleware_profiles/rtps_udp_profile.xml'), ('CUDA_DRIVER_VERSION', '520.61.03'), ('_CUDA_COMPAT_STATUS', 'System has unsupported display driver / cuda driver combination (CUDA_ERROR_SYSTEM_DRIVER_MISMATCH) cuInit()=803'), ('DISPLAY', ':1'), ('NVIDIA_PRODUCT_NAME', 'Triton Server'), ('LANG', 'C.UTF-8'), ('RMW_IMPLEMENTATION', 'rmw_fastrtps_cpp'), ('NPP_VERSION', '11.8.0.86'), ('ROS_ROOT', '/opt/ros/humble'), ('CUFFT_VERSION', '10.9.0.58'), ('TF_ENABLE_WINOGRAD_NONFUSED', '1'), ('AMENT_PREFIX_PATH', '/opt/ros/humble'), ('CUDNN_VERSION', '8.6.0.163'), ('NSIGHT_COMPUTE_VERSION', '2022.3.0.22'), ('DALI_VERSION', '1.17.0'), ('DEBIAN_FRONTEND', 'noninteractive'), ('SHELL', '/bin/bash'), ('DCGM_VERSION', '2.2.9'), ('OPENMPI_VERSION', '4.1.4'), ('TRTOSS_VERSION', ''), ('OMPI_MCA_coll_hcoll_enable', '0'), ('CUSPARSE_VERSION', '11.7.5.86'), ('TRITON_SERVER_GPU_ENABLED', '1'), ('TRITON_SERVER_VERSION', '2.26.0'), ('BASH_ENV', '/etc/bash.bashrc'), ('PWD', '/workspaces/isaac_ros-dev/build/isaac_ros_common'), ('LC_ALL', 'C.UTF-8'), ('PYTHONPATH', '/opt/ros/humble/lib/python3.8/site-packages'), ('_CUDA_COMPAT_PATH', '/usr/local/cuda/compat'), ('TRITON_SERVER_USER', 'triton-server'), ('TF_ADJUST_HUE_FUSED', '1'), ('NVIDIA_VISIBLE_DEVICES', 'all'), ('NCCL_VERSION', '2.15.1'), ('TZ', 'UTC'), ('USER_GID', '1000'), ('COLCON', '1'), ('OPENUCX_VERSION', '1.14.0'), ('HPCX_VERSION', '2.12.1a0'), ('SHARP_COLL_ENABLE_CUDA', '0'), ('TF_AUTOTUNE_THRESHOLD', '2'), ('CMAKE_PREFIX_PATH', '/opt/ros/humble')]), 'shell': False}
[5.052878] (isaac_ros_common) StdoutLine: {'line': b'-- Install configuration: "Release"\n'}
[5.053084] (isaac_ros_common) StdoutLine: {'line': b'-- Installing: /workspaces/isaac_ros-dev/install/isaac_ros_common/share/ament_index/resource_index/isaac_ros_common_cmake_path/isaac_ros_common\n'}
[5.053267] (isaac_ros_common) StdoutLine: {'line': b'-- Installing: /workspaces/isaac_ros-dev/install/isaac_ros_common/include\n'}
[5.053389] (isaac_ros_common) StdoutLine: {'line': b'-- Installing: /workspaces/isaac_ros-dev/install/isaac_ros_common/include/isaac_ros_common\n'}
[5.053505] (isaac_ros_common) StdoutLine: {'line': b'-- Installing: /workspaces/isaac_ros-dev/install/isaac_ros_common/include/isaac_ros_common/vpi_utilities.hpp\n'}
[5.053682] (isaac_ros_common) StdoutLine: {'line': b'-- Installing: /workspaces/isaac_ros-dev/install/isaac_ros_common/share/isaac_ros_common/environment/library_path.sh\n'}
[5.053891] (isaac_ros_common) StdoutLine: {'line': b'-- Installing: /workspaces/isaac_ros-dev/install/isaac_ros_common/share/isaac_ros_common/environment/library_path.dsv\n'}
[5.054159] (isaac_ros_common) StdoutLine: {'line': b'-- Installing: /workspaces/isaac_ros-dev/install/isaac_ros_common/lib/libisaac_ros_common.so\n'}
[5.054577] (isaac_ros_common) StdoutLine: {'line': b'-- Set runtime path of "/workspaces/isaac_ros-dev/install/isaac_ros_common/lib/libisaac_ros_common.so" to ""\n'}
[5.054664] (isaac_ros_common) StdoutLine: {'line': b'-- Installing: /workspaces/isaac_ros-dev/install/isaac_ros_common/share/isaac_ros_common/cmake\n'}
[5.054748] (isaac_ros_common) StdoutLine: {'line': b'-- Installing: /workspaces/isaac_ros-dev/install/isaac_ros_common/share/isaac_ros_common/cmake/isaac_ros_common-extras.cmake\n'}
[5.054882] (isaac_ros_common) StdoutLine: {'line': b'-- Installing: /workspaces/isaac_ros-dev/install/isaac_ros_common/share/isaac_ros_common/cmake/isaac_ros_common-extras-modules.cmake\n'}
[5.055008] (isaac_ros_common) StdoutLine: {'line': b'-- Installing: /workspaces/isaac_ros-dev/install/isaac_ros_common/share/isaac_ros_common/cmake/modules\n'}
[5.055094] (isaac_ros_common) StdoutLine: {'line': b'-- Installing: /workspaces/isaac_ros-dev/install/isaac_ros_common/share/isaac_ros_common/cmake/modules/FindTENSORRT.cmake\n'}
[5.055726] (isaac_ros_common) StdoutLine: {'line': b'-- Installing: /workspaces/isaac_ros-dev/install/isaac_ros_common/share/ament_index/resource_index/package_run_dependencies/isaac_ros_common\n'}
[5.055918] (isaac_ros_common) StdoutLine: {'line': b'-- Installing: /workspaces/isaac_ros-dev/install/isaac_ros_common/share/ament_index/resource_index/parent_prefix_path/isaac_ros_common\n'}
[5.056066] (isaac_ros_common) StdoutLine: {'line': b'-- Installing: /workspaces/isaac_ros-dev/install/isaac_ros_common/share/isaac_ros_common/environment/ament_prefix_path.sh\n'}
[5.060953] (isaac_ros_common) StdoutLine: {'line': b'-- Installing: /workspaces/isaac_ros-dev/install/isaac_ros_common/share/isaac_ros_common/environment/ament_prefix_path.dsv\n'}
[5.061049] (isaac_ros_common) StdoutLine: {'line': b'-- Installing: /workspaces/isaac_ros-dev/install/isaac_ros_common/share/isaac_ros_common/environment/path.sh\n'}
[5.061122] (isaac_ros_common) StdoutLine: {'line': b'-- Installing: /workspaces/isaac_ros-dev/install/isaac_ros_common/share/isaac_ros_common/environment/path.dsv\n'}
[5.061180] (isaac_ros_common) StdoutLine: {'line': b'-- Installing: /workspaces/isaac_ros-dev/install/isaac_ros_common/share/isaac_ros_common/local_setup.bash\n'}
[5.061233] (isaac_ros_common) StdoutLine: {'line': b'-- Installing: /workspaces/isaac_ros-dev/install/isaac_ros_common/share/isaac_ros_common/local_setup.sh\n'}
[5.061452] (isaac_ros_common) StdoutLine: {'line': b'-- Installing: /workspaces/isaac_ros-dev/install/isaac_ros_common/share/isaac_ros_common/local_setup.zsh\n'}
[5.061576] (isaac_ros_common) StdoutLine: {'line': b'-- Installing: /workspaces/isaac_ros-dev/install/isaac_ros_common/share/isaac_ros_common/local_setup.dsv\n'}
[5.061691] (isaac_ros_common) StdoutLine: {'line': b'-- Installing: /workspaces/isaac_ros-dev/install/isaac_ros_common/share/isaac_ros_common/package.dsv\n'}
[5.061764] (isaac_ros_common) StdoutLine: {'line': b'-- Installing: /workspaces/isaac_ros-dev/install/isaac_ros_common/share/ament_index/resource_index/packages/isaac_ros_common\n'}
[5.061896] (isaac_ros_common) StdoutLine: {'line': b'-- Up-to-date: /workspaces/isaac_ros-dev/install/isaac_ros_common/share/isaac_ros_common/cmake/isaac_ros_common-extras.cmake\n'}
[5.061963] (isaac_ros_common) StdoutLine: {'line': b'-- Up-to-date: /workspaces/isaac_ros-dev/install/isaac_ros_common/share/isaac_ros_common/cmake/isaac_ros_common-extras-modules.cmake\n'}
[5.062083] (isaac_ros_common) StdoutLine: {'line': b'-- Installing: /workspaces/isaac_ros-dev/install/isaac_ros_common/share/isaac_ros_common/cmake/ament_cmake_export_dependencies-extras.cmake\n'}
[5.062152] (isaac_ros_common) StdoutLine: {'line': b'-- Installing: /workspaces/isaac_ros-dev/install/isaac_ros_common/share/isaac_ros_common/cmake/ament_cmake_export_include_directories-extras.cmake\n'}
[5.062204] (isaac_ros_common) StdoutLine: {'line': b'-- Installing: /workspaces/isaac_ros-dev/install/isaac_ros_common/share/isaac_ros_common/cmake/ament_cmake_export_libraries-extras.cmake\n'}
[5.062298] (isaac_ros_common) StdoutLine: {'line': b'-- Installing: /workspaces/isaac_ros-dev/install/isaac_ros_common/share/isaac_ros_common/cmake/isaac_ros_commonConfig.cmake\n'}
[5.062377] (isaac_ros_common) StdoutLine: {'line': b'-- Installing: /workspaces/isaac_ros-dev/install/isaac_ros_common/share/isaac_ros_common/cmake/isaac_ros_commonConfig-version.cmake\n'}
[5.062508] (isaac_ros_common) StdoutLine: {'line': b'-- Installing: /workspaces/isaac_ros-dev/install/isaac_ros_common/share/isaac_ros_common/package.xml\n'}
[5.062582] (isaac_ros_common) CommandEnded: {'returncode': 0}
[5.112559] (-) TimerEvent: {}
[5.206523] (isaac_ros_common) JobEnded: {'identifier': 'isaac_ros_common', 'rc': 0}
[5.207494] (isaac_ros_apriltag_interfaces) JobStarted: {'identifier': 'isaac_ros_apriltag_interfaces'}
[5.212649] (-) TimerEvent: {}
[5.245061] (isaac_ros_bi3d_interfaces) JobStarted: {'identifier': 'isaac_ros_bi3d_interfaces'}
[5.283062] (isaac_ros_nitros_bridge_interfaces) JobStarted: {'identifier': 'isaac_ros_nitros_bridge_interfaces'}
[5.312843] (-) TimerEvent: {}
[5.321055] (isaac_ros_nova_interfaces) JobStarted: {'identifier': 'isaac_ros_nova_interfaces'}
[5.358934] (isaac_ros_pointcloud_interfaces) JobStarted: {'identifier': 'isaac_ros_pointcloud_interfaces'}
[5.406946] (isaac_ros_tensor_list_interfaces) JobStarted: {'identifier': 'isaac_ros_tensor_list_interfaces'}
[5.413049] (-) TimerEvent: {}
[5.447519] (isaac_ros_apriltag_interfaces) JobProgress: {'identifier': 'isaac_ros_apriltag_interfaces', 'progress': 'cmake'}
[5.447711] (isaac_ros_apriltag_interfaces) Command: {'cmd': ['/usr/bin/cmake', '/workspaces/isaac_ros-dev/isaac_ros_apriltag_interfaces', '-DCMAKE_INSTALL_PREFIX=/workspaces/isaac_ros-dev/install/isaac_ros_apriltag_interfaces'], 'cwd': '/workspaces/isaac_ros-dev/build/isaac_ros_apriltag_interfaces', 'env': OrderedDict([('DALI_BUILD', '5838886'), ('LIBRARY_PATH', '/usr/local/cuda/lib64/stubs:'), ('PYTHONWARNINGS', 'ignore:::setuptools.command.install,ignore:::setuptools.command.easy_install,ignore:::pkg_resources'), ('USER', 'bantalemak'), ('TF_ADJUST_SATURATION_FUSED', '1'), ('JAVA_TOOL_OPTIONS', '-Dfile.encoding=UTF8'), ('CUSOLVER_VERSION', '11.4.1.48'), ('HOSTNAME', 'bantalemak-Legion-5-15ACH6'), ('CUTENSOR_VERSION', '1.6.1.5'), ('SHLVL', '2'), ('LD_LIBRARY_PATH', '/workspaces/isaac_ros-dev/install/isaac_ros_common/lib:/opt/ros/humble/opt/rviz_ogre_vendor/lib:/opt/ros/humble/lib/x86_64-linux-gnu:/opt/ros/humble/lib:/opt/tritonserver/backends/onnxruntime:/usr/local/cuda/compat/lib:/usr/local/nvidia/lib:/usr/local/nvidia/lib64:/opt/tritonserver/lib'), ('HOME', '/home/admin'), ('NVIDIA_TRITON_SERVER_VERSION', '22.09'), ('CUDA_CACHE_DISABLE', '1'), ('ROS_PYTHON_VERSION', '3'), ('CCACHE_UMASK', '000'), ('USER_UID', '1000'), ('ENV', '/etc/shinit_v2'), ('RDMACORE_VERSION', '36.0'), ('NVJPEG_VERSION', '11.9.0.86'), ('NVIDIA_BUILD_ID', '44909143'), ('CUDA_VERSION', '11.8.0.062'), ('CUBLAS_VERSION', '11.11.3.6'), ('NSIGHT_SYSTEMS_VERSION', '2022.3.1.43'), ('ROS_DISTRO', 'humble'), ('OPAL_PREFIX', '/opt/hpcx/ompi'), ('NVIDIA_REQUIRE_CUDA', 'cuda>=9.0'), ('TRT_VERSION', '8.5.0.12'), ('GDRCOPY_VERSION', '2.3'), ('_', '/usr/bin/colcon'), ('ROS_VERSION', '2'), ('NVIDIA_DRIVER_CAPABILITIES', 'all'), ('POLYGRAPHY_VERSION', '0.38.0'), ('CURAND_VERSION', '10.3.0.86'), ('MOFED_VERSION', '5.4-rdmacore36.0'), ('USERNAME', 'admin'), ('TERM', 'xterm'), ('ROS_LOCALHOST_ONLY', '0'), ('QT_X11_NO_MITSHM', '1'), ('PATH', '/opt/ros/humble/bin:/usr/lib/ccache:/opt/tritonserver/bin:/usr/local/mpi/bin:/usr/local/nvidia/bin:/usr/local/cuda/bin:/usr/local/sbin:/usr/local/bin:/usr/sbin:/usr/bin:/sbin:/bin:/usr/local/ucx/bin:/opt/nvidia/tao'), ('FASTRTPS_DEFAULT_PROFILES_FILE', '/usr/local/share/middleware_profiles/rtps_udp_profile.xml'), ('CUDA_DRIVER_VERSION', '520.61.03'), ('_CUDA_COMPAT_STATUS', 'System has unsupported display driver / cuda driver combination (CUDA_ERROR_SYSTEM_DRIVER_MISMATCH) cuInit()=803'), ('DISPLAY', ':1'), ('NVIDIA_PRODUCT_NAME', 'Triton Server'), ('LANG', 'C.UTF-8'), ('RMW_IMPLEMENTATION', 'rmw_fastrtps_cpp'), ('NPP_VERSION', '11.8.0.86'), ('ROS_ROOT', '/opt/ros/humble'), ('CUFFT_VERSION', '10.9.0.58'), ('TF_ENABLE_WINOGRAD_NONFUSED', '1'), ('AMENT_PREFIX_PATH', '/workspaces/isaac_ros-dev/install/isaac_ros_common:/opt/ros/humble'), ('CUDNN_VERSION', '8.6.0.163'), ('NSIGHT_COMPUTE_VERSION', '2022.3.0.22'), ('DALI_VERSION', '1.17.0'), ('DEBIAN_FRONTEND', 'noninteractive'), ('SHELL', '/bin/bash'), ('DCGM_VERSION', '2.2.9'), ('OPENMPI_VERSION', '4.1.4'), ('TRTOSS_VERSION', ''), ('OMPI_MCA_coll_hcoll_enable', '0'), ('CUSPARSE_VERSION', '11.7.5.86'), ('TRITON_SERVER_GPU_ENABLED', '1'), ('TRITON_SERVER_VERSION', '2.26.0'), ('BASH_ENV', '/etc/bash.bashrc'), ('PWD', '/workspaces/isaac_ros-dev/build/isaac_ros_apriltag_interfaces'), ('LC_ALL', 'C.UTF-8'), ('PYTHONPATH', '/opt/ros/humble/lib/python3.8/site-packages'), ('_CUDA_COMPAT_PATH', '/usr/local/cuda/compat'), ('TRITON_SERVER_USER', 'triton-server'), ('TF_ADJUST_HUE_FUSED', '1'), ('NVIDIA_VISIBLE_DEVICES', 'all'), ('NCCL_VERSION', '2.15.1'), ('TZ', 'UTC'), ('USER_GID', '1000'), ('COLCON', '1'), ('OPENUCX_VERSION', '1.14.0'), ('HPCX_VERSION', '2.12.1a0'), ('SHARP_COLL_ENABLE_CUDA', '0'), ('TF_AUTOTUNE_THRESHOLD', '2'), ('CMAKE_PREFIX_PATH', '/workspaces/isaac_ros-dev/install/isaac_ros_common:/opt/ros/humble')]), 'shell': False}
[5.450956] (isaac_ros_bi3d_interfaces) JobProgress: {'identifier': 'isaac_ros_bi3d_interfaces', 'progress': 'cmake'}
[5.452495] (isaac_ros_bi3d_interfaces) Command: {'cmd': ['/usr/bin/cmake', '/workspaces/isaac_ros-dev/isaac_ros_bi3d_interfaces', '-DCMAKE_INSTALL_PREFIX=/workspaces/isaac_ros-dev/install/isaac_ros_bi3d_interfaces'], 'cwd': '/workspaces/isaac_ros-dev/build/isaac_ros_bi3d_interfaces', 'env': OrderedDict([('DALI_BUILD', '5838886'), ('LIBRARY_PATH', '/usr/local/cuda/lib64/stubs:'), ('PYTHONWARNINGS', 'ignore:::setuptools.command.install,ignore:::setuptools.command.easy_install,ignore:::pkg_resources'), ('USER', 'bantalemak'), ('TF_ADJUST_SATURATION_FUSED', '1'), ('JAVA_TOOL_OPTIONS', '-Dfile.encoding=UTF8'), ('CUSOLVER_VERSION', '11.4.1.48'), ('HOSTNAME', 'bantalemak-Legion-5-15ACH6'), ('CUTENSOR_VERSION', '1.6.1.5'), ('SHLVL', '2'), ('LD_LIBRARY_PATH', '/workspaces/isaac_ros-dev/install/isaac_ros_common/lib:/opt/ros/humble/opt/rviz_ogre_vendor/lib:/opt/ros/humble/lib/x86_64-linux-gnu:/opt/ros/humble/lib:/opt/tritonserver/backends/onnxruntime:/usr/local/cuda/compat/lib:/usr/local/nvidia/lib:/usr/local/nvidia/lib64:/opt/tritonserver/lib'), ('HOME', '/home/admin'), ('NVIDIA_TRITON_SERVER_VERSION', '22.09'), ('CUDA_CACHE_DISABLE', '1'), ('ROS_PYTHON_VERSION', '3'), ('CCACHE_UMASK', '000'), ('USER_UID', '1000'), ('ENV', '/etc/shinit_v2'), ('RDMACORE_VERSION', '36.0'), ('NVJPEG_VERSION', '11.9.0.86'), ('NVIDIA_BUILD_ID', '44909143'), ('CUDA_VERSION', '11.8.0.062'), ('CUBLAS_VERSION', '11.11.3.6'), ('NSIGHT_SYSTEMS_VERSION', '2022.3.1.43'), ('ROS_DISTRO', 'humble'), ('OPAL_PREFIX', '/opt/hpcx/ompi'), ('NVIDIA_REQUIRE_CUDA', 'cuda>=9.0'), ('TRT_VERSION', '8.5.0.12'), ('GDRCOPY_VERSION', '2.3'), ('_', '/usr/bin/colcon'), ('ROS_VERSION', '2'), ('NVIDIA_DRIVER_CAPABILITIES', 'all'), ('POLYGRAPHY_VERSION', '0.38.0'), ('CURAND_VERSION', '10.3.0.86'), ('MOFED_VERSION', '5.4-rdmacore36.0'), ('USERNAME', 'admin'), ('TERM', 'xterm'), ('ROS_LOCALHOST_ONLY', '0'), ('QT_X11_NO_MITSHM', '1'), ('PATH', '/opt/ros/humble/bin:/usr/lib/ccache:/opt/tritonserver/bin:/usr/local/mpi/bin:/usr/local/nvidia/bin:/usr/local/cuda/bin:/usr/local/sbin:/usr/local/bin:/usr/sbin:/usr/bin:/sbin:/bin:/usr/local/ucx/bin:/opt/nvidia/tao'), ('FASTRTPS_DEFAULT_PROFILES_FILE', '/usr/local/share/middleware_profiles/rtps_udp_profile.xml'), ('CUDA_DRIVER_VERSION', '520.61.03'), ('_CUDA_COMPAT_STATUS', 'System has unsupported display driver / cuda driver combination (CUDA_ERROR_SYSTEM_DRIVER_MISMATCH) cuInit()=803'), ('DISPLAY', ':1'), ('NVIDIA_PRODUCT_NAME', 'Triton Server'), ('LANG', 'C.UTF-8'), ('RMW_IMPLEMENTATION', 'rmw_fastrtps_cpp'), ('NPP_VERSION', '11.8.0.86'), ('ROS_ROOT', '/opt/ros/humble'), ('CUFFT_VERSION', '10.9.0.58'), ('TF_ENABLE_WINOGRAD_NONFUSED', '1'), ('AMENT_PREFIX_PATH', '/workspaces/isaac_ros-dev/install/isaac_ros_common:/opt/ros/humble'), ('CUDNN_VERSION', '8.6.0.163'), ('NSIGHT_COMPUTE_VERSION', '2022.3.0.22'), ('DALI_VERSION', '1.17.0'), ('DEBIAN_FRONTEND', 'noninteractive'), ('SHELL', '/bin/bash'), ('DCGM_VERSION', '2.2.9'), ('OPENMPI_VERSION', '4.1.4'), ('TRTOSS_VERSION', ''), ('OMPI_MCA_coll_hcoll_enable', '0'), ('CUSPARSE_VERSION', '11.7.5.86'), ('TRITON_SERVER_GPU_ENABLED', '1'), ('TRITON_SERVER_VERSION', '2.26.0'), ('BASH_ENV', '/etc/bash.bashrc'), ('PWD', '/workspaces/isaac_ros-dev/build/isaac_ros_bi3d_interfaces'), ('LC_ALL', 'C.UTF-8'), ('PYTHONPATH', '/opt/ros/humble/lib/python3.8/site-packages'), ('_CUDA_COMPAT_PATH', '/usr/local/cuda/compat'), ('TRITON_SERVER_USER', 'triton-server'), ('TF_ADJUST_HUE_FUSED', '1'), ('NVIDIA_VISIBLE_DEVICES', 'all'), ('NCCL_VERSION', '2.15.1'), ('TZ', 'UTC'), ('USER_GID', '1000'), ('COLCON', '1'), ('OPENUCX_VERSION', '1.14.0'), ('HPCX_VERSION', '2.12.1a0'), ('SHARP_COLL_ENABLE_CUDA', '0'), ('TF_AUTOTUNE_THRESHOLD', '2'), ('CMAKE_PREFIX_PATH', '/workspaces/isaac_ros-dev/install/isaac_ros_common:/opt/ros/humble')]), 'shell': False}
[5.456708] (isaac_ros_nitros_bridge_interfaces) JobProgress: {'identifier': 'isaac_ros_nitros_bridge_interfaces', 'progress': 'cmake'}
[5.456757] (isaac_ros_nitros_bridge_interfaces) Command: {'cmd': ['/usr/bin/cmake', '/workspaces/isaac_ros-dev/isaac_ros_nitros_bridge_interfaces', '-DCMAKE_INSTALL_PREFIX=/workspaces/isaac_ros-dev/install/isaac_ros_nitros_bridge_interfaces'], 'cwd': '/workspaces/isaac_ros-dev/build/isaac_ros_nitros_bridge_interfaces', 'env': OrderedDict([('DALI_BUILD', '5838886'), ('LIBRARY_PATH', '/usr/local/cuda/lib64/stubs:'), ('PYTHONWARNINGS', 'ignore:::setuptools.command.install,ignore:::setuptools.command.easy_install,ignore:::pkg_resources'), ('USER', 'bantalemak'), ('TF_ADJUST_SATURATION_FUSED', '1'), ('JAVA_TOOL_OPTIONS', '-Dfile.encoding=UTF8'), ('CUSOLVER_VERSION', '11.4.1.48'), ('HOSTNAME', 'bantalemak-Legion-5-15ACH6'), ('CUTENSOR_VERSION', '1.6.1.5'), ('SHLVL', '2'), ('LD_LIBRARY_PATH', '/workspaces/isaac_ros-dev/install/isaac_ros_common/lib:/opt/ros/humble/opt/rviz_ogre_vendor/lib:/opt/ros/humble/lib/x86_64-linux-gnu:/opt/ros/humble/lib:/opt/tritonserver/backends/onnxruntime:/usr/local/cuda/compat/lib:/usr/local/nvidia/lib:/usr/local/nvidia/lib64:/opt/tritonserver/lib'), ('HOME', '/home/admin'), ('NVIDIA_TRITON_SERVER_VERSION', '22.09'), ('CUDA_CACHE_DISABLE', '1'), ('ROS_PYTHON_VERSION', '3'), ('CCACHE_UMASK', '000'), ('USER_UID', '1000'), ('ENV', '/etc/shinit_v2'), ('RDMACORE_VERSION', '36.0'), ('NVJPEG_VERSION', '11.9.0.86'), ('NVIDIA_BUILD_ID', '44909143'), ('CUDA_VERSION', '11.8.0.062'), ('CUBLAS_VERSION', '11.11.3.6'), ('NSIGHT_SYSTEMS_VERSION', '2022.3.1.43'), ('ROS_DISTRO', 'humble'), ('OPAL_PREFIX', '/opt/hpcx/ompi'), ('NVIDIA_REQUIRE_CUDA', 'cuda>=9.0'), ('TRT_VERSION', '8.5.0.12'), ('GDRCOPY_VERSION', '2.3'), ('_', '/usr/bin/colcon'), ('ROS_VERSION', '2'), ('NVIDIA_DRIVER_CAPABILITIES', 'all'), ('POLYGRAPHY_VERSION', '0.38.0'), ('CURAND_VERSION', '10.3.0.86'), ('MOFED_VERSION', '5.4-rdmacore36.0'), ('USERNAME', 'admin'), ('TERM', 'xterm'), ('ROS_LOCALHOST_ONLY', '0'), ('QT_X11_NO_MITSHM', '1'), ('PATH', '/opt/ros/humble/bin:/usr/lib/ccache:/opt/tritonserver/bin:/usr/local/mpi/bin:/usr/local/nvidia/bin:/usr/local/cuda/bin:/usr/local/sbin:/usr/local/bin:/usr/sbin:/usr/bin:/sbin:/bin:/usr/local/ucx/bin:/opt/nvidia/tao'), ('FASTRTPS_DEFAULT_PROFILES_FILE', '/usr/local/share/middleware_profiles/rtps_udp_profile.xml'), ('CUDA_DRIVER_VERSION', '520.61.03'), ('_CUDA_COMPAT_STATUS', 'System has unsupported display driver / cuda driver combination (CUDA_ERROR_SYSTEM_DRIVER_MISMATCH) cuInit()=803'), ('DISPLAY', ':1'), ('NVIDIA_PRODUCT_NAME', 'Triton Server'), ('LANG', 'C.UTF-8'), ('RMW_IMPLEMENTATION', 'rmw_fastrtps_cpp'), ('NPP_VERSION', '11.8.0.86'), ('ROS_ROOT', '/opt/ros/humble'), ('CUFFT_VERSION', '10.9.0.58'), ('TF_ENABLE_WINOGRAD_NONFUSED', '1'), ('AMENT_PREFIX_PATH', '/workspaces/isaac_ros-dev/install/isaac_ros_common:/opt/ros/humble'), ('CUDNN_VERSION', '8.6.0.163'), ('NSIGHT_COMPUTE_VERSION', '2022.3.0.22'), ('DALI_VERSION', '1.17.0'), ('DEBIAN_FRONTEND', 'noninteractive'), ('SHELL', '/bin/bash'), ('DCGM_VERSION', '2.2.9'), ('OPENMPI_VERSION', '4.1.4'), ('TRTOSS_VERSION', ''), ('OMPI_MCA_coll_hcoll_enable', '0'), ('CUSPARSE_VERSION', '11.7.5.86'), ('TRITON_SERVER_GPU_ENABLED', '1'), ('TRITON_SERVER_VERSION', '2.26.0'), ('BASH_ENV', '/etc/bash.bashrc'), ('PWD', '/workspaces/isaac_ros-dev/build/isaac_ros_nitros_bridge_interfaces'), ('LC_ALL', 'C.UTF-8'), ('PYTHONPATH', '/opt/ros/humble/lib/python3.8/site-packages'), ('_CUDA_COMPAT_PATH', '/usr/local/cuda/compat'), ('TRITON_SERVER_USER', 'triton-server'), ('TF_ADJUST_HUE_FUSED', '1'), ('NVIDIA_VISIBLE_DEVICES', 'all'), ('NCCL_VERSION', '2.15.1'), ('TZ', 'UTC'), ('USER_GID', '1000'), ('COLCON', '1'), ('OPENUCX_VERSION', '1.14.0'), ('HPCX_VERSION', '2.12.1a0'), ('SHARP_COLL_ENABLE_CUDA', '0'), ('TF_AUTOTUNE_THRESHOLD', '2'), ('CMAKE_PREFIX_PATH', '/workspaces/isaac_ros-dev/install/isaac_ros_common:/opt/ros/humble')]), 'shell': False}
[5.460471] (isaac_ros_nova_interfaces) JobProgress: {'identifier': 'isaac_ros_nova_interfaces', 'progress': 'cmake'}
[5.460517] (isaac_ros_nova_interfaces) Command: {'cmd': ['/usr/bin/cmake', '/workspaces/isaac_ros-dev/isaac_ros_nova_interfaces', '-DCMAKE_INSTALL_PREFIX=/workspaces/isaac_ros-dev/install/isaac_ros_nova_interfaces'], 'cwd': '/workspaces/isaac_ros-dev/build/isaac_ros_nova_interfaces', 'env': OrderedDict([('DALI_BUILD', '5838886'), ('LIBRARY_PATH', '/usr/local/cuda/lib64/stubs:'), ('PYTHONWARNINGS', 'ignore:::setuptools.command.install,ignore:::setuptools.command.easy_install,ignore:::pkg_resources'), ('USER', 'bantalemak'), ('TF_ADJUST_SATURATION_FUSED', '1'), ('JAVA_TOOL_OPTIONS', '-Dfile.encoding=UTF8'), ('CUSOLVER_VERSION', '11.4.1.48'), ('HOSTNAME', 'bantalemak-Legion-5-15ACH6'), ('CUTENSOR_VERSION', '1.6.1.5'), ('SHLVL', '2'), ('LD_LIBRARY_PATH', '/workspaces/isaac_ros-dev/install/isaac_ros_common/lib:/opt/ros/humble/opt/rviz_ogre_vendor/lib:/opt/ros/humble/lib/x86_64-linux-gnu:/opt/ros/humble/lib:/opt/tritonserver/backends/onnxruntime:/usr/local/cuda/compat/lib:/usr/local/nvidia/lib:/usr/local/nvidia/lib64:/opt/tritonserver/lib'), ('HOME', '/home/admin'), ('NVIDIA_TRITON_SERVER_VERSION', '22.09'), ('CUDA_CACHE_DISABLE', '1'), ('ROS_PYTHON_VERSION', '3'), ('CCACHE_UMASK', '000'), ('USER_UID', '1000'), ('ENV', '/etc/shinit_v2'), ('RDMACORE_VERSION', '36.0'), ('NVJPEG_VERSION', '11.9.0.86'), ('NVIDIA_BUILD_ID', '44909143'), ('CUDA_VERSION', '11.8.0.062'), ('CUBLAS_VERSION', '11.11.3.6'), ('NSIGHT_SYSTEMS_VERSION', '2022.3.1.43'), ('ROS_DISTRO', 'humble'), ('OPAL_PREFIX', '/opt/hpcx/ompi'), ('NVIDIA_REQUIRE_CUDA', 'cuda>=9.0'), ('TRT_VERSION', '8.5.0.12'), ('GDRCOPY_VERSION', '2.3'), ('_', '/usr/bin/colcon'), ('ROS_VERSION', '2'), ('NVIDIA_DRIVER_CAPABILITIES', 'all'), ('POLYGRAPHY_VERSION', '0.38.0'), ('CURAND_VERSION', '10.3.0.86'), ('MOFED_VERSION', '5.4-rdmacore36.0'), ('USERNAME', 'admin'), ('TERM', 'xterm'), ('ROS_LOCALHOST_ONLY', '0'), ('QT_X11_NO_MITSHM', '1'), ('PATH', '/opt/ros/humble/bin:/usr/lib/ccache:/opt/tritonserver/bin:/usr/local/mpi/bin:/usr/local/nvidia/bin:/usr/local/cuda/bin:/usr/local/sbin:/usr/local/bin:/usr/sbin:/usr/bin:/sbin:/bin:/usr/local/ucx/bin:/opt/nvidia/tao'), ('FASTRTPS_DEFAULT_PROFILES_FILE', '/usr/local/share/middleware_profiles/rtps_udp_profile.xml'), ('CUDA_DRIVER_VERSION', '520.61.03'), ('_CUDA_COMPAT_STATUS', 'System has unsupported display driver / cuda driver combination (CUDA_ERROR_SYSTEM_DRIVER_MISMATCH) cuInit()=803'), ('DISPLAY', ':1'), ('NVIDIA_PRODUCT_NAME', 'Triton Server'), ('LANG', 'C.UTF-8'), ('RMW_IMPLEMENTATION', 'rmw_fastrtps_cpp'), ('NPP_VERSION', '11.8.0.86'), ('ROS_ROOT', '/opt/ros/humble'), ('CUFFT_VERSION', '10.9.0.58'), ('TF_ENABLE_WINOGRAD_NONFUSED', '1'), ('AMENT_PREFIX_PATH', '/workspaces/isaac_ros-dev/install/isaac_ros_common:/opt/ros/humble'), ('CUDNN_VERSION', '8.6.0.163'), ('NSIGHT_COMPUTE_VERSION', '2022.3.0.22'), ('DALI_VERSION', '1.17.0'), ('DEBIAN_FRONTEND', 'noninteractive'), ('SHELL', '/bin/bash'), ('DCGM_VERSION', '2.2.9'), ('OPENMPI_VERSION', '4.1.4'), ('TRTOSS_VERSION', ''), ('OMPI_MCA_coll_hcoll_enable', '0'), ('CUSPARSE_VERSION', '11.7.5.86'), ('TRITON_SERVER_GPU_ENABLED', '1'), ('TRITON_SERVER_VERSION', '2.26.0'), ('BASH_ENV', '/etc/bash.bashrc'), ('PWD', '/workspaces/isaac_ros-dev/build/isaac_ros_nova_interfaces'), ('LC_ALL', 'C.UTF-8'), ('PYTHONPATH', '/opt/ros/humble/lib/python3.8/site-packages'), ('_CUDA_COMPAT_PATH', '/usr/local/cuda/compat'), ('TRITON_SERVER_USER', 'triton-server'), ('TF_ADJUST_HUE_FUSED', '1'), ('NVIDIA_VISIBLE_DEVICES', 'all'), ('NCCL_VERSION', '2.15.1'), ('TZ', 'UTC'), ('USER_GID', '1000'), ('COLCON', '1'), ('OPENUCX_VERSION', '1.14.0'), ('HPCX_VERSION', '2.12.1a0'), ('SHARP_COLL_ENABLE_CUDA', '0'), ('TF_AUTOTUNE_THRESHOLD', '2'), ('CMAKE_PREFIX_PATH', '/workspaces/isaac_ros-dev/install/isaac_ros_common:/opt/ros/humble')]), 'shell': False}
[5.465357] (isaac_ros_pointcloud_interfaces) JobProgress: {'identifier': 'isaac_ros_pointcloud_interfaces', 'progress': 'cmake'}
[5.465404] (isaac_ros_pointcloud_interfaces) Command: {'cmd': ['/usr/bin/cmake', '/workspaces/isaac_ros-dev/isaac_ros_pointcloud_interfaces', '-DCMAKE_INSTALL_PREFIX=/workspaces/isaac_ros-dev/install/isaac_ros_pointcloud_interfaces'], 'cwd': '/workspaces/isaac_ros-dev/build/isaac_ros_pointcloud_interfaces', 'env': OrderedDict([('DALI_BUILD', '5838886'), ('LIBRARY_PATH', '/usr/local/cuda/lib64/stubs:'), ('PYTHONWARNINGS', 'ignore:::setuptools.command.install,ignore:::setuptools.command.easy_install,ignore:::pkg_resources'), ('USER', 'bantalemak'), ('TF_ADJUST_SATURATION_FUSED', '1'), ('JAVA_TOOL_OPTIONS', '-Dfile.encoding=UTF8'), ('CUSOLVER_VERSION', '11.4.1.48'), ('HOSTNAME', 'bantalemak-Legion-5-15ACH6'), ('CUTENSOR_VERSION', '1.6.1.5'), ('SHLVL', '2'), ('LD_LIBRARY_PATH', '/workspaces/isaac_ros-dev/install/isaac_ros_common/lib:/opt/ros/humble/opt/rviz_ogre_vendor/lib:/opt/ros/humble/lib/x86_64-linux-gnu:/opt/ros/humble/lib:/opt/tritonserver/backends/onnxruntime:/usr/local/cuda/compat/lib:/usr/local/nvidia/lib:/usr/local/nvidia/lib64:/opt/tritonserver/lib'), ('HOME', '/home/admin'), ('NVIDIA_TRITON_SERVER_VERSION', '22.09'), ('CUDA_CACHE_DISABLE', '1'), ('ROS_PYTHON_VERSION', '3'), ('CCACHE_UMASK', '000'), ('USER_UID', '1000'), ('ENV', '/etc/shinit_v2'), ('RDMACORE_VERSION', '36.0'), ('NVJPEG_VERSION', '11.9.0.86'), ('NVIDIA_BUILD_ID', '44909143'), ('CUDA_VERSION', '11.8.0.062'), ('CUBLAS_VERSION', '11.11.3.6'), ('NSIGHT_SYSTEMS_VERSION', '2022.3.1.43'), ('ROS_DISTRO', 'humble'), ('OPAL_PREFIX', '/opt/hpcx/ompi'), ('NVIDIA_REQUIRE_CUDA', 'cuda>=9.0'), ('TRT_VERSION', '8.5.0.12'), ('GDRCOPY_VERSION', '2.3'), ('_', '/usr/bin/colcon'), ('ROS_VERSION', '2'), ('NVIDIA_DRIVER_CAPABILITIES', 'all'), ('POLYGRAPHY_VERSION', '0.38.0'), ('CURAND_VERSION', '10.3.0.86'), ('MOFED_VERSION', '5.4-rdmacore36.0'), ('USERNAME', 'admin'), ('TERM', 'xterm'), ('ROS_LOCALHOST_ONLY', '0'), ('QT_X11_NO_MITSHM', '1'), ('PATH', '/opt/ros/humble/bin:/usr/lib/ccache:/opt/tritonserver/bin:/usr/local/mpi/bin:/usr/local/nvidia/bin:/usr/local/cuda/bin:/usr/local/sbin:/usr/local/bin:/usr/sbin:/usr/bin:/sbin:/bin:/usr/local/ucx/bin:/opt/nvidia/tao'), ('FASTRTPS_DEFAULT_PROFILES_FILE', '/usr/local/share/middleware_profiles/rtps_udp_profile.xml'), ('CUDA_DRIVER_VERSION', '520.61.03'), ('_CUDA_COMPAT_STATUS', 'System has unsupported display driver / cuda driver combination (CUDA_ERROR_SYSTEM_DRIVER_MISMATCH) cuInit()=803'), ('DISPLAY', ':1'), ('NVIDIA_PRODUCT_NAME', 'Triton Server'), ('LANG', 'C.UTF-8'), ('RMW_IMPLEMENTATION', 'rmw_fastrtps_cpp'), ('NPP_VERSION', '11.8.0.86'), ('ROS_ROOT', '/opt/ros/humble'), ('CUFFT_VERSION', '10.9.0.58'), ('TF_ENABLE_WINOGRAD_NONFUSED', '1'), ('AMENT_PREFIX_PATH', '/workspaces/isaac_ros-dev/install/isaac_ros_common:/opt/ros/humble'), ('CUDNN_VERSION', '8.6.0.163'), ('NSIGHT_COMPUTE_VERSION', '2022.3.0.22'), ('DALI_VERSION', '1.17.0'), ('DEBIAN_FRONTEND', 'noninteractive'), ('SHELL', '/bin/bash'), ('DCGM_VERSION', '2.2.9'), ('OPENMPI_VERSION', '4.1.4'), ('TRTOSS_VERSION', ''), ('OMPI_MCA_coll_hcoll_enable', '0'), ('CUSPARSE_VERSION', '11.7.5.86'), ('TRITON_SERVER_GPU_ENABLED', '1'), ('TRITON_SERVER_VERSION', '2.26.0'), ('BASH_ENV', '/etc/bash.bashrc'), ('PWD', '/workspaces/isaac_ros-dev/build/isaac_ros_pointcloud_interfaces'), ('LC_ALL', 'C.UTF-8'), ('PYTHONPATH', '/opt/ros/humble/lib/python3.8/site-packages'), ('_CUDA_COMPAT_PATH', '/usr/local/cuda/compat'), ('TRITON_SERVER_USER', 'triton-server'), ('TF_ADJUST_HUE_FUSED', '1'), ('NVIDIA_VISIBLE_DEVICES', 'all'), ('NCCL_VERSION', '2.15.1'), ('TZ', 'UTC'), ('USER_GID', '1000'), ('COLCON', '1'), ('OPENUCX_VERSION', '1.14.0'), ('HPCX_VERSION', '2.12.1a0'), ('SHARP_COLL_ENABLE_CUDA', '0'), ('TF_AUTOTUNE_THRESHOLD', '2'), ('CMAKE_PREFIX_PATH', '/workspaces/isaac_ros-dev/install/isaac_ros_common:/opt/ros/humble')]), 'shell': False}
[5.469290] (isaac_ros_tensor_list_interfaces) JobProgress: {'identifier': 'isaac_ros_tensor_list_interfaces', 'progress': 'cmake'}
[5.471397] (isaac_ros_tensor_list_interfaces) Command: {'cmd': ['/usr/bin/cmake', '/workspaces/isaac_ros-dev/isaac_ros_tensor_list_interfaces', '-DCMAKE_INSTALL_PREFIX=/workspaces/isaac_ros-dev/install/isaac_ros_tensor_list_interfaces'], 'cwd': '/workspaces/isaac_ros-dev/build/isaac_ros_tensor_list_interfaces', 'env': OrderedDict([('DALI_BUILD', '5838886'), ('LIBRARY_PATH', '/usr/local/cuda/lib64/stubs:'), ('PYTHONWARNINGS', 'ignore:::setuptools.command.install,ignore:::setuptools.command.easy_install,ignore:::pkg_resources'), ('USER', 'bantalemak'), ('TF_ADJUST_SATURATION_FUSED', '1'), ('JAVA_TOOL_OPTIONS', '-Dfile.encoding=UTF8'), ('CUSOLVER_VERSION', '11.4.1.48'), ('HOSTNAME', 'bantalemak-Legion-5-15ACH6'), ('CUTENSOR_VERSION', '1.6.1.5'), ('SHLVL', '2'), ('LD_LIBRARY_PATH', '/workspaces/isaac_ros-dev/install/isaac_ros_common/lib:/opt/ros/humble/opt/rviz_ogre_vendor/lib:/opt/ros/humble/lib/x86_64-linux-gnu:/opt/ros/humble/lib:/opt/tritonserver/backends/onnxruntime:/usr/local/cuda/compat/lib:/usr/local/nvidia/lib:/usr/local/nvidia/lib64:/opt/tritonserver/lib'), ('HOME', '/home/admin'), ('NVIDIA_TRITON_SERVER_VERSION', '22.09'), ('CUDA_CACHE_DISABLE', '1'), ('ROS_PYTHON_VERSION', '3'), ('CCACHE_UMASK', '000'), ('USER_UID', '1000'), ('ENV', '/etc/shinit_v2'), ('RDMACORE_VERSION', '36.0'), ('NVJPEG_VERSION', '11.9.0.86'), ('NVIDIA_BUILD_ID', '44909143'), ('CUDA_VERSION', '11.8.0.062'), ('CUBLAS_VERSION', '11.11.3.6'), ('NSIGHT_SYSTEMS_VERSION', '2022.3.1.43'), ('ROS_DISTRO', 'humble'), ('OPAL_PREFIX', '/opt/hpcx/ompi'), ('NVIDIA_REQUIRE_CUDA', 'cuda>=9.0'), ('TRT_VERSION', '8.5.0.12'), ('GDRCOPY_VERSION', '2.3'), ('_', '/usr/bin/colcon'), ('ROS_VERSION', '2'), ('NVIDIA_DRIVER_CAPABILITIES', 'all'), ('POLYGRAPHY_VERSION', '0.38.0'), ('CURAND_VERSION', '10.3.0.86'), ('MOFED_VERSION', '5.4-rdmacore36.0'), ('USERNAME', 'admin'), ('TERM', 'xterm'), ('ROS_LOCALHOST_ONLY', '0'), ('QT_X11_NO_MITSHM', '1'), ('PATH', '/opt/ros/humble/bin:/usr/lib/ccache:/opt/tritonserver/bin:/usr/local/mpi/bin:/usr/local/nvidia/bin:/usr/local/cuda/bin:/usr/local/sbin:/usr/local/bin:/usr/sbin:/usr/bin:/sbin:/bin:/usr/local/ucx/bin:/opt/nvidia/tao'), ('FASTRTPS_DEFAULT_PROFILES_FILE', '/usr/local/share/middleware_profiles/rtps_udp_profile.xml'), ('CUDA_DRIVER_VERSION', '520.61.03'), ('_CUDA_COMPAT_STATUS', 'System has unsupported display driver / cuda driver combination (CUDA_ERROR_SYSTEM_DRIVER_MISMATCH) cuInit()=803'), ('DISPLAY', ':1'), ('NVIDIA_PRODUCT_NAME', 'Triton Server'), ('LANG', 'C.UTF-8'), ('RMW_IMPLEMENTATION', 'rmw_fastrtps_cpp'), ('NPP_VERSION', '11.8.0.86'), ('ROS_ROOT', '/opt/ros/humble'), ('CUFFT_VERSION', '10.9.0.58'), ('TF_ENABLE_WINOGRAD_NONFUSED', '1'), ('AMENT_PREFIX_PATH', '/workspaces/isaac_ros-dev/install/isaac_ros_common:/opt/ros/humble'), ('CUDNN_VERSION', '8.6.0.163'), ('NSIGHT_COMPUTE_VERSION', '2022.3.0.22'), ('DALI_VERSION', '1.17.0'), ('DEBIAN_FRONTEND', 'noninteractive'), ('SHELL', '/bin/bash'), ('DCGM_VERSION', '2.2.9'), ('OPENMPI_VERSION', '4.1.4'), ('TRTOSS_VERSION', ''), ('OMPI_MCA_coll_hcoll_enable', '0'), ('CUSPARSE_VERSION', '11.7.5.86'), ('TRITON_SERVER_GPU_ENABLED', '1'), ('TRITON_SERVER_VERSION', '2.26.0'), ('BASH_ENV', '/etc/bash.bashrc'), ('PWD', '/workspaces/isaac_ros-dev/build/isaac_ros_tensor_list_interfaces'), ('LC_ALL', 'C.UTF-8'), ('PYTHONPATH', '/opt/ros/humble/lib/python3.8/site-packages'), ('_CUDA_COMPAT_PATH', '/usr/local/cuda/compat'), ('TRITON_SERVER_USER', 'triton-server'), ('TF_ADJUST_HUE_FUSED', '1'), ('NVIDIA_VISIBLE_DEVICES', 'all'), ('NCCL_VERSION', '2.15.1'), ('TZ', 'UTC'), ('USER_GID', '1000'), ('COLCON', '1'), ('OPENUCX_VERSION', '1.14.0'), ('HPCX_VERSION', '2.12.1a0'), ('SHARP_COLL_ENABLE_CUDA', '0'), ('TF_AUTOTUNE_THRESHOLD', '2'), ('CMAKE_PREFIX_PATH', '/workspaces/isaac_ros-dev/install/isaac_ros_common:/opt/ros/humble')]), 'shell': False}
[5.504490] (isaac_ros_apriltag_interfaces) StdoutLine: {'line': b'-- The C compiler identification is GNU 9.4.0\n'}
[5.504903] (isaac_ros_bi3d_interfaces) StdoutLine: {'line': b'-- The C compiler identification is GNU 9.4.0\n'}
[5.509784] (isaac_ros_nitros_bridge_interfaces) StdoutLine: {'line': b'-- The C compiler identification is GNU 9.4.0\n'}
[5.510804] (isaac_ros_nova_interfaces) StdoutLine: {'line': b'-- The C compiler identification is GNU 9.4.0\n'}
[5.513151] (-) TimerEvent: {}
[5.516011] (isaac_ros_pointcloud_interfaces) StdoutLine: {'line': b'-- The C compiler identification is GNU 9.4.0\n'}
[5.525573] (isaac_ros_tensor_list_interfaces) StdoutLine: {'line': b'-- The C compiler identification is GNU 9.4.0\n'}
[5.564135] (isaac_ros_bi3d_interfaces) StdoutLine: {'line': b'-- The CXX compiler identification is GNU 9.4.0\n'}
[5.564438] (isaac_ros_apriltag_interfaces) StdoutLine: {'line': b'-- The CXX compiler identification is GNU 9.4.0\n'}
[5.569347] (isaac_ros_nova_interfaces) StdoutLine: {'line': b'-- The CXX compiler identification is GNU 9.4.0\n'}
[5.569615] (isaac_ros_nitros_bridge_interfaces) StdoutLine: {'line': b'-- The CXX compiler identification is GNU 9.4.0\n'}
[5.575982] (isaac_ros_pointcloud_interfaces) StdoutLine: {'line': b'-- The CXX compiler identification is GNU 9.4.0\n'}
[5.586577] (isaac_ros_bi3d_interfaces) StdoutLine: {'line': b'-- Detecting C compiler ABI info\n'}
[5.587057] (isaac_ros_apriltag_interfaces) StdoutLine: {'line': b'-- Detecting C compiler ABI info\n'}
[5.587221] (isaac_ros_tensor_list_interfaces) StdoutLine: {'line': b'-- The CXX compiler identification is GNU 9.4.0\n'}
[5.590754] (isaac_ros_nova_interfaces) StdoutLine: {'line': b'-- Detecting C compiler ABI info\n'}
[5.591759] (isaac_ros_nitros_bridge_interfaces) StdoutLine: {'line': b'-- Detecting C compiler ABI info\n'}
[5.597601] (isaac_ros_pointcloud_interfaces) StdoutLine: {'line': b'-- Detecting C compiler ABI info\n'}
[5.609082] (isaac_ros_tensor_list_interfaces) StdoutLine: {'line': b'-- Detecting C compiler ABI info\n'}
[5.613267] (-) TimerEvent: {}
[5.647044] (isaac_ros_bi3d_interfaces) StdoutLine: {'line': b'-- Detecting C compiler ABI info - done\n'}
[5.648605] (isaac_ros_apriltag_interfaces) StdoutLine: {'line': b'-- Detecting C compiler ABI info - done\n'}
[5.649795] (isaac_ros_nova_interfaces) StdoutLine: {'line': b'-- Detecting C compiler ABI info - done\n'}
[5.650956] (isaac_ros_nitros_bridge_interfaces) StdoutLine: {'line': b'-- Detecting C compiler ABI info - done\n'}
[5.655372] (isaac_ros_bi3d_interfaces) StdoutLine: {'line': b'-- Check for working C compiler: /usr/lib/ccache/cc - skipped\n'}
[5.655597] (isaac_ros_bi3d_interfaces) StdoutLine: {'line': b'-- Detecting C compile features\n'}
[5.655969] (isaac_ros_bi3d_interfaces) StdoutLine: {'line': b'-- Detecting C compile features - done\n'}
[5.657860] (isaac_ros_nova_interfaces) StdoutLine: {'line': b'-- Check for working C compiler: /usr/lib/ccache/cc - skipped\n'}
[5.658084] (isaac_ros_nova_interfaces) StdoutLine: {'line': b'-- Detecting C compile features\n'}
[5.658235] (isaac_ros_pointcloud_interfaces) StdoutLine: {'line': b'-- Detecting C compiler ABI info - done\n'}
[5.658435] (isaac_ros_nova_interfaces) StdoutLine: {'line': b'-- Detecting C compile features - done\n'}
[5.658656] (isaac_ros_apriltag_interfaces) StdoutLine: {'line': b'-- Check for working C compiler: /usr/lib/ccache/cc - skipped\n'}
[5.658960] (isaac_ros_apriltag_interfaces) StdoutLine: {'line': b'-- Detecting C compile features\n'}
[5.659279] (isaac_ros_apriltag_interfaces) StdoutLine: {'line': b'-- Detecting C compile features - done\n'}
[5.659494] (isaac_ros_nitros_bridge_interfaces) StdoutLine: {'line': b'-- Check for working C compiler: /usr/lib/ccache/cc - skipped\n'}
[5.659783] (isaac_ros_nitros_bridge_interfaces) StdoutLine: {'line': b'-- Detecting C compile features\n'}
[5.660214] (isaac_ros_nitros_bridge_interfaces) StdoutLine: {'line': b'-- Detecting C compile features - done\n'}
[5.666782] (isaac_ros_pointcloud_interfaces) StdoutLine: {'line': b'-- Check for working C compiler: /usr/lib/ccache/cc - skipped\n'}
[5.667022] (isaac_ros_pointcloud_interfaces) StdoutLine: {'line': b'-- Detecting C compile features\n'}
[5.667365] (isaac_ros_pointcloud_interfaces) StdoutLine: {'line': b'-- Detecting C compile features - done\n'}
[5.670413] (isaac_ros_bi3d_interfaces) StdoutLine: {'line': b'-- Detecting CXX compiler ABI info\n'}
[5.671133] (isaac_ros_tensor_list_interfaces) StdoutLine: {'line': b'-- Detecting C compiler ABI info - done\n'}
[5.672558] (isaac_ros_nova_interfaces) StdoutLine: {'line': b'-- Detecting CXX compiler ABI info\n'}
[5.674007] (isaac_ros_apriltag_interfaces) StdoutLine: {'line': b'-- Detecting CXX compiler ABI info\n'}
[5.674167] (isaac_ros_nitros_bridge_interfaces) StdoutLine: {'line': b'-- Detecting CXX compiler ABI info\n'}
[5.680019] (isaac_ros_tensor_list_interfaces) StdoutLine: {'line': b'-- Check for working C compiler: /usr/lib/ccache/cc - skipped\n'}
[5.680240] (isaac_ros_tensor_list_interfaces) StdoutLine: {'line': b'-- Detecting C compile features\n'}
[5.680596] (isaac_ros_tensor_list_interfaces) StdoutLine: {'line': b'-- Detecting C compile features - done\n'}
[5.681379] (isaac_ros_pointcloud_interfaces) StdoutLine: {'line': b'-- Detecting CXX compiler ABI info\n'}
[5.694363] (isaac_ros_tensor_list_interfaces) StdoutLine: {'line': b'-- Detecting CXX compiler ABI info\n'}
[5.713392] (-) TimerEvent: {}
[5.740660] (isaac_ros_bi3d_interfaces) StdoutLine: {'line': b'-- Detecting CXX compiler ABI info - done\n'}
[5.741043] (isaac_ros_nova_interfaces) StdoutLine: {'line': b'-- Detecting CXX compiler ABI info - done\n'}
[5.742112] (isaac_ros_apriltag_interfaces) StdoutLine: {'line': b'-- Detecting CXX compiler ABI info - done\n'}
[5.743555] (isaac_ros_nitros_bridge_interfaces) StdoutLine: {'line': b'-- Detecting CXX compiler ABI info - done\n'}
[5.748942] (isaac_ros_bi3d_interfaces) StdoutLine: {'line': b'-- Check for working CXX compiler: /usr/lib/ccache/c++ - skipped\n'}
[5.749191] (isaac_ros_bi3d_interfaces) StdoutLine: {'line': b'-- Detecting CXX compile features\n'}
[5.749320] (isaac_ros_nova_interfaces) StdoutLine: {'line': b'-- Check for working CXX compiler: /usr/lib/ccache/c++ - skipped\n'}
[5.749569] (isaac_ros_nova_interfaces) StdoutLine: {'line': b'-- Detecting CXX compile features\n'}
[5.749671] (isaac_ros_bi3d_interfaces) StdoutLine: {'line': b'-- Detecting CXX compile features - done\n'}
[5.750007] (isaac_ros_nova_interfaces) StdoutLine: {'line': b'-- Detecting CXX compile features - done\n'}
[5.751146] (isaac_ros_apriltag_interfaces) StdoutLine: {'line': b'-- Check for working CXX compiler: /usr/lib/ccache/c++ - skipped\n'}
[5.751299] (isaac_ros_pointcloud_interfaces) StdoutLine: {'line': b'-- Detecting CXX compiler ABI info - done\n'}
[5.751427] (isaac_ros_apriltag_interfaces) StdoutLine: {'line': b'-- Detecting CXX compile features\n'}
[5.751829] (isaac_ros_apriltag_interfaces) StdoutLine: {'line': b'-- Detecting CXX compile features - done\n'}
[5.752560] (isaac_ros_bi3d_interfaces) StdoutLine: {'line': b'-- Found ament_cmake_auto: 1.3.5 (/opt/ros/humble/share/ament_cmake_auto/cmake)\n'}
[5.752681] (isaac_ros_nova_interfaces) StdoutLine: {'line': b'-- Found ament_cmake_auto: 1.3.5 (/opt/ros/humble/share/ament_cmake_auto/cmake)\n'}
[5.753942] (isaac_ros_nitros_bridge_interfaces) StdoutLine: {'line': b'-- Check for working CXX compiler: /usr/lib/ccache/c++ - skipped\n'}
[5.754200] (isaac_ros_nitros_bridge_interfaces) StdoutLine: {'line': b'-- Detecting CXX compile features\n'}
[5.754605] (isaac_ros_nitros_bridge_interfaces) StdoutLine: {'line': b'-- Detecting CXX compile features - done\n'}
[5.754736] (isaac_ros_apriltag_interfaces) StdoutLine: {'line': b'-- Found ament_cmake_auto: 1.3.5 (/opt/ros/humble/share/ament_cmake_auto/cmake)\n'}
[5.757466] (isaac_ros_nitros_bridge_interfaces) StdoutLine: {'line': b'-- Found ament_cmake_auto: 1.3.5 (/opt/ros/humble/share/ament_cmake_auto/cmake)\n'}
[5.759853] (isaac_ros_pointcloud_interfaces) StdoutLine: {'line': b'-- Check for working CXX compiler: /usr/lib/ccache/c++ - skipped\n'}
[5.760127] (isaac_ros_pointcloud_interfaces) StdoutLine: {'line': b'-- Detecting CXX compile features\n'}
[5.760541] (isaac_ros_pointcloud_interfaces) StdoutLine: {'line': b'-- Detecting CXX compile features - done\n'}
[5.762978] (isaac_ros_pointcloud_interfaces) StdoutLine: {'line': b'-- Found ament_cmake_auto: 1.3.5 (/opt/ros/humble/share/ament_cmake_auto/cmake)\n'}
[5.768349] (isaac_ros_tensor_list_interfaces) StdoutLine: {'line': b'-- Detecting CXX compiler ABI info - done\n'}
[5.776488] (isaac_ros_tensor_list_interfaces) StdoutLine: {'line': b'-- Check for working CXX compiler: /usr/lib/ccache/c++ - skipped\n'}
[5.776783] (isaac_ros_tensor_list_interfaces) StdoutLine: {'line': b'-- Detecting CXX compile features\n'}
[5.777240] (isaac_ros_tensor_list_interfaces) StdoutLine: {'line': b'-- Detecting CXX compile features - done\n'}
[5.780021] (isaac_ros_tensor_list_interfaces) StdoutLine: {'line': b'-- Found ament_cmake_auto: 1.3.5 (/opt/ros/humble/share/ament_cmake_auto/cmake)\n'}
[5.813503] (-) TimerEvent: {}
[5.913874] (-) TimerEvent: {}
[6.014215] (-) TimerEvent: {}
[6.020859] (isaac_ros_bi3d_interfaces) StdoutLine: {'line': b'-- Found Python3: /usr/bin/python3.8 (found version "3.8.10") found components: Interpreter \n'}
[6.022342] (isaac_ros_nova_interfaces) StdoutLine: {'line': b'-- Found Python3: /usr/bin/python3.8 (found version "3.8.10") found components: Interpreter \n'}
[6.025862] (isaac_ros_apriltag_interfaces) StdoutLine: {'line': b'-- Found Python3: /usr/bin/python3.8 (found version "3.8.10") found components: Interpreter \n'}
[6.033588] (isaac_ros_nitros_bridge_interfaces) StdoutLine: {'line': b'-- Found Python3: /usr/bin/python3.8 (found version "3.8.10") found components: Interpreter \n'}
[6.037261] (isaac_ros_pointcloud_interfaces) StdoutLine: {'line': b'-- Found Python3: /usr/bin/python3.8 (found version "3.8.10") found components: Interpreter \n'}
[6.055121] (isaac_ros_tensor_list_interfaces) StdoutLine: {'line': b'-- Found Python3: /usr/bin/python3.8 (found version "3.8.10") found components: Interpreter \n'}
[6.114322] (-) TimerEvent: {}
[6.162556] (isaac_ros_nova_interfaces) StdoutLine: {'line': b'-- Loading isaac_ros_common extras\n'}
[6.162760] (isaac_ros_nova_interfaces) StdoutLine: {'line': b'-- CMAKE_BUILD_TYPE: Release\n'}
[6.169852] (isaac_ros_apriltag_interfaces) StdoutLine: {'line': b'-- Loading isaac_ros_common extras\n'}
[6.170157] (isaac_ros_apriltag_interfaces) StdoutLine: {'line': b'-- CMAKE_BUILD_TYPE: Release\n'}
[6.171525] (isaac_ros_bi3d_interfaces) StdoutLine: {'line': b'-- Using all available rosidl_typesupport_c: rosidl_typesupport_fastrtps_c;rosidl_typesupport_introspection_c\n'}
[6.180626] (isaac_ros_nova_interfaces) StdoutLine: {'line': b'-- Performing Test CMAKE_HAVE_LIBC_PTHREAD\n'}
[6.180888] (isaac_ros_bi3d_interfaces) StdoutLine: {'line': b'-- Found rosidl_adapter: 3.1.5 (/opt/ros/humble/share/rosidl_adapter/cmake)\n'}
[6.181920] (isaac_ros_nitros_bridge_interfaces) StdoutLine: {'line': b'-- Using all available rosidl_typesupport_c: rosidl_typesupport_fastrtps_c;rosidl_typesupport_introspection_c\n'}
[6.187239] (isaac_ros_pointcloud_interfaces) StdoutLine: {'line': b'-- Using all available rosidl_typesupport_c: rosidl_typesupport_fastrtps_c;rosidl_typesupport_introspection_c\n'}
[6.190519] (isaac_ros_nitros_bridge_interfaces) StdoutLine: {'line': b'-- Found rosidl_adapter: 3.1.5 (/opt/ros/humble/share/rosidl_adapter/cmake)\n'}
[6.191268] (isaac_ros_apriltag_interfaces) StdoutLine: {'line': b'-- Performing Test CMAKE_HAVE_LIBC_PTHREAD\n'}
[6.194625] (isaac_ros_tensor_list_interfaces) StdoutLine: {'line': b'-- Loading isaac_ros_common extras\n'}
[6.194816] (isaac_ros_tensor_list_interfaces) StdoutLine: {'line': b'-- CMAKE_BUILD_TYPE: Release\n'}
[6.196025] (isaac_ros_pointcloud_interfaces) StdoutLine: {'line': b'-- Found rosidl_adapter: 3.1.5 (/opt/ros/humble/share/rosidl_adapter/cmake)\n'}
[6.212547] (isaac_ros_tensor_list_interfaces) StdoutLine: {'line': b'-- Performing Test CMAKE_HAVE_LIBC_PTHREAD\n'}
[6.214410] (-) TimerEvent: {}
[6.238364] (isaac_ros_bi3d_interfaces) StdoutLine: {'line': b'-- Using all available rosidl_typesupport_cpp: rosidl_typesupport_fastrtps_cpp;rosidl_typesupport_introspection_cpp\n'}
[6.244466] (isaac_ros_nitros_bridge_interfaces) StdoutLine: {'line': b'-- Using all available rosidl_typesupport_cpp: rosidl_typesupport_fastrtps_cpp;rosidl_typesupport_introspection_cpp\n'}
[6.249702] (isaac_ros_pointcloud_interfaces) StdoutLine: {'line': b'-- Using all available rosidl_typesupport_cpp: rosidl_typesupport_fastrtps_cpp;rosidl_typesupport_introspection_cpp\n'}
[6.268034] (isaac_ros_nova_interfaces) StdoutLine: {'line': b'-- Performing Test CMAKE_HAVE_LIBC_PTHREAD - Failed\n'}
[6.268271] (isaac_ros_nova_interfaces) StdoutLine: {'line': b'-- Looking for pthread_create in pthreads\n'}
[6.279005] (isaac_ros_apriltag_interfaces) StdoutLine: {'line': b'-- Performing Test CMAKE_HAVE_LIBC_PTHREAD - Failed\n'}
[6.279281] (isaac_ros_apriltag_interfaces) StdoutLine: {'line': b'-- Looking for pthread_create in pthreads\n'}
[6.280721] (isaac_ros_bi3d_interfaces) StdoutLine: {'line': b'-- Loading isaac_ros_common extras\n'}
[6.280923] (isaac_ros_bi3d_interfaces) StdoutLine: {'line': b'-- CMAKE_BUILD_TYPE: Release\n'}
[6.285639] (isaac_ros_nitros_bridge_interfaces) StdoutLine: {'line': b'-- Loading isaac_ros_common extras\n'}
[6.285836] (isaac_ros_nitros_bridge_interfaces) StdoutLine: {'line': b'-- CMAKE_BUILD_TYPE: Release\n'}
[6.290266] (isaac_ros_pointcloud_interfaces) StdoutLine: {'line': b'-- Loading isaac_ros_common extras\n'}
[6.290480] (isaac_ros_pointcloud_interfaces) StdoutLine: {'line': b'-- CMAKE_BUILD_TYPE: Release\n'}
[6.298222] (isaac_ros_bi3d_interfaces) StdoutLine: {'line': b'-- Performing Test CMAKE_HAVE_LIBC_PTHREAD\n'}
[6.303231] (isaac_ros_nitros_bridge_interfaces) StdoutLine: {'line': b'-- Performing Test CMAKE_HAVE_LIBC_PTHREAD\n'}
[6.306406] (isaac_ros_tensor_list_interfaces) StdoutLine: {'line': b'-- Performing Test CMAKE_HAVE_LIBC_PTHREAD - Failed\n'}
[6.306645] (isaac_ros_tensor_list_interfaces) StdoutLine: {'line': b'-- Looking for pthread_create in pthreads\n'}
[6.307515] (isaac_ros_pointcloud_interfaces) StdoutLine: {'line': b'-- Performing Test CMAKE_HAVE_LIBC_PTHREAD\n'}
[6.314541] (-) TimerEvent: {}
[6.334767] (isaac_ros_nova_interfaces) StdoutLine: {'line': b'-- Looking for pthread_create in pthreads - not found\n'}
[6.335076] (isaac_ros_nova_interfaces) StdoutLine: {'line': b'-- Looking for pthread_create in pthread\n'}
[6.346173] (isaac_ros_apriltag_interfaces) StdoutLine: {'line': b'-- Looking for pthread_create in pthreads - not found\n'}
[6.346409] (isaac_ros_apriltag_interfaces) StdoutLine: {'line': b'-- Looking for pthread_create in pthread\n'}
[6.371316] (isaac_ros_tensor_list_interfaces) StdoutLine: {'line': b'-- Looking for pthread_create in pthreads - not found\n'}
[6.371619] (isaac_ros_tensor_list_interfaces) StdoutLine: {'line': b'-- Looking for pthread_create in pthread\n'}
[6.382305] (isaac_ros_bi3d_interfaces) StdoutLine: {'line': b'-- Performing Test CMAKE_HAVE_LIBC_PTHREAD - Failed\n'}
[6.382532] (isaac_ros_bi3d_interfaces) StdoutLine: {'line': b'-- Looking for pthread_create in pthreads\n'}
[6.388589] (isaac_ros_nitros_bridge_interfaces) StdoutLine: {'line': b'-- Performing Test CMAKE_HAVE_LIBC_PTHREAD - Failed\n'}
[6.388860] (isaac_ros_nitros_bridge_interfaces) StdoutLine: {'line': b'-- Looking for pthread_create in pthreads\n'}
[6.391712] (isaac_ros_pointcloud_interfaces) StdoutLine: {'line': b'-- Performing Test CMAKE_HAVE_LIBC_PTHREAD - Failed\n'}
[6.391950] (isaac_ros_pointcloud_interfaces) StdoutLine: {'line': b'-- Looking for pthread_create in pthreads\n'}
[6.414172] (isaac_ros_nova_interfaces) StdoutLine: {'line': b'-- Looking for pthread_create in pthread - found\n'}
[6.414611] (-) TimerEvent: {}
[6.414905] (isaac_ros_nova_interfaces) StdoutLine: {'line': b'-- Found Threads: TRUE  \n'}
[6.422635] (isaac_ros_apriltag_interfaces) StdoutLine: {'line': b'-- Looking for pthread_create in pthread - found\n'}
[6.423348] (isaac_ros_apriltag_interfaces) StdoutLine: {'line': b'-- Found Threads: TRUE  \n'}
[6.437284] (isaac_ros_nova_interfaces) StdoutLine: {'line': b'-- Found CUDA: /usr/local/cuda (found version "11.8") \n'}
[6.438026] (isaac_ros_nova_interfaces) StdoutLine: {'line': b'-- Loading isaac_ros_common extras (modules)\n'}
[6.443882] (isaac_ros_apriltag_interfaces) StdoutLine: {'line': b'-- Found CUDA: /usr/local/cuda (found version "11.8") \n'}
[6.444533] (isaac_ros_apriltag_interfaces) StdoutLine: {'line': b'-- Loading isaac_ros_common extras (modules)\n'}
[6.450266] (isaac_ros_bi3d_interfaces) StdoutLine: {'line': b'-- Looking for pthread_create in pthreads - not found\n'}
[6.450529] (isaac_ros_tensor_list_interfaces) StdoutLine: {'line': b'-- Looking for pthread_create in pthread - found\n'}
[6.450645] (isaac_ros_bi3d_interfaces) StdoutLine: {'line': b'-- Looking for pthread_create in pthread\n'}
[6.451354] (isaac_ros_tensor_list_interfaces) StdoutLine: {'line': b'-- Found Threads: TRUE  \n'}
[6.455213] (isaac_ros_nitros_bridge_interfaces) StdoutLine: {'line': b'-- Looking for pthread_create in pthreads - not found\n'}
[6.455481] (isaac_ros_pointcloud_interfaces) StdoutLine: {'line': b'-- Looking for pthread_create in pthreads - not found\n'}
[6.455598] (isaac_ros_pointcloud_interfaces) StdoutLine: {'line': b'-- Looking for pthread_create in pthread\n'}
[6.455742] (isaac_ros_nitros_bridge_interfaces) StdoutLine: {'line': b'-- Looking for pthread_create in pthread\n'}
[6.473041] (isaac_ros_tensor_list_interfaces) StdoutLine: {'line': b'-- Found CUDA: /usr/local/cuda (found version "11.8") \n'}
[6.473674] (isaac_ros_tensor_list_interfaces) StdoutLine: {'line': b'-- Loading isaac_ros_common extras (modules)\n'}
[6.485879] (isaac_ros_nova_interfaces) StdoutLine: {'line': b'-- Found rosidl_generator_c: 3.1.5 (/opt/ros/humble/share/rosidl_generator_c/cmake)\n'}
[6.492131] (isaac_ros_nova_interfaces) StdoutLine: {'line': b'-- Found rosidl_adapter: 3.1.5 (/opt/ros/humble/share/rosidl_adapter/cmake)\n'}
[6.492374] (isaac_ros_apriltag_interfaces) StdoutLine: {'line': b'-- Found rosidl_generator_c: 3.1.5 (/opt/ros/humble/share/rosidl_generator_c/cmake)\n'}
[6.498719] (isaac_ros_apriltag_interfaces) StdoutLine: {'line': b'-- Found rosidl_adapter: 3.1.5 (/opt/ros/humble/share/rosidl_adapter/cmake)\n'}
[6.501719] (isaac_ros_nova_interfaces) StdoutLine: {'line': b'-- Found rosidl_generator_cpp: 3.1.5 (/opt/ros/humble/share/rosidl_generator_cpp/cmake)\n'}
[6.508500] (isaac_ros_apriltag_interfaces) StdoutLine: {'line': b'-- Found rosidl_generator_cpp: 3.1.5 (/opt/ros/humble/share/rosidl_generator_cpp/cmake)\n'}
[6.514731] (-) TimerEvent: {}
[6.516598] (isaac_ros_nova_interfaces) StdoutLine: {'line': b'-- Using all available rosidl_typesupport_c: rosidl_typesupport_fastrtps_c;rosidl_typesupport_introspection_c\n'}
[6.523271] (isaac_ros_tensor_list_interfaces) StdoutLine: {'line': b'-- Found rosidl_generator_c: 3.1.5 (/opt/ros/humble/share/rosidl_generator_c/cmake)\n'}
[6.523625] (isaac_ros_apriltag_interfaces) StdoutLine: {'line': b'-- Using all available rosidl_typesupport_c: rosidl_typesupport_fastrtps_c;rosidl_typesupport_introspection_c\n'}
[6.527922] (isaac_ros_bi3d_interfaces) StdoutLine: {'line': b'-- Looking for pthread_create in pthread - found\n'}
[6.528980] (isaac_ros_bi3d_interfaces) StdoutLine: {'line': b'-- Found Threads: TRUE  \n'}
[6.529112] (isaac_ros_pointcloud_interfaces) StdoutLine: {'line': b'-- Looking for pthread_create in pthread - found\n'}
[6.529896] (isaac_ros_pointcloud_interfaces) StdoutLine: {'line': b'-- Found Threads: TRUE  \n'}
[6.530051] (isaac_ros_tensor_list_interfaces) StdoutLine: {'line': b'-- Found rosidl_adapter: 3.1.5 (/opt/ros/humble/share/rosidl_adapter/cmake)\n'}
[6.530974] (isaac_ros_nitros_bridge_interfaces) StdoutLine: {'line': b'-- Looking for pthread_create in pthread - found\n'}
[6.531732] (isaac_ros_nitros_bridge_interfaces) StdoutLine: {'line': b'-- Found Threads: TRUE  \n'}
[6.537912] (isaac_ros_nova_interfaces) StdoutLine: {'line': b'-- Using all available rosidl_typesupport_cpp: rosidl_typesupport_fastrtps_cpp;rosidl_typesupport_introspection_cpp\n'}
[6.539531] (isaac_ros_tensor_list_interfaces) StdoutLine: {'line': b'-- Found rosidl_generator_cpp: 3.1.5 (/opt/ros/humble/share/rosidl_generator_cpp/cmake)\n'}
[6.540782] (isaac_ros_nitros_bridge_interfaces) StdoutLine: {'line': b'-- Found CUDA: /usr/local/cuda (found version "11.8") \n'}
[6.541625] (isaac_ros_nitros_bridge_interfaces) StdoutLine: {'line': b'-- Loading isaac_ros_common extras (modules)\n'}
[6.543417] (isaac_ros_bi3d_interfaces) StdoutLine: {'line': b'-- Found CUDA: /usr/local/cuda (found version "11.8") \n'}
[6.543533] (isaac_ros_pointcloud_interfaces) StdoutLine: {'line': b'-- Found CUDA: /usr/local/cuda (found version "11.8") \n'}
[6.544472] (isaac_ros_pointcloud_interfaces) StdoutLine: {'line': b'-- Loading isaac_ros_common extras (modules)\n'}
[6.544598] (isaac_ros_bi3d_interfaces) StdoutLine: {'line': b'-- Loading isaac_ros_common extras (modules)\n'}
[6.545682] (isaac_ros_apriltag_interfaces) StdoutLine: {'line': b'-- Using all available rosidl_typesupport_cpp: rosidl_typesupport_fastrtps_cpp;rosidl_typesupport_introspection_cpp\n'}
[6.556146] (isaac_ros_tensor_list_interfaces) StdoutLine: {'line': b'-- Using all available rosidl_typesupport_c: rosidl_typesupport_fastrtps_c;rosidl_typesupport_introspection_c\n'}
[6.576269] (isaac_ros_tensor_list_interfaces) StdoutLine: {'line': b'-- Using all available rosidl_typesupport_cpp: rosidl_typesupport_fastrtps_cpp;rosidl_typesupport_introspection_cpp\n'}
[6.608853] (isaac_ros_nova_interfaces) StdoutLine: {'line': b'-- Found rmw_implementation_cmake: 6.1.1 (/opt/ros/humble/share/rmw_implementation_cmake/cmake)\n'}
[6.612007] (isaac_ros_nova_interfaces) StdoutLine: {'line': b'-- Found rmw_fastrtps_cpp: 6.2.4 (/opt/ros/humble/share/rmw_fastrtps_cpp/cmake)\n'}
[6.614805] (-) TimerEvent: {}
[6.617289] (isaac_ros_apriltag_interfaces) StdoutLine: {'line': b'-- Found rmw_implementation_cmake: 6.1.1 (/opt/ros/humble/share/rmw_implementation_cmake/cmake)\n'}
[6.620544] (isaac_ros_apriltag_interfaces) StdoutLine: {'line': b'-- Found rmw_fastrtps_cpp: 6.2.4 (/opt/ros/humble/share/rmw_fastrtps_cpp/cmake)\n'}
[6.631188] (isaac_ros_nitros_bridge_interfaces) StdoutLine: {'line': b'-- Found rmw_implementation_cmake: 6.1.1 (/opt/ros/humble/share/rmw_implementation_cmake/cmake)\n'}
[6.631962] (isaac_ros_bi3d_interfaces) StdoutLine: {'line': b'-- Found rmw_implementation_cmake: 6.1.1 (/opt/ros/humble/share/rmw_implementation_cmake/cmake)\n'}
[6.632393] (isaac_ros_pointcloud_interfaces) StdoutLine: {'line': b'-- Found rmw_implementation_cmake: 6.1.1 (/opt/ros/humble/share/rmw_implementation_cmake/cmake)\n'}
[6.634485] (isaac_ros_nitros_bridge_interfaces) StdoutLine: {'line': b'-- Found rmw_fastrtps_cpp: 6.2.4 (/opt/ros/humble/share/rmw_fastrtps_cpp/cmake)\n'}
[6.635051] (isaac_ros_bi3d_interfaces) StdoutLine: {'line': b'-- Found rmw_fastrtps_cpp: 6.2.4 (/opt/ros/humble/share/rmw_fastrtps_cpp/cmake)\n'}
[6.635835] (isaac_ros_pointcloud_interfaces) StdoutLine: {'line': b'-- Found rmw_fastrtps_cpp: 6.2.4 (/opt/ros/humble/share/rmw_fastrtps_cpp/cmake)\n'}
[6.647521] (isaac_ros_tensor_list_interfaces) StdoutLine: {'line': b'-- Found rmw_implementation_cmake: 6.1.1 (/opt/ros/humble/share/rmw_implementation_cmake/cmake)\n'}
[6.650738] (isaac_ros_tensor_list_interfaces) StdoutLine: {'line': b'-- Found rmw_fastrtps_cpp: 6.2.4 (/opt/ros/humble/share/rmw_fastrtps_cpp/cmake)\n'}
[6.714888] (-) TimerEvent: {}
[6.762390] (isaac_ros_nova_interfaces) StdoutLine: {'line': b'-- Found OpenSSL: /usr/lib/x86_64-linux-gnu/libcrypto.so (found version "1.1.1f")  \n'}
[6.770655] (isaac_ros_apriltag_interfaces) StdoutLine: {'line': b'-- Found OpenSSL: /usr/lib/x86_64-linux-gnu/libcrypto.so (found version "1.1.1f")  \n'}
[6.783106] (isaac_ros_bi3d_interfaces) StdoutLine: {'line': b'-- Found OpenSSL: /usr/lib/x86_64-linux-gnu/libcrypto.so (found version "1.1.1f")  \n'}
[6.783373] (isaac_ros_pointcloud_interfaces) StdoutLine: {'line': b'-- Found OpenSSL: /usr/lib/x86_64-linux-gnu/libcrypto.so (found version "1.1.1f")  \n'}
[6.783535] (isaac_ros_nitros_bridge_interfaces) StdoutLine: {'line': b'-- Found OpenSSL: /usr/lib/x86_64-linux-gnu/libcrypto.so (found version "1.1.1f")  \n'}
[6.795729] (isaac_ros_tensor_list_interfaces) StdoutLine: {'line': b'-- Found OpenSSL: /usr/lib/x86_64-linux-gnu/libcrypto.so (found version "1.1.1f")  \n'}
[6.801314] (isaac_ros_nova_interfaces) StdoutLine: {'line': b'-- Found FastRTPS: /opt/ros/humble/include  \n'}
[6.804650] (isaac_ros_apriltag_interfaces) StdoutLine: {'line': b'-- Found FastRTPS: /opt/ros/humble/include  \n'}
[6.814995] (-) TimerEvent: {}
[6.819118] (isaac_ros_pointcloud_interfaces) StdoutLine: {'line': b'-- Found FastRTPS: /opt/ros/humble/include  \n'}
[6.819354] (isaac_ros_nitros_bridge_interfaces) StdoutLine: {'line': b'-- Found FastRTPS: /opt/ros/humble/include  \n'}
[6.820137] (isaac_ros_bi3d_interfaces) StdoutLine: {'line': b'-- Found FastRTPS: /opt/ros/humble/include  \n'}
[6.831843] (isaac_ros_tensor_list_interfaces) StdoutLine: {'line': b'-- Found FastRTPS: /opt/ros/humble/include  \n'}
[6.876237] (isaac_ros_nova_interfaces) StdoutLine: {'line': b"-- Using RMW implementation 'rmw_fastrtps_cpp' as default\n"}
[6.877333] (isaac_ros_apriltag_interfaces) StdoutLine: {'line': b"-- Using RMW implementation 'rmw_fastrtps_cpp' as default\n"}
[6.897306] (isaac_ros_pointcloud_interfaces) StdoutLine: {'line': b"-- Using RMW implementation 'rmw_fastrtps_cpp' as default\n"}
[6.897559] (isaac_ros_nitros_bridge_interfaces) StdoutLine: {'line': b"-- Using RMW implementation 'rmw_fastrtps_cpp' as default\n"}
[6.898669] (isaac_ros_bi3d_interfaces) StdoutLine: {'line': b"-- Using RMW implementation 'rmw_fastrtps_cpp' as default\n"}
[6.905422] (isaac_ros_tensor_list_interfaces) StdoutLine: {'line': b"-- Using RMW implementation 'rmw_fastrtps_cpp' as default\n"}
[6.915086] (-) TimerEvent: {}
[7.015404] (-) TimerEvent: {}
[7.115738] (-) TimerEvent: {}
[7.216097] (-) TimerEvent: {}
[7.316429] (-) TimerEvent: {}
[7.416780] (-) TimerEvent: {}
[7.517139] (-) TimerEvent: {}
[7.617483] (-) TimerEvent: {}
[7.627823] (isaac_ros_pointcloud_interfaces) StdoutLine: {'line': b'-- Found ament_cmake_ros: 0.10.0 (/opt/ros/humble/share/ament_cmake_ros/cmake)\n'}
[7.628084] (isaac_ros_bi3d_interfaces) StdoutLine: {'line': b'-- Found ament_cmake_ros: 0.10.0 (/opt/ros/humble/share/ament_cmake_ros/cmake)\n'}
[7.628193] (isaac_ros_nitros_bridge_interfaces) StdoutLine: {'line': b'-- Found ament_cmake_ros: 0.10.0 (/opt/ros/humble/share/ament_cmake_ros/cmake)\n'}
[7.631068] (isaac_ros_nova_interfaces) StdoutLine: {'line': b'-- Found ament_cmake_ros: 0.10.0 (/opt/ros/humble/share/ament_cmake_ros/cmake)\n'}
[7.642457] (isaac_ros_tensor_list_interfaces) StdoutLine: {'line': b'-- Found ament_cmake_ros: 0.10.0 (/opt/ros/humble/share/ament_cmake_ros/cmake)\n'}
[7.680388] (isaac_ros_apriltag_interfaces) StdoutLine: {'line': b'-- Found ament_cmake_ros: 0.10.0 (/opt/ros/humble/share/ament_cmake_ros/cmake)\n'}
[7.717603] (-) TimerEvent: {}
[7.817960] (-) TimerEvent: {}
[7.918281] (-) TimerEvent: {}
[8.018626] (-) TimerEvent: {}
[8.118994] (-) TimerEvent: {}
[8.219356] (-) TimerEvent: {}
[8.319710] (-) TimerEvent: {}
[8.420053] (-) TimerEvent: {}
[8.424982] (isaac_ros_nitros_bridge_interfaces) StdoutLine: {'line': b'-- Using all available rosidl_typesupport_c: rosidl_typesupport_fastrtps_c;rosidl_typesupport_introspection_c\n'}
[8.429182] (isaac_ros_bi3d_interfaces) StdoutLine: {'line': b'-- Using all available rosidl_typesupport_c: rosidl_typesupport_fastrtps_c;rosidl_typesupport_introspection_c\n'}
[8.433293] (isaac_ros_pointcloud_interfaces) StdoutLine: {'line': b'-- Using all available rosidl_typesupport_c: rosidl_typesupport_fastrtps_c;rosidl_typesupport_introspection_c\n'}
[8.520163] (-) TimerEvent: {}
[8.620522] (-) TimerEvent: {}
[8.720885] (-) TimerEvent: {}
[8.821274] (-) TimerEvent: {}
[8.921603] (-) TimerEvent: {}
[8.962894] (isaac_ros_nova_interfaces) StdoutLine: {'line': b'-- Using all available rosidl_typesupport_c: rosidl_typesupport_fastrtps_c;rosidl_typesupport_introspection_c\n'}
[8.969881] (isaac_ros_tensor_list_interfaces) StdoutLine: {'line': b'-- Using all available rosidl_typesupport_c: rosidl_typesupport_fastrtps_c;rosidl_typesupport_introspection_c\n'}
[9.021718] (-) TimerEvent: {}
[9.026127] (isaac_ros_apriltag_interfaces) StdoutLine: {'line': b'-- Using all available rosidl_typesupport_c: rosidl_typesupport_fastrtps_c;rosidl_typesupport_introspection_c\n'}
[9.121851] (-) TimerEvent: {}
[9.222205] (-) TimerEvent: {}
[9.322497] (-) TimerEvent: {}
[9.422883] (-) TimerEvent: {}
[9.490038] (isaac_ros_pointcloud_interfaces) StdoutLine: {'line': b'-- Using all available rosidl_typesupport_cpp: rosidl_typesupport_fastrtps_cpp;rosidl_typesupport_introspection_cpp\n'}
[9.490314] (isaac_ros_tensor_list_interfaces) StdoutLine: {'line': b'-- Using all available rosidl_typesupport_cpp: rosidl_typesupport_fastrtps_cpp;rosidl_typesupport_introspection_cpp\n'}
[9.490431] (isaac_ros_bi3d_interfaces) StdoutLine: {'line': b'-- Using all available rosidl_typesupport_cpp: rosidl_typesupport_fastrtps_cpp;rosidl_typesupport_introspection_cpp\n'}
[9.495908] (isaac_ros_nova_interfaces) StdoutLine: {'line': b'-- Using all available rosidl_typesupport_cpp: rosidl_typesupport_fastrtps_cpp;rosidl_typesupport_introspection_cpp\n'}
[9.496490] (isaac_ros_nitros_bridge_interfaces) StdoutLine: {'line': b'-- Using all available rosidl_typesupport_cpp: rosidl_typesupport_fastrtps_cpp;rosidl_typesupport_introspection_cpp\n'}
[9.520958] (isaac_ros_pointcloud_interfaces) StdoutLine: {'line': b'-- Found PythonInterp: /usr/bin/python3 (found suitable version "3.8.10", minimum required is "3.6") \n'}
[9.521265] (isaac_ros_bi3d_interfaces) StdoutLine: {'line': b'-- Found PythonInterp: /usr/bin/python3 (found suitable version "3.8.10", minimum required is "3.6") \n'}
[9.521433] (isaac_ros_tensor_list_interfaces) StdoutLine: {'line': b'-- Found PythonInterp: /usr/bin/python3 (found suitable version "3.8.10", minimum required is "3.6") \n'}
[9.521637] (isaac_ros_nova_interfaces) StdoutLine: {'line': b'-- Found PythonInterp: /usr/bin/python3 (found suitable version "3.8.10", minimum required is "3.6") \n'}
[9.522304] (isaac_ros_nitros_bridge_interfaces) StdoutLine: {'line': b'-- Found PythonInterp: /usr/bin/python3 (found suitable version "3.8.10", minimum required is "3.6") \n'}
[9.522948] (-) TimerEvent: {}
[9.523960] (isaac_ros_pointcloud_interfaces) StdoutLine: {'line': b'-- Found python_cmake_module: 0.10.0 (/opt/ros/humble/share/python_cmake_module/cmake)\n'}
[9.524136] (isaac_ros_tensor_list_interfaces) StdoutLine: {'line': b'-- Found python_cmake_module: 0.10.0 (/opt/ros/humble/share/python_cmake_module/cmake)\n'}
[9.524320] (isaac_ros_bi3d_interfaces) StdoutLine: {'line': b'-- Found python_cmake_module: 0.10.0 (/opt/ros/humble/share/python_cmake_module/cmake)\n'}
[9.524420] (isaac_ros_nova_interfaces) StdoutLine: {'line': b'-- Found python_cmake_module: 0.10.0 (/opt/ros/humble/share/python_cmake_module/cmake)\n'}
[9.524624] (isaac_ros_nitros_bridge_interfaces) StdoutLine: {'line': b'-- Found python_cmake_module: 0.10.0 (/opt/ros/humble/share/python_cmake_module/cmake)\n'}
[9.556890] (isaac_ros_nova_interfaces) StdoutLine: {'line': b'-- Found PythonLibs: /usr/lib/x86_64-linux-gnu/libpython3.8.so (found suitable version "3.8.10", minimum required is "3.5") \n'}
[9.557141] (isaac_ros_pointcloud_interfaces) StdoutLine: {'line': b'-- Found PythonLibs: /usr/lib/x86_64-linux-gnu/libpython3.8.so (found suitable version "3.8.10", minimum required is "3.5") \n'}
[9.557270] (isaac_ros_pointcloud_interfaces) StdoutLine: {'line': b'-- Using PYTHON_EXECUTABLE: /usr/bin/python3\n'}
[9.557364] (isaac_ros_pointcloud_interfaces) StdoutLine: {'line': b'-- Using PYTHON_INCLUDE_DIRS: /usr/include/python3.8\n'}
[9.557453] (isaac_ros_pointcloud_interfaces) StdoutLine: {'line': b'-- Using PYTHON_LIBRARIES: /usr/lib/x86_64-linux-gnu/libpython3.8.so\n'}
[9.557539] (isaac_ros_nova_interfaces) StdoutLine: {'line': b'-- Using PYTHON_EXECUTABLE: /usr/bin/python3\n'}
[9.557616] (isaac_ros_nova_interfaces) StdoutLine: {'line': b'-- Using PYTHON_INCLUDE_DIRS: /usr/include/python3.8\n'}
[9.557697] (isaac_ros_nova_interfaces) StdoutLine: {'line': b'-- Using PYTHON_LIBRARIES: /usr/lib/x86_64-linux-gnu/libpython3.8.so\n'}
[9.557861] (isaac_ros_bi3d_interfaces) StdoutLine: {'line': b'-- Found PythonLibs: /usr/lib/x86_64-linux-gnu/libpython3.8.so (found suitable version "3.8.10", minimum required is "3.5") \n'}
[9.557950] (isaac_ros_bi3d_interfaces) StdoutLine: {'line': b'-- Using PYTHON_EXECUTABLE: /usr/bin/python3\n'}
[9.558033] (isaac_ros_bi3d_interfaces) StdoutLine: {'line': b'-- Using PYTHON_INCLUDE_DIRS: /usr/include/python3.8\n'}
[9.558115] (isaac_ros_bi3d_interfaces) StdoutLine: {'line': b'-- Using PYTHON_LIBRARIES: /usr/lib/x86_64-linux-gnu/libpython3.8.so\n'}
[9.558185] (isaac_ros_tensor_list_interfaces) StdoutLine: {'line': b'-- Found PythonLibs: /usr/lib/x86_64-linux-gnu/libpython3.8.so (found suitable version "3.8.10", minimum required is "3.5") \n'}
[9.558270] (isaac_ros_nitros_bridge_interfaces) StdoutLine: {'line': b'-- Found PythonLibs: /usr/lib/x86_64-linux-gnu/libpython3.8.so (found suitable version "3.8.10", minimum required is "3.5") \n'}
[9.558356] (isaac_ros_nitros_bridge_interfaces) StdoutLine: {'line': b'-- Using PYTHON_EXECUTABLE: /usr/bin/python3\n'}
[9.558435] (isaac_ros_nitros_bridge_interfaces) StdoutLine: {'line': b'-- Using PYTHON_INCLUDE_DIRS: /usr/include/python3.8\n'}
[9.558525] (isaac_ros_nitros_bridge_interfaces) StdoutLine: {'line': b'-- Using PYTHON_LIBRARIES: /usr/lib/x86_64-linux-gnu/libpython3.8.so\n'}
[9.558611] (isaac_ros_tensor_list_interfaces) StdoutLine: {'line': b'-- Using PYTHON_EXECUTABLE: /usr/bin/python3\n'}
[9.558689] (isaac_ros_tensor_list_interfaces) StdoutLine: {'line': b'-- Using PYTHON_INCLUDE_DIRS: /usr/include/python3.8\n'}
[9.558798] (isaac_ros_tensor_list_interfaces) StdoutLine: {'line': b'-- Using PYTHON_LIBRARIES: /usr/lib/x86_64-linux-gnu/libpython3.8.so\n'}
[9.562830] (isaac_ros_apriltag_interfaces) StdoutLine: {'line': b'-- Using all available rosidl_typesupport_cpp: rosidl_typesupport_fastrtps_cpp;rosidl_typesupport_introspection_cpp\n'}
[9.581221] (isaac_ros_nitros_bridge_interfaces) StdoutLine: {'line': b'-- Found PythonExtra: .so  \n'}
[9.581512] (isaac_ros_tensor_list_interfaces) StdoutLine: {'line': b'-- Found PythonExtra: .so  \n'}
[9.581892] (isaac_ros_pointcloud_interfaces) StdoutLine: {'line': b'-- Found PythonExtra: .so  \n'}
[9.582149] (isaac_ros_nova_interfaces) StdoutLine: {'line': b'-- Found PythonExtra: .so  \n'}
[9.582299] (isaac_ros_bi3d_interfaces) StdoutLine: {'line': b'-- Found PythonExtra: .so  \n'}
[9.591252] (isaac_ros_apriltag_interfaces) StdoutLine: {'line': b'-- Found PythonInterp: /usr/bin/python3 (found suitable version "3.8.10", minimum required is "3.6") \n'}
[9.594433] (isaac_ros_apriltag_interfaces) StdoutLine: {'line': b'-- Found python_cmake_module: 0.10.0 (/opt/ros/humble/share/python_cmake_module/cmake)\n'}
[9.623071] (-) TimerEvent: {}
[9.624787] (isaac_ros_apriltag_interfaces) StdoutLine: {'line': b'-- Found PythonLibs: /usr/lib/x86_64-linux-gnu/libpython3.8.so (found suitable version "3.8.10", minimum required is "3.5") \n'}
[9.625038] (isaac_ros_apriltag_interfaces) StdoutLine: {'line': b'-- Using PYTHON_EXECUTABLE: /usr/bin/python3\n'}
[9.625129] (isaac_ros_apriltag_interfaces) StdoutLine: {'line': b'-- Using PYTHON_INCLUDE_DIRS: /usr/include/python3.8\n'}
[9.625211] (isaac_ros_apriltag_interfaces) StdoutLine: {'line': b'-- Using PYTHON_LIBRARIES: /usr/lib/x86_64-linux-gnu/libpython3.8.so\n'}
[9.633634] (isaac_ros_bi3d_interfaces) StdoutLine: {'line': b'-- Found ament_lint_auto: 0.12.8 (/opt/ros/humble/share/ament_lint_auto/cmake)\n'}
[9.633822] (isaac_ros_tensor_list_interfaces) StdoutLine: {'line': b'-- Found ament_lint_auto: 0.12.8 (/opt/ros/humble/share/ament_lint_auto/cmake)\n'}
[9.633965] (isaac_ros_pointcloud_interfaces) StdoutLine: {'line': b'-- Found ament_lint_auto: 0.12.8 (/opt/ros/humble/share/ament_lint_auto/cmake)\n'}
[9.634102] (isaac_ros_nova_interfaces) StdoutLine: {'line': b'-- Found ament_lint_auto: 0.12.8 (/opt/ros/humble/share/ament_lint_auto/cmake)\n'}
[9.636200] (isaac_ros_nitros_bridge_interfaces) StdoutLine: {'line': b'-- Found ament_lint_auto: 0.12.8 (/opt/ros/humble/share/ament_lint_auto/cmake)\n'}
[9.647713] (isaac_ros_apriltag_interfaces) StdoutLine: {'line': b'-- Found PythonExtra: .so  \n'}
[9.662758] (isaac_ros_pointcloud_interfaces) StdoutLine: {'line': b"-- Added test 'lint_cmake' to check CMake code style\n"}
[9.663286] (isaac_ros_nitros_bridge_interfaces) StdoutLine: {'line': b"-- Added test 'copyright' to check source files copyright and LICENSE\n"}
[9.663834] (isaac_ros_tensor_list_interfaces) StdoutLine: {'line': b"-- Added test 'copyright' to check source files copyright and LICENSE\n"}
[9.664051] (isaac_ros_pointcloud_interfaces) StdoutLine: {'line': b"-- Added test 'xmllint' to check XML markup files\n"}
[9.664162] (isaac_ros_bi3d_interfaces) StdoutLine: {'line': b"-- Added test 'copyright' to check source files copyright and LICENSE\n"}
[9.664726] (isaac_ros_nova_interfaces) StdoutLine: {'line': b"-- Added test 'copyright' to check source files copyright and LICENSE\n"}
[9.665110] (isaac_ros_nitros_bridge_interfaces) StdoutLine: {'line': b"-- Added test 'lint_cmake' to check CMake code style\n"}
[9.665518] (isaac_ros_bi3d_interfaces) StdoutLine: {'line': b"-- Added test 'lint_cmake' to check CMake code style\n"}
[9.665632] (isaac_ros_tensor_list_interfaces) StdoutLine: {'line': b"-- Added test 'lint_cmake' to check CMake code style\n"}
[9.666146] (isaac_ros_nitros_bridge_interfaces) StdoutLine: {'line': b"-- Added test 'xmllint' to check XML markup files\n"}
[9.666385] (isaac_ros_bi3d_interfaces) StdoutLine: {'line': b"-- Added test 'xmllint' to check XML markup files\n"}
[9.666537] (isaac_ros_tensor_list_interfaces) StdoutLine: {'line': b"-- Added test 'xmllint' to check XML markup files\n"}
[9.667042] (isaac_ros_nova_interfaces) StdoutLine: {'line': b"-- Added test 'lint_cmake' to check CMake code style\n"}
[9.668001] (isaac_ros_pointcloud_interfaces) StdoutLine: {'line': b'-- Configuring done (4.2s)\n'}
[9.668340] (isaac_ros_nova_interfaces) StdoutLine: {'line': b"-- Added test 'xmllint' to check XML markup files\n"}
[9.669066] (isaac_ros_bi3d_interfaces) StdoutLine: {'line': b'-- Configuring done (4.2s)\n'}
[9.669213] (isaac_ros_tensor_list_interfaces) StdoutLine: {'line': b'-- Configuring done (4.2s)\n'}
[9.669367] (isaac_ros_nitros_bridge_interfaces) StdoutLine: {'line': b'-- Configuring done (4.2s)\n'}
[9.671539] (isaac_ros_nova_interfaces) StdoutLine: {'line': b'-- Configuring done (4.2s)\n'}
[9.714095] (isaac_ros_nitros_bridge_interfaces) StdoutLine: {'line': b'-- Generating done (0.0s)\n'}
[9.714377] (isaac_ros_nova_interfaces) StdoutLine: {'line': b'-- Generating done (0.0s)\n'}
[9.714547] (isaac_ros_tensor_list_interfaces) StdoutLine: {'line': b'-- Generating done (0.0s)\n'}
[9.717113] (isaac_ros_pointcloud_interfaces) StdoutLine: {'line': b'-- Generating done (0.0s)\n'}
[9.717403] (isaac_ros_nova_interfaces) StdoutLine: {'line': b'-- Build files have been written to: /workspaces/isaac_ros-dev/build/isaac_ros_nova_interfaces\n'}
[9.717545] (isaac_ros_tensor_list_interfaces) StdoutLine: {'line': b'-- Build files have been written to: /workspaces/isaac_ros-dev/build/isaac_ros_tensor_list_interfaces\n'}
[9.717684] (isaac_ros_nitros_bridge_interfaces) StdoutLine: {'line': b'-- Build files have been written to: /workspaces/isaac_ros-dev/build/isaac_ros_nitros_bridge_interfaces\n'}
[9.721406] (isaac_ros_bi3d_interfaces) StdoutLine: {'line': b'-- Generating done (0.0s)\n'}
[9.722246] (isaac_ros_pointcloud_interfaces) StdoutLine: {'line': b'-- Build files have been written to: /workspaces/isaac_ros-dev/build/isaac_ros_pointcloud_interfaces\n'}
[9.722620] (isaac_ros_apriltag_interfaces) StdoutLine: {'line': b'-- Found ament_lint_auto: 0.12.8 (/opt/ros/humble/share/ament_lint_auto/cmake)\n'}
[9.723134] (-) TimerEvent: {}
[9.725692] (isaac_ros_bi3d_interfaces) StdoutLine: {'line': b'-- Build files have been written to: /workspaces/isaac_ros-dev/build/isaac_ros_bi3d_interfaces\n'}
[9.736775] (isaac_ros_nitros_bridge_interfaces) CommandEnded: {'returncode': 0}
[9.741069] (isaac_ros_nitros_bridge_interfaces) JobProgress: {'identifier': 'isaac_ros_nitros_bridge_interfaces', 'progress': 'build'}
[9.741122] (isaac_ros_nitros_bridge_interfaces) Command: {'cmd': ['/usr/bin/cmake', '--build', '/workspaces/isaac_ros-dev/build/isaac_ros_nitros_bridge_interfaces', '--', '-j12', '-l12'], 'cwd': '/workspaces/isaac_ros-dev/build/isaac_ros_nitros_bridge_interfaces', 'env': OrderedDict([('DALI_BUILD', '5838886'), ('LIBRARY_PATH', '/usr/local/cuda/lib64/stubs:'), ('PYTHONWARNINGS', 'ignore:::setuptools.command.install,ignore:::setuptools.command.easy_install,ignore:::pkg_resources'), ('USER', 'bantalemak'), ('TF_ADJUST_SATURATION_FUSED', '1'), ('JAVA_TOOL_OPTIONS', '-Dfile.encoding=UTF8'), ('CUSOLVER_VERSION', '11.4.1.48'), ('HOSTNAME', 'bantalemak-Legion-5-15ACH6'), ('CUTENSOR_VERSION', '1.6.1.5'), ('SHLVL', '2'), ('LD_LIBRARY_PATH', '/workspaces/isaac_ros-dev/install/isaac_ros_common/lib:/opt/ros/humble/opt/rviz_ogre_vendor/lib:/opt/ros/humble/lib/x86_64-linux-gnu:/opt/ros/humble/lib:/opt/tritonserver/backends/onnxruntime:/usr/local/cuda/compat/lib:/usr/local/nvidia/lib:/usr/local/nvidia/lib64:/opt/tritonserver/lib'), ('HOME', '/home/admin'), ('NVIDIA_TRITON_SERVER_VERSION', '22.09'), ('CUDA_CACHE_DISABLE', '1'), ('ROS_PYTHON_VERSION', '3'), ('CCACHE_UMASK', '000'), ('USER_UID', '1000'), ('ENV', '/etc/shinit_v2'), ('RDMACORE_VERSION', '36.0'), ('NVJPEG_VERSION', '11.9.0.86'), ('NVIDIA_BUILD_ID', '44909143'), ('CUDA_VERSION', '11.8.0.062'), ('CUBLAS_VERSION', '11.11.3.6'), ('NSIGHT_SYSTEMS_VERSION', '2022.3.1.43'), ('ROS_DISTRO', 'humble'), ('OPAL_PREFIX', '/opt/hpcx/ompi'), ('NVIDIA_REQUIRE_CUDA', 'cuda>=9.0'), ('TRT_VERSION', '8.5.0.12'), ('GDRCOPY_VERSION', '2.3'), ('_', '/usr/bin/colcon'), ('ROS_VERSION', '2'), ('NVIDIA_DRIVER_CAPABILITIES', 'all'), ('POLYGRAPHY_VERSION', '0.38.0'), ('CURAND_VERSION', '10.3.0.86'), ('MOFED_VERSION', '5.4-rdmacore36.0'), ('USERNAME', 'admin'), ('TERM', 'xterm'), ('ROS_LOCALHOST_ONLY', '0'), ('QT_X11_NO_MITSHM', '1'), ('PATH', '/opt/ros/humble/bin:/usr/lib/ccache:/opt/tritonserver/bin:/usr/local/mpi/bin:/usr/local/nvidia/bin:/usr/local/cuda/bin:/usr/local/sbin:/usr/local/bin:/usr/sbin:/usr/bin:/sbin:/bin:/usr/local/ucx/bin:/opt/nvidia/tao'), ('FASTRTPS_DEFAULT_PROFILES_FILE', '/usr/local/share/middleware_profiles/rtps_udp_profile.xml'), ('CUDA_DRIVER_VERSION', '520.61.03'), ('_CUDA_COMPAT_STATUS', 'System has unsupported display driver / cuda driver combination (CUDA_ERROR_SYSTEM_DRIVER_MISMATCH) cuInit()=803'), ('DISPLAY', ':1'), ('NVIDIA_PRODUCT_NAME', 'Triton Server'), ('LANG', 'C.UTF-8'), ('RMW_IMPLEMENTATION', 'rmw_fastrtps_cpp'), ('NPP_VERSION', '11.8.0.86'), ('ROS_ROOT', '/opt/ros/humble'), ('CUFFT_VERSION', '10.9.0.58'), ('TF_ENABLE_WINOGRAD_NONFUSED', '1'), ('AMENT_PREFIX_PATH', '/workspaces/isaac_ros-dev/install/isaac_ros_common:/opt/ros/humble'), ('CUDNN_VERSION', '8.6.0.163'), ('NSIGHT_COMPUTE_VERSION', '2022.3.0.22'), ('DALI_VERSION', '1.17.0'), ('DEBIAN_FRONTEND', 'noninteractive'), ('SHELL', '/bin/bash'), ('DCGM_VERSION', '2.2.9'), ('OPENMPI_VERSION', '4.1.4'), ('TRTOSS_VERSION', ''), ('OMPI_MCA_coll_hcoll_enable', '0'), ('CUSPARSE_VERSION', '11.7.5.86'), ('TRITON_SERVER_GPU_ENABLED', '1'), ('TRITON_SERVER_VERSION', '2.26.0'), ('BASH_ENV', '/etc/bash.bashrc'), ('PWD', '/workspaces/isaac_ros-dev/build/isaac_ros_nitros_bridge_interfaces'), ('LC_ALL', 'C.UTF-8'), ('PYTHONPATH', '/opt/ros/humble/lib/python3.8/site-packages'), ('_CUDA_COMPAT_PATH', '/usr/local/cuda/compat'), ('TRITON_SERVER_USER', 'triton-server'), ('TF_ADJUST_HUE_FUSED', '1'), ('NVIDIA_VISIBLE_DEVICES', 'all'), ('NCCL_VERSION', '2.15.1'), ('TZ', 'UTC'), ('USER_GID', '1000'), ('COLCON', '1'), ('OPENUCX_VERSION', '1.14.0'), ('HPCX_VERSION', '2.12.1a0'), ('SHARP_COLL_ENABLE_CUDA', '0'), ('TF_AUTOTUNE_THRESHOLD', '2'), ('CMAKE_PREFIX_PATH', '/workspaces/isaac_ros-dev/install/isaac_ros_common:/opt/ros/humble')]), 'shell': False}
[9.742908] (isaac_ros_nova_interfaces) CommandEnded: {'returncode': 0}
[9.743596] (isaac_ros_nova_interfaces) JobProgress: {'identifier': 'isaac_ros_nova_interfaces', 'progress': 'build'}
[9.745596] (isaac_ros_nova_interfaces) Command: {'cmd': ['/usr/bin/cmake', '--build', '/workspaces/isaac_ros-dev/build/isaac_ros_nova_interfaces', '--', '-j12', '-l12'], 'cwd': '/workspaces/isaac_ros-dev/build/isaac_ros_nova_interfaces', 'env': OrderedDict([('DALI_BUILD', '5838886'), ('LIBRARY_PATH', '/usr/local/cuda/lib64/stubs:'), ('PYTHONWARNINGS', 'ignore:::setuptools.command.install,ignore:::setuptools.command.easy_install,ignore:::pkg_resources'), ('USER', 'bantalemak'), ('TF_ADJUST_SATURATION_FUSED', '1'), ('JAVA_TOOL_OPTIONS', '-Dfile.encoding=UTF8'), ('CUSOLVER_VERSION', '11.4.1.48'), ('HOSTNAME', 'bantalemak-Legion-5-15ACH6'), ('CUTENSOR_VERSION', '1.6.1.5'), ('SHLVL', '2'), ('LD_LIBRARY_PATH', '/workspaces/isaac_ros-dev/install/isaac_ros_common/lib:/opt/ros/humble/opt/rviz_ogre_vendor/lib:/opt/ros/humble/lib/x86_64-linux-gnu:/opt/ros/humble/lib:/opt/tritonserver/backends/onnxruntime:/usr/local/cuda/compat/lib:/usr/local/nvidia/lib:/usr/local/nvidia/lib64:/opt/tritonserver/lib'), ('HOME', '/home/admin'), ('NVIDIA_TRITON_SERVER_VERSION', '22.09'), ('CUDA_CACHE_DISABLE', '1'), ('ROS_PYTHON_VERSION', '3'), ('CCACHE_UMASK', '000'), ('USER_UID', '1000'), ('ENV', '/etc/shinit_v2'), ('RDMACORE_VERSION', '36.0'), ('NVJPEG_VERSION', '11.9.0.86'), ('NVIDIA_BUILD_ID', '44909143'), ('CUDA_VERSION', '11.8.0.062'), ('CUBLAS_VERSION', '11.11.3.6'), ('NSIGHT_SYSTEMS_VERSION', '2022.3.1.43'), ('ROS_DISTRO', 'humble'), ('OPAL_PREFIX', '/opt/hpcx/ompi'), ('NVIDIA_REQUIRE_CUDA', 'cuda>=9.0'), ('TRT_VERSION', '8.5.0.12'), ('GDRCOPY_VERSION', '2.3'), ('_', '/usr/bin/colcon'), ('ROS_VERSION', '2'), ('NVIDIA_DRIVER_CAPABILITIES', 'all'), ('POLYGRAPHY_VERSION', '0.38.0'), ('CURAND_VERSION', '10.3.0.86'), ('MOFED_VERSION', '5.4-rdmacore36.0'), ('USERNAME', 'admin'), ('TERM', 'xterm'), ('ROS_LOCALHOST_ONLY', '0'), ('QT_X11_NO_MITSHM', '1'), ('PATH', '/opt/ros/humble/bin:/usr/lib/ccache:/opt/tritonserver/bin:/usr/local/mpi/bin:/usr/local/nvidia/bin:/usr/local/cuda/bin:/usr/local/sbin:/usr/local/bin:/usr/sbin:/usr/bin:/sbin:/bin:/usr/local/ucx/bin:/opt/nvidia/tao'), ('FASTRTPS_DEFAULT_PROFILES_FILE', '/usr/local/share/middleware_profiles/rtps_udp_profile.xml'), ('CUDA_DRIVER_VERSION', '520.61.03'), ('_CUDA_COMPAT_STATUS', 'System has unsupported display driver / cuda driver combination (CUDA_ERROR_SYSTEM_DRIVER_MISMATCH) cuInit()=803'), ('DISPLAY', ':1'), ('NVIDIA_PRODUCT_NAME', 'Triton Server'), ('LANG', 'C.UTF-8'), ('RMW_IMPLEMENTATION', 'rmw_fastrtps_cpp'), ('NPP_VERSION', '11.8.0.86'), ('ROS_ROOT', '/opt/ros/humble'), ('CUFFT_VERSION', '10.9.0.58'), ('TF_ENABLE_WINOGRAD_NONFUSED', '1'), ('AMENT_PREFIX_PATH', '/workspaces/isaac_ros-dev/install/isaac_ros_common:/opt/ros/humble'), ('CUDNN_VERSION', '8.6.0.163'), ('NSIGHT_COMPUTE_VERSION', '2022.3.0.22'), ('DALI_VERSION', '1.17.0'), ('DEBIAN_FRONTEND', 'noninteractive'), ('SHELL', '/bin/bash'), ('DCGM_VERSION', '2.2.9'), ('OPENMPI_VERSION', '4.1.4'), ('TRTOSS_VERSION', ''), ('OMPI_MCA_coll_hcoll_enable', '0'), ('CUSPARSE_VERSION', '11.7.5.86'), ('TRITON_SERVER_GPU_ENABLED', '1'), ('TRITON_SERVER_VERSION', '2.26.0'), ('BASH_ENV', '/etc/bash.bashrc'), ('PWD', '/workspaces/isaac_ros-dev/build/isaac_ros_nova_interfaces'), ('LC_ALL', 'C.UTF-8'), ('PYTHONPATH', '/opt/ros/humble/lib/python3.8/site-packages'), ('_CUDA_COMPAT_PATH', '/usr/local/cuda/compat'), ('TRITON_SERVER_USER', 'triton-server'), ('TF_ADJUST_HUE_FUSED', '1'), ('NVIDIA_VISIBLE_DEVICES', 'all'), ('NCCL_VERSION', '2.15.1'), ('TZ', 'UTC'), ('USER_GID', '1000'), ('COLCON', '1'), ('OPENUCX_VERSION', '1.14.0'), ('HPCX_VERSION', '2.12.1a0'), ('SHARP_COLL_ENABLE_CUDA', '0'), ('TF_AUTOTUNE_THRESHOLD', '2'), ('CMAKE_PREFIX_PATH', '/workspaces/isaac_ros-dev/install/isaac_ros_common:/opt/ros/humble')]), 'shell': False}
[9.747076] (isaac_ros_tensor_list_interfaces) CommandEnded: {'returncode': 0}
[9.747572] (isaac_ros_tensor_list_interfaces) JobProgress: {'identifier': 'isaac_ros_tensor_list_interfaces', 'progress': 'build'}
[9.749784] (isaac_ros_tensor_list_interfaces) Command: {'cmd': ['/usr/bin/cmake', '--build', '/workspaces/isaac_ros-dev/build/isaac_ros_tensor_list_interfaces', '--', '-j12', '-l12'], 'cwd': '/workspaces/isaac_ros-dev/build/isaac_ros_tensor_list_interfaces', 'env': OrderedDict([('DALI_BUILD', '5838886'), ('LIBRARY_PATH', '/usr/local/cuda/lib64/stubs:'), ('PYTHONWARNINGS', 'ignore:::setuptools.command.install,ignore:::setuptools.command.easy_install,ignore:::pkg_resources'), ('USER', 'bantalemak'), ('TF_ADJUST_SATURATION_FUSED', '1'), ('JAVA_TOOL_OPTIONS', '-Dfile.encoding=UTF8'), ('CUSOLVER_VERSION', '11.4.1.48'), ('HOSTNAME', 'bantalemak-Legion-5-15ACH6'), ('CUTENSOR_VERSION', '1.6.1.5'), ('SHLVL', '2'), ('LD_LIBRARY_PATH', '/workspaces/isaac_ros-dev/install/isaac_ros_common/lib:/opt/ros/humble/opt/rviz_ogre_vendor/lib:/opt/ros/humble/lib/x86_64-linux-gnu:/opt/ros/humble/lib:/opt/tritonserver/backends/onnxruntime:/usr/local/cuda/compat/lib:/usr/local/nvidia/lib:/usr/local/nvidia/lib64:/opt/tritonserver/lib'), ('HOME', '/home/admin'), ('NVIDIA_TRITON_SERVER_VERSION', '22.09'), ('CUDA_CACHE_DISABLE', '1'), ('ROS_PYTHON_VERSION', '3'), ('CCACHE_UMASK', '000'), ('USER_UID', '1000'), ('ENV', '/etc/shinit_v2'), ('RDMACORE_VERSION', '36.0'), ('NVJPEG_VERSION', '11.9.0.86'), ('NVIDIA_BUILD_ID', '44909143'), ('CUDA_VERSION', '11.8.0.062'), ('CUBLAS_VERSION', '11.11.3.6'), ('NSIGHT_SYSTEMS_VERSION', '2022.3.1.43'), ('ROS_DISTRO', 'humble'), ('OPAL_PREFIX', '/opt/hpcx/ompi'), ('NVIDIA_REQUIRE_CUDA', 'cuda>=9.0'), ('TRT_VERSION', '8.5.0.12'), ('GDRCOPY_VERSION', '2.3'), ('_', '/usr/bin/colcon'), ('ROS_VERSION', '2'), ('NVIDIA_DRIVER_CAPABILITIES', 'all'), ('POLYGRAPHY_VERSION', '0.38.0'), ('CURAND_VERSION', '10.3.0.86'), ('MOFED_VERSION', '5.4-rdmacore36.0'), ('USERNAME', 'admin'), ('TERM', 'xterm'), ('ROS_LOCALHOST_ONLY', '0'), ('QT_X11_NO_MITSHM', '1'), ('PATH', '/opt/ros/humble/bin:/usr/lib/ccache:/opt/tritonserver/bin:/usr/local/mpi/bin:/usr/local/nvidia/bin:/usr/local/cuda/bin:/usr/local/sbin:/usr/local/bin:/usr/sbin:/usr/bin:/sbin:/bin:/usr/local/ucx/bin:/opt/nvidia/tao'), ('FASTRTPS_DEFAULT_PROFILES_FILE', '/usr/local/share/middleware_profiles/rtps_udp_profile.xml'), ('CUDA_DRIVER_VERSION', '520.61.03'), ('_CUDA_COMPAT_STATUS', 'System has unsupported display driver / cuda driver combination (CUDA_ERROR_SYSTEM_DRIVER_MISMATCH) cuInit()=803'), ('DISPLAY', ':1'), ('NVIDIA_PRODUCT_NAME', 'Triton Server'), ('LANG', 'C.UTF-8'), ('RMW_IMPLEMENTATION', 'rmw_fastrtps_cpp'), ('NPP_VERSION', '11.8.0.86'), ('ROS_ROOT', '/opt/ros/humble'), ('CUFFT_VERSION', '10.9.0.58'), ('TF_ENABLE_WINOGRAD_NONFUSED', '1'), ('AMENT_PREFIX_PATH', '/workspaces/isaac_ros-dev/install/isaac_ros_common:/opt/ros/humble'), ('CUDNN_VERSION', '8.6.0.163'), ('NSIGHT_COMPUTE_VERSION', '2022.3.0.22'), ('DALI_VERSION', '1.17.0'), ('DEBIAN_FRONTEND', 'noninteractive'), ('SHELL', '/bin/bash'), ('DCGM_VERSION', '2.2.9'), ('OPENMPI_VERSION', '4.1.4'), ('TRTOSS_VERSION', ''), ('OMPI_MCA_coll_hcoll_enable', '0'), ('CUSPARSE_VERSION', '11.7.5.86'), ('TRITON_SERVER_GPU_ENABLED', '1'), ('TRITON_SERVER_VERSION', '2.26.0'), ('BASH_ENV', '/etc/bash.bashrc'), ('PWD', '/workspaces/isaac_ros-dev/build/isaac_ros_tensor_list_interfaces'), ('LC_ALL', 'C.UTF-8'), ('PYTHONPATH', '/opt/ros/humble/lib/python3.8/site-packages'), ('_CUDA_COMPAT_PATH', '/usr/local/cuda/compat'), ('TRITON_SERVER_USER', 'triton-server'), ('TF_ADJUST_HUE_FUSED', '1'), ('NVIDIA_VISIBLE_DEVICES', 'all'), ('NCCL_VERSION', '2.15.1'), ('TZ', 'UTC'), ('USER_GID', '1000'), ('COLCON', '1'), ('OPENUCX_VERSION', '1.14.0'), ('HPCX_VERSION', '2.12.1a0'), ('SHARP_COLL_ENABLE_CUDA', '0'), ('TF_AUTOTUNE_THRESHOLD', '2'), ('CMAKE_PREFIX_PATH', '/workspaces/isaac_ros-dev/install/isaac_ros_common:/opt/ros/humble')]), 'shell': False}
[9.751888] (isaac_ros_bi3d_interfaces) CommandEnded: {'returncode': 0}
[9.752840] (isaac_ros_bi3d_interfaces) JobProgress: {'identifier': 'isaac_ros_bi3d_interfaces', 'progress': 'build'}
[9.753007] (isaac_ros_apriltag_interfaces) StdoutLine: {'line': b"-- Added test 'copyright' to check source files copyright and LICENSE\n"}
[9.755557] (isaac_ros_bi3d_interfaces) Command: {'cmd': ['/usr/bin/cmake', '--build', '/workspaces/isaac_ros-dev/build/isaac_ros_bi3d_interfaces', '--', '-j12', '-l12'], 'cwd': '/workspaces/isaac_ros-dev/build/isaac_ros_bi3d_interfaces', 'env': OrderedDict([('DALI_BUILD', '5838886'), ('LIBRARY_PATH', '/usr/local/cuda/lib64/stubs:'), ('PYTHONWARNINGS', 'ignore:::setuptools.command.install,ignore:::setuptools.command.easy_install,ignore:::pkg_resources'), ('USER', 'bantalemak'), ('TF_ADJUST_SATURATION_FUSED', '1'), ('JAVA_TOOL_OPTIONS', '-Dfile.encoding=UTF8'), ('CUSOLVER_VERSION', '11.4.1.48'), ('HOSTNAME', 'bantalemak-Legion-5-15ACH6'), ('CUTENSOR_VERSION', '1.6.1.5'), ('SHLVL', '2'), ('LD_LIBRARY_PATH', '/workspaces/isaac_ros-dev/install/isaac_ros_common/lib:/opt/ros/humble/opt/rviz_ogre_vendor/lib:/opt/ros/humble/lib/x86_64-linux-gnu:/opt/ros/humble/lib:/opt/tritonserver/backends/onnxruntime:/usr/local/cuda/compat/lib:/usr/local/nvidia/lib:/usr/local/nvidia/lib64:/opt/tritonserver/lib'), ('HOME', '/home/admin'), ('NVIDIA_TRITON_SERVER_VERSION', '22.09'), ('CUDA_CACHE_DISABLE', '1'), ('ROS_PYTHON_VERSION', '3'), ('CCACHE_UMASK', '000'), ('USER_UID', '1000'), ('ENV', '/etc/shinit_v2'), ('RDMACORE_VERSION', '36.0'), ('NVJPEG_VERSION', '11.9.0.86'), ('NVIDIA_BUILD_ID', '44909143'), ('CUDA_VERSION', '11.8.0.062'), ('CUBLAS_VERSION', '11.11.3.6'), ('NSIGHT_SYSTEMS_VERSION', '2022.3.1.43'), ('ROS_DISTRO', 'humble'), ('OPAL_PREFIX', '/opt/hpcx/ompi'), ('NVIDIA_REQUIRE_CUDA', 'cuda>=9.0'), ('TRT_VERSION', '8.5.0.12'), ('GDRCOPY_VERSION', '2.3'), ('_', '/usr/bin/colcon'), ('ROS_VERSION', '2'), ('NVIDIA_DRIVER_CAPABILITIES', 'all'), ('POLYGRAPHY_VERSION', '0.38.0'), ('CURAND_VERSION', '10.3.0.86'), ('MOFED_VERSION', '5.4-rdmacore36.0'), ('USERNAME', 'admin'), ('TERM', 'xterm'), ('ROS_LOCALHOST_ONLY', '0'), ('QT_X11_NO_MITSHM', '1'), ('PATH', '/opt/ros/humble/bin:/usr/lib/ccache:/opt/tritonserver/bin:/usr/local/mpi/bin:/usr/local/nvidia/bin:/usr/local/cuda/bin:/usr/local/sbin:/usr/local/bin:/usr/sbin:/usr/bin:/sbin:/bin:/usr/local/ucx/bin:/opt/nvidia/tao'), ('FASTRTPS_DEFAULT_PROFILES_FILE', '/usr/local/share/middleware_profiles/rtps_udp_profile.xml'), ('CUDA_DRIVER_VERSION', '520.61.03'), ('_CUDA_COMPAT_STATUS', 'System has unsupported display driver / cuda driver combination (CUDA_ERROR_SYSTEM_DRIVER_MISMATCH) cuInit()=803'), ('DISPLAY', ':1'), ('NVIDIA_PRODUCT_NAME', 'Triton Server'), ('LANG', 'C.UTF-8'), ('RMW_IMPLEMENTATION', 'rmw_fastrtps_cpp'), ('NPP_VERSION', '11.8.0.86'), ('ROS_ROOT', '/opt/ros/humble'), ('CUFFT_VERSION', '10.9.0.58'), ('TF_ENABLE_WINOGRAD_NONFUSED', '1'), ('AMENT_PREFIX_PATH', '/workspaces/isaac_ros-dev/install/isaac_ros_common:/opt/ros/humble'), ('CUDNN_VERSION', '8.6.0.163'), ('NSIGHT_COMPUTE_VERSION', '2022.3.0.22'), ('DALI_VERSION', '1.17.0'), ('DEBIAN_FRONTEND', 'noninteractive'), ('SHELL', '/bin/bash'), ('DCGM_VERSION', '2.2.9'), ('OPENMPI_VERSION', '4.1.4'), ('TRTOSS_VERSION', ''), ('OMPI_MCA_coll_hcoll_enable', '0'), ('CUSPARSE_VERSION', '11.7.5.86'), ('TRITON_SERVER_GPU_ENABLED', '1'), ('TRITON_SERVER_VERSION', '2.26.0'), ('BASH_ENV', '/etc/bash.bashrc'), ('PWD', '/workspaces/isaac_ros-dev/build/isaac_ros_bi3d_interfaces'), ('LC_ALL', 'C.UTF-8'), ('PYTHONPATH', '/opt/ros/humble/lib/python3.8/site-packages'), ('_CUDA_COMPAT_PATH', '/usr/local/cuda/compat'), ('TRITON_SERVER_USER', 'triton-server'), ('TF_ADJUST_HUE_FUSED', '1'), ('NVIDIA_VISIBLE_DEVICES', 'all'), ('NCCL_VERSION', '2.15.1'), ('TZ', 'UTC'), ('USER_GID', '1000'), ('COLCON', '1'), ('OPENUCX_VERSION', '1.14.0'), ('HPCX_VERSION', '2.12.1a0'), ('SHARP_COLL_ENABLE_CUDA', '0'), ('TF_AUTOTUNE_THRESHOLD', '2'), ('CMAKE_PREFIX_PATH', '/workspaces/isaac_ros-dev/install/isaac_ros_common:/opt/ros/humble')]), 'shell': False}
[9.756537] (isaac_ros_apriltag_interfaces) StdoutLine: {'line': b"-- Added test 'lint_cmake' to check CMake code style\n"}
[9.757224] (isaac_ros_apriltag_interfaces) StdoutLine: {'line': b"-- Added test 'xmllint' to check XML markup files\n"}
[9.757351] (isaac_ros_pointcloud_interfaces) CommandEnded: {'returncode': 0}
[9.758112] (isaac_ros_pointcloud_interfaces) JobProgress: {'identifier': 'isaac_ros_pointcloud_interfaces', 'progress': 'build'}
[9.760950] (isaac_ros_pointcloud_interfaces) Command: {'cmd': ['/usr/bin/cmake', '--build', '/workspaces/isaac_ros-dev/build/isaac_ros_pointcloud_interfaces', '--', '-j12', '-l12'], 'cwd': '/workspaces/isaac_ros-dev/build/isaac_ros_pointcloud_interfaces', 'env': OrderedDict([('DALI_BUILD', '5838886'), ('LIBRARY_PATH', '/usr/local/cuda/lib64/stubs:'), ('PYTHONWARNINGS', 'ignore:::setuptools.command.install,ignore:::setuptools.command.easy_install,ignore:::pkg_resources'), ('USER', 'bantalemak'), ('TF_ADJUST_SATURATION_FUSED', '1'), ('JAVA_TOOL_OPTIONS', '-Dfile.encoding=UTF8'), ('CUSOLVER_VERSION', '11.4.1.48'), ('HOSTNAME', 'bantalemak-Legion-5-15ACH6'), ('CUTENSOR_VERSION', '1.6.1.5'), ('SHLVL', '2'), ('LD_LIBRARY_PATH', '/workspaces/isaac_ros-dev/install/isaac_ros_common/lib:/opt/ros/humble/opt/rviz_ogre_vendor/lib:/opt/ros/humble/lib/x86_64-linux-gnu:/opt/ros/humble/lib:/opt/tritonserver/backends/onnxruntime:/usr/local/cuda/compat/lib:/usr/local/nvidia/lib:/usr/local/nvidia/lib64:/opt/tritonserver/lib'), ('HOME', '/home/admin'), ('NVIDIA_TRITON_SERVER_VERSION', '22.09'), ('CUDA_CACHE_DISABLE', '1'), ('ROS_PYTHON_VERSION', '3'), ('CCACHE_UMASK', '000'), ('USER_UID', '1000'), ('ENV', '/etc/shinit_v2'), ('RDMACORE_VERSION', '36.0'), ('NVJPEG_VERSION', '11.9.0.86'), ('NVIDIA_BUILD_ID', '44909143'), ('CUDA_VERSION', '11.8.0.062'), ('CUBLAS_VERSION', '11.11.3.6'), ('NSIGHT_SYSTEMS_VERSION', '2022.3.1.43'), ('ROS_DISTRO', 'humble'), ('OPAL_PREFIX', '/opt/hpcx/ompi'), ('NVIDIA_REQUIRE_CUDA', 'cuda>=9.0'), ('TRT_VERSION', '8.5.0.12'), ('GDRCOPY_VERSION', '2.3'), ('_', '/usr/bin/colcon'), ('ROS_VERSION', '2'), ('NVIDIA_DRIVER_CAPABILITIES', 'all'), ('POLYGRAPHY_VERSION', '0.38.0'), ('CURAND_VERSION', '10.3.0.86'), ('MOFED_VERSION', '5.4-rdmacore36.0'), ('USERNAME', 'admin'), ('TERM', 'xterm'), ('ROS_LOCALHOST_ONLY', '0'), ('QT_X11_NO_MITSHM', '1'), ('PATH', '/opt/ros/humble/bin:/usr/lib/ccache:/opt/tritonserver/bin:/usr/local/mpi/bin:/usr/local/nvidia/bin:/usr/local/cuda/bin:/usr/local/sbin:/usr/local/bin:/usr/sbin:/usr/bin:/sbin:/bin:/usr/local/ucx/bin:/opt/nvidia/tao'), ('FASTRTPS_DEFAULT_PROFILES_FILE', '/usr/local/share/middleware_profiles/rtps_udp_profile.xml'), ('CUDA_DRIVER_VERSION', '520.61.03'), ('_CUDA_COMPAT_STATUS', 'System has unsupported display driver / cuda driver combination (CUDA_ERROR_SYSTEM_DRIVER_MISMATCH) cuInit()=803'), ('DISPLAY', ':1'), ('NVIDIA_PRODUCT_NAME', 'Triton Server'), ('LANG', 'C.UTF-8'), ('RMW_IMPLEMENTATION', 'rmw_fastrtps_cpp'), ('NPP_VERSION', '11.8.0.86'), ('ROS_ROOT', '/opt/ros/humble'), ('CUFFT_VERSION', '10.9.0.58'), ('TF_ENABLE_WINOGRAD_NONFUSED', '1'), ('AMENT_PREFIX_PATH', '/workspaces/isaac_ros-dev/install/isaac_ros_common:/opt/ros/humble'), ('CUDNN_VERSION', '8.6.0.163'), ('NSIGHT_COMPUTE_VERSION', '2022.3.0.22'), ('DALI_VERSION', '1.17.0'), ('DEBIAN_FRONTEND', 'noninteractive'), ('SHELL', '/bin/bash'), ('DCGM_VERSION', '2.2.9'), ('OPENMPI_VERSION', '4.1.4'), ('TRTOSS_VERSION', ''), ('OMPI_MCA_coll_hcoll_enable', '0'), ('CUSPARSE_VERSION', '11.7.5.86'), ('TRITON_SERVER_GPU_ENABLED', '1'), ('TRITON_SERVER_VERSION', '2.26.0'), ('BASH_ENV', '/etc/bash.bashrc'), ('PWD', '/workspaces/isaac_ros-dev/build/isaac_ros_pointcloud_interfaces'), ('LC_ALL', 'C.UTF-8'), ('PYTHONPATH', '/opt/ros/humble/lib/python3.8/site-packages'), ('_CUDA_COMPAT_PATH', '/usr/local/cuda/compat'), ('TRITON_SERVER_USER', 'triton-server'), ('TF_ADJUST_HUE_FUSED', '1'), ('NVIDIA_VISIBLE_DEVICES', 'all'), ('NCCL_VERSION', '2.15.1'), ('TZ', 'UTC'), ('USER_GID', '1000'), ('COLCON', '1'), ('OPENUCX_VERSION', '1.14.0'), ('HPCX_VERSION', '2.12.1a0'), ('SHARP_COLL_ENABLE_CUDA', '0'), ('TF_AUTOTUNE_THRESHOLD', '2'), ('CMAKE_PREFIX_PATH', '/workspaces/isaac_ros-dev/install/isaac_ros_common:/opt/ros/humble')]), 'shell': False}
[9.763195] (isaac_ros_apriltag_interfaces) StdoutLine: {'line': b'-- Configuring done (4.3s)\n'}
[9.768196] (isaac_ros_nitros_bridge_interfaces) StdoutLine: {'line': b'[  3%] \x1b[34m\x1b[1mGenerating C code for ROS interfaces\x1b[0m\n'}
[9.775175] (isaac_ros_nova_interfaces) StdoutLine: {'line': b'[  2%] \x1b[34m\x1b[1mGenerating C code for ROS interfaces\x1b[0m\n'}
[9.775606] (isaac_ros_nitros_bridge_interfaces) StdoutLine: {'line': b'[  6%] \x1b[34m\x1b[1mGenerating C++ code for ROS interfaces\x1b[0m\n'}
[9.778413] (isaac_ros_nitros_bridge_interfaces) StdoutLine: {'line': b'[  6%] Built target ament_cmake_python_copy_isaac_ros_nitros_bridge_interfaces\n'}
[9.780694] (isaac_ros_tensor_list_interfaces) StdoutLine: {'line': b'[  2%] \x1b[34m\x1b[1mGenerating C code for ROS interfaces\x1b[0m\n'}
[9.784843] (isaac_ros_nova_interfaces) StdoutLine: {'line': b'[  5%] \x1b[34m\x1b[1mGenerating C++ code for ROS interfaces\x1b[0m\n'}
[9.786983] (isaac_ros_bi3d_interfaces) StdoutLine: {'line': b'[  3%] \x1b[34m\x1b[1mGenerating C code for ROS interfaces\x1b[0m\n'}
[9.792476] (isaac_ros_tensor_list_interfaces) StdoutLine: {'line': b'[  4%] \x1b[34m\x1b[1mGenerating C++ code for ROS interfaces\x1b[0m\n'}
[9.797060] (isaac_ros_bi3d_interfaces) StdoutLine: {'line': b'[  6%] \x1b[34m\x1b[1mGenerating C++ code for ROS interfaces\x1b[0m\n'}
[9.798057] (isaac_ros_nova_interfaces) StdoutLine: {'line': b'[  5%] Built target ament_cmake_python_copy_isaac_ros_nova_interfaces\n'}
[9.803676] (isaac_ros_tensor_list_interfaces) StdoutLine: {'line': b'[  4%] Built target ament_cmake_python_copy_isaac_ros_tensor_list_interfaces\n'}
[9.807699] (isaac_ros_bi3d_interfaces) StdoutLine: {'line': b'[  6%] Built target ament_cmake_python_copy_isaac_ros_bi3d_interfaces\n'}
[9.813074] (isaac_ros_pointcloud_interfaces) StdoutLine: {'line': b'[  3%] \x1b[34m\x1b[1mGenerating C code for ROS interfaces\x1b[0m\n'}
[9.823283] (-) TimerEvent: {}
[9.832776] (isaac_ros_apriltag_interfaces) StdoutLine: {'line': b'-- Generating done (0.1s)\n'}
[9.833099] (isaac_ros_pointcloud_interfaces) StdoutLine: {'line': b'[  6%] \x1b[34m\x1b[1mGenerating C++ code for ROS interfaces\x1b[0m\n'}
[9.835956] (isaac_ros_apriltag_interfaces) StdoutLine: {'line': b'-- Build files have been written to: /workspaces/isaac_ros-dev/build/isaac_ros_apriltag_interfaces\n'}
[9.855649] (isaac_ros_pointcloud_interfaces) StdoutLine: {'line': b'[  6%] Built target ament_cmake_python_copy_isaac_ros_pointcloud_interfaces\n'}
[9.881113] (isaac_ros_apriltag_interfaces) CommandEnded: {'returncode': 0}
[9.882168] (isaac_ros_apriltag_interfaces) JobProgress: {'identifier': 'isaac_ros_apriltag_interfaces', 'progress': 'build'}
[9.882227] (isaac_ros_apriltag_interfaces) Command: {'cmd': ['/usr/bin/cmake', '--build', '/workspaces/isaac_ros-dev/build/isaac_ros_apriltag_interfaces', '--', '-j12', '-l12'], 'cwd': '/workspaces/isaac_ros-dev/build/isaac_ros_apriltag_interfaces', 'env': OrderedDict([('DALI_BUILD', '5838886'), ('LIBRARY_PATH', '/usr/local/cuda/lib64/stubs:'), ('PYTHONWARNINGS', 'ignore:::setuptools.command.install,ignore:::setuptools.command.easy_install,ignore:::pkg_resources'), ('USER', 'bantalemak'), ('TF_ADJUST_SATURATION_FUSED', '1'), ('JAVA_TOOL_OPTIONS', '-Dfile.encoding=UTF8'), ('CUSOLVER_VERSION', '11.4.1.48'), ('HOSTNAME', 'bantalemak-Legion-5-15ACH6'), ('CUTENSOR_VERSION', '1.6.1.5'), ('SHLVL', '2'), ('LD_LIBRARY_PATH', '/workspaces/isaac_ros-dev/install/isaac_ros_common/lib:/opt/ros/humble/opt/rviz_ogre_vendor/lib:/opt/ros/humble/lib/x86_64-linux-gnu:/opt/ros/humble/lib:/opt/tritonserver/backends/onnxruntime:/usr/local/cuda/compat/lib:/usr/local/nvidia/lib:/usr/local/nvidia/lib64:/opt/tritonserver/lib'), ('HOME', '/home/admin'), ('NVIDIA_TRITON_SERVER_VERSION', '22.09'), ('CUDA_CACHE_DISABLE', '1'), ('ROS_PYTHON_VERSION', '3'), ('CCACHE_UMASK', '000'), ('USER_UID', '1000'), ('ENV', '/etc/shinit_v2'), ('RDMACORE_VERSION', '36.0'), ('NVJPEG_VERSION', '11.9.0.86'), ('NVIDIA_BUILD_ID', '44909143'), ('CUDA_VERSION', '11.8.0.062'), ('CUBLAS_VERSION', '11.11.3.6'), ('NSIGHT_SYSTEMS_VERSION', '2022.3.1.43'), ('ROS_DISTRO', 'humble'), ('OPAL_PREFIX', '/opt/hpcx/ompi'), ('NVIDIA_REQUIRE_CUDA', 'cuda>=9.0'), ('TRT_VERSION', '8.5.0.12'), ('GDRCOPY_VERSION', '2.3'), ('_', '/usr/bin/colcon'), ('ROS_VERSION', '2'), ('NVIDIA_DRIVER_CAPABILITIES', 'all'), ('POLYGRAPHY_VERSION', '0.38.0'), ('CURAND_VERSION', '10.3.0.86'), ('MOFED_VERSION', '5.4-rdmacore36.0'), ('USERNAME', 'admin'), ('TERM', 'xterm'), ('ROS_LOCALHOST_ONLY', '0'), ('QT_X11_NO_MITSHM', '1'), ('PATH', '/opt/ros/humble/bin:/usr/lib/ccache:/opt/tritonserver/bin:/usr/local/mpi/bin:/usr/local/nvidia/bin:/usr/local/cuda/bin:/usr/local/sbin:/usr/local/bin:/usr/sbin:/usr/bin:/sbin:/bin:/usr/local/ucx/bin:/opt/nvidia/tao'), ('FASTRTPS_DEFAULT_PROFILES_FILE', '/usr/local/share/middleware_profiles/rtps_udp_profile.xml'), ('CUDA_DRIVER_VERSION', '520.61.03'), ('_CUDA_COMPAT_STATUS', 'System has unsupported display driver / cuda driver combination (CUDA_ERROR_SYSTEM_DRIVER_MISMATCH) cuInit()=803'), ('DISPLAY', ':1'), ('NVIDIA_PRODUCT_NAME', 'Triton Server'), ('LANG', 'C.UTF-8'), ('RMW_IMPLEMENTATION', 'rmw_fastrtps_cpp'), ('NPP_VERSION', '11.8.0.86'), ('ROS_ROOT', '/opt/ros/humble'), ('CUFFT_VERSION', '10.9.0.58'), ('TF_ENABLE_WINOGRAD_NONFUSED', '1'), ('AMENT_PREFIX_PATH', '/workspaces/isaac_ros-dev/install/isaac_ros_common:/opt/ros/humble'), ('CUDNN_VERSION', '8.6.0.163'), ('NSIGHT_COMPUTE_VERSION', '2022.3.0.22'), ('DALI_VERSION', '1.17.0'), ('DEBIAN_FRONTEND', 'noninteractive'), ('SHELL', '/bin/bash'), ('DCGM_VERSION', '2.2.9'), ('OPENMPI_VERSION', '4.1.4'), ('TRTOSS_VERSION', ''), ('OMPI_MCA_coll_hcoll_enable', '0'), ('CUSPARSE_VERSION', '11.7.5.86'), ('TRITON_SERVER_GPU_ENABLED', '1'), ('TRITON_SERVER_VERSION', '2.26.0'), ('BASH_ENV', '/etc/bash.bashrc'), ('PWD', '/workspaces/isaac_ros-dev/build/isaac_ros_apriltag_interfaces'), ('LC_ALL', 'C.UTF-8'), ('PYTHONPATH', '/opt/ros/humble/lib/python3.8/site-packages'), ('_CUDA_COMPAT_PATH', '/usr/local/cuda/compat'), ('TRITON_SERVER_USER', 'triton-server'), ('TF_ADJUST_HUE_FUSED', '1'), ('NVIDIA_VISIBLE_DEVICES', 'all'), ('NCCL_VERSION', '2.15.1'), ('TZ', 'UTC'), ('USER_GID', '1000'), ('COLCON', '1'), ('OPENUCX_VERSION', '1.14.0'), ('HPCX_VERSION', '2.12.1a0'), ('SHARP_COLL_ENABLE_CUDA', '0'), ('TF_AUTOTUNE_THRESHOLD', '2'), ('CMAKE_PREFIX_PATH', '/workspaces/isaac_ros-dev/install/isaac_ros_common:/opt/ros/humble')]), 'shell': False}
[9.923399] (-) TimerEvent: {}
[9.968273] (isaac_ros_apriltag_interfaces) StdoutLine: {'line': b'[  2%] \x1b[34m\x1b[1mGenerating C code for ROS interfaces\x1b[0m\n'}
[9.990261] (isaac_ros_apriltag_interfaces) StdoutLine: {'line': b'[  5%] \x1b[34m\x1b[1mGenerating C++ code for ROS interfaces\x1b[0m\n'}
[10.008637] (isaac_ros_apriltag_interfaces) StdoutLine: {'line': b'[  5%] Built target ament_cmake_python_copy_isaac_ros_apriltag_interfaces\n'}
[10.023508] (-) TimerEvent: {}
[10.123859] (-) TimerEvent: {}
[10.145206] (isaac_ros_tensor_list_interfaces) StdoutLine: {'line': b'running egg_info\n'}
[10.175483] (isaac_ros_tensor_list_interfaces) StdoutLine: {'line': b'creating isaac_ros_tensor_list_interfaces.egg-info\n'}
[10.175711] (isaac_ros_tensor_list_interfaces) StdoutLine: {'line': b'writing isaac_ros_tensor_list_interfaces.egg-info/PKG-INFO\n'}
[10.176837] (isaac_ros_tensor_list_interfaces) StdoutLine: {'line': b'writing dependency_links to isaac_ros_tensor_list_interfaces.egg-info/dependency_links.txt\n'}
[10.177004] (isaac_ros_tensor_list_interfaces) StdoutLine: {'line': b'writing top-level names to isaac_ros_tensor_list_interfaces.egg-info/top_level.txt\n'}
[10.177097] (isaac_ros_tensor_list_interfaces) StdoutLine: {'line': b"writing manifest file 'isaac_ros_tensor_list_interfaces.egg-info/SOURCES.txt'\n"}
[10.200922] (isaac_ros_nitros_bridge_interfaces) StdoutLine: {'line': b'running egg_info\n'}
[10.223910] (isaac_ros_nitros_bridge_interfaces) StdoutLine: {'line': b'[  6%] Built target isaac_ros_nitros_bridge_interfaces__cpp\n'}
[10.224132] (-) TimerEvent: {}
[10.228031] (isaac_ros_nitros_bridge_interfaces) StdoutLine: {'line': b'creating isaac_ros_nitros_bridge_interfaces.egg-info\n'}
[10.228366] (isaac_ros_nitros_bridge_interfaces) StdoutLine: {'line': b'writing isaac_ros_nitros_bridge_interfaces.egg-info/PKG-INFO\n'}
[10.228936] (isaac_ros_nitros_bridge_interfaces) StdoutLine: {'line': b'writing dependency_links to isaac_ros_nitros_bridge_interfaces.egg-info/dependency_links.txt\n'}
[10.229354] (isaac_ros_nitros_bridge_interfaces) StdoutLine: {'line': b'writing top-level names to isaac_ros_nitros_bridge_interfaces.egg-info/top_level.txt\n'}
[10.229573] (isaac_ros_nitros_bridge_interfaces) StdoutLine: {'line': b"writing manifest file 'isaac_ros_nitros_bridge_interfaces.egg-info/SOURCES.txt'\n"}
[10.243592] (isaac_ros_nitros_bridge_interfaces) StdoutLine: {'line': b'[  9%] \x1b[34m\x1b[1mGenerating C++ type support dispatch for ROS interfaces\x1b[0m\n'}
[10.246342] (isaac_ros_nitros_bridge_interfaces) StdoutLine: {'line': b'[ 12%] \x1b[34m\x1b[1mGenerating C++ type support for eProsima Fast-RTPS\x1b[0m\n'}
[10.249580] (isaac_ros_nitros_bridge_interfaces) StdoutLine: {'line': b'[ 16%] \x1b[34m\x1b[1mGenerating C++ introspection for ROS interfaces\x1b[0m\n'}
[10.255939] (isaac_ros_pointcloud_interfaces) StdoutLine: {'line': b'running egg_info\n'}
[10.258308] (isaac_ros_tensor_list_interfaces) StdoutLine: {'line': b"reading manifest file 'isaac_ros_tensor_list_interfaces.egg-info/SOURCES.txt'\n"}
[10.259578] (isaac_ros_tensor_list_interfaces) StdoutLine: {'line': b"writing manifest file 'isaac_ros_tensor_list_interfaces.egg-info/SOURCES.txt'\n"}
[10.273757] (isaac_ros_bi3d_interfaces) StdoutLine: {'line': b'running egg_info\n'}
[10.290036] (isaac_ros_pointcloud_interfaces) StdoutLine: {'line': b'creating isaac_ros_pointcloud_interfaces.egg-info\n'}
[10.290270] (isaac_ros_pointcloud_interfaces) StdoutLine: {'line': b'writing isaac_ros_pointcloud_interfaces.egg-info/PKG-INFO\n'}
[10.290373] (isaac_ros_pointcloud_interfaces) StdoutLine: {'line': b'writing dependency_links to isaac_ros_pointcloud_interfaces.egg-info/dependency_links.txt\n'}
[10.290557] (isaac_ros_pointcloud_interfaces) StdoutLine: {'line': b'writing top-level names to isaac_ros_pointcloud_interfaces.egg-info/top_level.txt\n'}
[10.290668] (isaac_ros_pointcloud_interfaces) StdoutLine: {'line': b"writing manifest file 'isaac_ros_pointcloud_interfaces.egg-info/SOURCES.txt'\n"}
[10.306986] (isaac_ros_bi3d_interfaces) StdoutLine: {'line': b'creating isaac_ros_bi3d_interfaces.egg-info\n'}
[10.307664] (isaac_ros_bi3d_interfaces) StdoutLine: {'line': b'writing isaac_ros_bi3d_interfaces.egg-info/PKG-INFO\n'}
[10.308494] (isaac_ros_bi3d_interfaces) StdoutLine: {'line': b'writing dependency_links to isaac_ros_bi3d_interfaces.egg-info/dependency_links.txt\n'}
[10.309317] (isaac_ros_bi3d_interfaces) StdoutLine: {'line': b'writing top-level names to isaac_ros_bi3d_interfaces.egg-info/top_level.txt\n'}
[10.311869] (isaac_ros_bi3d_interfaces) StdoutLine: {'line': b"writing manifest file 'isaac_ros_bi3d_interfaces.egg-info/SOURCES.txt'\n"}
[10.315561] (isaac_ros_bi3d_interfaces) StdoutLine: {'line': b'[  9%] \x1b[32mBuilding C object CMakeFiles/isaac_ros_bi3d_interfaces__rosidl_generator_c.dir/rosidl_generator_c/isaac_ros_bi3d_interfaces/msg/detail/bi3_d_inference_parameters_array__functions.c.o\x1b[0m\n'}
[10.324261] (-) TimerEvent: {}
[10.336722] (isaac_ros_nitros_bridge_interfaces) StdoutLine: {'line': b'[ 19%] \x1b[32mBuilding C object CMakeFiles/isaac_ros_nitros_bridge_interfaces__rosidl_generator_c.dir/rosidl_generator_c/isaac_ros_nitros_bridge_interfaces/msg/detail/nitros_bridge_image__functions.c.o\x1b[0m\n'}
[10.355255] (isaac_ros_tensor_list_interfaces) StdoutLine: {'line': b'[  4%] Built target ament_cmake_python_build_isaac_ros_tensor_list_interfaces_egg\n'}
[10.380951] (isaac_ros_nitros_bridge_interfaces) StdoutLine: {'line': b"reading manifest file 'isaac_ros_nitros_bridge_interfaces.egg-info/SOURCES.txt'\n"}
[10.381173] (isaac_ros_nitros_bridge_interfaces) StdoutLine: {'line': b"writing manifest file 'isaac_ros_nitros_bridge_interfaces.egg-info/SOURCES.txt'\n"}
[10.387944] (isaac_ros_bi3d_interfaces) StdoutLine: {'line': b'[  9%] Built target isaac_ros_bi3d_interfaces__cpp\n'}
[10.403028] (isaac_ros_bi3d_interfaces) StdoutLine: {'line': b'[ 12%] \x1b[34m\x1b[1mGenerating C++ type support dispatch for ROS interfaces\x1b[0m\n'}
[10.406665] (isaac_ros_bi3d_interfaces) StdoutLine: {'line': b'[ 16%] \x1b[34m\x1b[1mGenerating C++ type support for eProsima Fast-RTPS\x1b[0m\n'}
[10.417973] (isaac_ros_bi3d_interfaces) StdoutLine: {'line': b'[ 19%] \x1b[34m\x1b[1mGenerating C++ introspection for ROS interfaces\x1b[0m\n'}
[10.418648] (isaac_ros_nova_interfaces) StdoutLine: {'line': b'running egg_info\n'}
[10.424676] (-) TimerEvent: {}
[10.426856] (isaac_ros_bi3d_interfaces) StdoutLine: {'line': b"reading manifest file 'isaac_ros_bi3d_interfaces.egg-info/SOURCES.txt'\n"}
[10.430400] (isaac_ros_bi3d_interfaces) StdoutLine: {'line': b"writing manifest file 'isaac_ros_bi3d_interfaces.egg-info/SOURCES.txt'\n"}
[10.456905] (isaac_ros_pointcloud_interfaces) StdoutLine: {'line': b"reading manifest file 'isaac_ros_pointcloud_interfaces.egg-info/SOURCES.txt'\n"}
[10.459089] (isaac_ros_pointcloud_interfaces) StdoutLine: {'line': b"writing manifest file 'isaac_ros_pointcloud_interfaces.egg-info/SOURCES.txt'\n"}
[10.462476] (isaac_ros_tensor_list_interfaces) StdoutLine: {'line': b'[  4%] Built target isaac_ros_tensor_list_interfaces__cpp\n'}
[10.468870] (isaac_ros_nova_interfaces) StdoutLine: {'line': b'creating isaac_ros_nova_interfaces.egg-info\n'}
[10.469081] (isaac_ros_nova_interfaces) StdoutLine: {'line': b'writing isaac_ros_nova_interfaces.egg-info/PKG-INFO\n'}
[10.471986] (isaac_ros_nova_interfaces) StdoutLine: {'line': b'writing dependency_links to isaac_ros_nova_interfaces.egg-info/dependency_links.txt\n'}
[10.472516] (isaac_ros_nova_interfaces) StdoutLine: {'line': b'writing top-level names to isaac_ros_nova_interfaces.egg-info/top_level.txt\n'}
[10.477959] (isaac_ros_nova_interfaces) StdoutLine: {'line': b"writing manifest file 'isaac_ros_nova_interfaces.egg-info/SOURCES.txt'\n"}
[10.484323] (isaac_ros_tensor_list_interfaces) StdoutLine: {'line': b'[  6%] \x1b[34m\x1b[1mGenerating C++ type support for eProsima Fast-RTPS\x1b[0m\n'}
[10.491979] (isaac_ros_tensor_list_interfaces) StdoutLine: {'line': b'[  8%] \x1b[34m\x1b[1mGenerating C++ type support dispatch for ROS interfaces\x1b[0m\n'}
[10.493090] (isaac_ros_tensor_list_interfaces) StdoutLine: {'line': b'[ 10%] \x1b[34m\x1b[1mGenerating C++ introspection for ROS interfaces\x1b[0m\n'}
[10.493738] (isaac_ros_apriltag_interfaces) StdoutLine: {'line': b'running egg_info\n'}
[10.501874] (isaac_ros_nitros_bridge_interfaces) StdoutLine: {'line': b'[ 19%] Built target ament_cmake_python_build_isaac_ros_nitros_bridge_interfaces_egg\n'}
[10.527889] (-) TimerEvent: {}
[10.529000] (isaac_ros_apriltag_interfaces) StdoutLine: {'line': b'creating isaac_ros_apriltag_interfaces.egg-info\n'}
[10.529644] (isaac_ros_apriltag_interfaces) StdoutLine: {'line': b'writing isaac_ros_apriltag_interfaces.egg-info/PKG-INFO\n'}
[10.530880] (isaac_ros_apriltag_interfaces) StdoutLine: {'line': b'writing dependency_links to isaac_ros_apriltag_interfaces.egg-info/dependency_links.txt\n'}
[10.531276] (isaac_ros_apriltag_interfaces) StdoutLine: {'line': b'writing top-level names to isaac_ros_apriltag_interfaces.egg-info/top_level.txt\n'}
[10.531698] (isaac_ros_apriltag_interfaces) StdoutLine: {'line': b"writing manifest file 'isaac_ros_apriltag_interfaces.egg-info/SOURCES.txt'\n"}
[10.531927] (isaac_ros_pointcloud_interfaces) StdoutLine: {'line': b'[  9%] \x1b[32mBuilding C object CMakeFiles/isaac_ros_pointcloud_interfaces__rosidl_generator_c.dir/rosidl_generator_c/isaac_ros_pointcloud_interfaces/msg/detail/flat_scan__functions.c.o\x1b[0m\n'}
[10.557108] (isaac_ros_nova_interfaces) StdoutLine: {'line': b'[  7%] \x1b[32mBuilding C object CMakeFiles/isaac_ros_nova_interfaces__rosidl_generator_c.dir/rosidl_generator_c/isaac_ros_nova_interfaces/msg/detail/encoder_ticks__functions.c.o\x1b[0m\n'}
[10.557343] (isaac_ros_nova_interfaces) StdoutLine: {'line': b'[ 10%] \x1b[32mBuilding C object CMakeFiles/isaac_ros_nova_interfaces__rosidl_generator_c.dir/rosidl_generator_c/isaac_ros_nova_interfaces/msg/detail/correlated_timestamp__functions.c.o\x1b[0m\n'}
[10.580942] (isaac_ros_bi3d_interfaces) StdoutLine: {'line': b'[ 19%] Built target ament_cmake_python_build_isaac_ros_bi3d_interfaces_egg\n'}
[10.588428] (isaac_ros_nova_interfaces) StdoutLine: {'line': b'[ 10%] Built target isaac_ros_nova_interfaces__cpp\n'}
[10.588660] (isaac_ros_apriltag_interfaces) StdoutLine: {'line': b'[  7%] \x1b[32mBuilding C object CMakeFiles/isaac_ros_apriltag_interfaces__rosidl_generator_c.dir/rosidl_generator_c/isaac_ros_apriltag_interfaces/msg/detail/april_tag_detection_array__functions.c.o\x1b[0m\n'}
[10.588759] (isaac_ros_apriltag_interfaces) StdoutLine: {'line': b'[ 10%] \x1b[32mBuilding C object CMakeFiles/isaac_ros_apriltag_interfaces__rosidl_generator_c.dir/rosidl_generator_c/isaac_ros_apriltag_interfaces/msg/detail/april_tag_detection__functions.c.o\x1b[0m\n'}
[10.607702] (isaac_ros_nova_interfaces) StdoutLine: {'line': b'[ 12%] \x1b[34m\x1b[1mGenerating C++ type support dispatch for ROS interfaces\x1b[0m\n'}
[10.613248] (isaac_ros_nova_interfaces) StdoutLine: {'line': b'[ 15%] \x1b[34m\x1b[1mGenerating C++ type support for eProsima Fast-RTPS\x1b[0m\n'}
[10.614783] (isaac_ros_pointcloud_interfaces) StdoutLine: {'line': b'[  9%] Built target ament_cmake_python_build_isaac_ros_pointcloud_interfaces_egg\n'}
[10.621883] (isaac_ros_nova_interfaces) StdoutLine: {'line': b'[ 17%] \x1b[34m\x1b[1mGenerating C++ introspection for ROS interfaces\x1b[0m\n'}
[10.627996] (-) TimerEvent: {}
[10.662218] (isaac_ros_apriltag_interfaces) StdoutLine: {'line': b"reading manifest file 'isaac_ros_apriltag_interfaces.egg-info/SOURCES.txt'\n"}
[10.669694] (isaac_ros_apriltag_interfaces) StdoutLine: {'line': b"writing manifest file 'isaac_ros_apriltag_interfaces.egg-info/SOURCES.txt'\n"}
[10.675944] (isaac_ros_tensor_list_interfaces) StdoutLine: {'line': b'[ 12%] \x1b[32mBuilding C object CMakeFiles/isaac_ros_tensor_list_interfaces__rosidl_generator_c.dir/rosidl_generator_c/isaac_ros_tensor_list_interfaces/msg/detail/tensor_shape__functions.c.o\x1b[0m\n'}
[10.681702] (isaac_ros_nova_interfaces) StdoutLine: {'line': b"reading manifest file 'isaac_ros_nova_interfaces.egg-info/SOURCES.txt'\n"}
[10.681962] (isaac_ros_tensor_list_interfaces) StdoutLine: {'line': b'[ 14%] \x1b[32mBuilding C object CMakeFiles/isaac_ros_tensor_list_interfaces__rosidl_generator_c.dir/rosidl_generator_c/isaac_ros_tensor_list_interfaces/msg/detail/tensor__functions.c.o\x1b[0m\n'}
[10.684273] (isaac_ros_nova_interfaces) StdoutLine: {'line': b"writing manifest file 'isaac_ros_nova_interfaces.egg-info/SOURCES.txt'\n"}
[10.684822] (isaac_ros_tensor_list_interfaces) StdoutLine: {'line': b'[ 17%] \x1b[32mBuilding C object CMakeFiles/isaac_ros_tensor_list_interfaces__rosidl_generator_c.dir/rosidl_generator_c/isaac_ros_tensor_list_interfaces/msg/detail/tensor_list__functions.c.o\x1b[0m\n'}
[10.721930] (isaac_ros_bi3d_interfaces) StdoutLine: {'line': b'[ 22%] \x1b[32m\x1b[1mLinking C shared library libisaac_ros_bi3d_interfaces__rosidl_generator_c.so\x1b[0m\n'}
[10.722157] (isaac_ros_pointcloud_interfaces) StdoutLine: {'line': b'[  9%] Built target isaac_ros_pointcloud_interfaces__cpp\n'}
[10.728117] (-) TimerEvent: {}
[10.748768] (isaac_ros_nitros_bridge_interfaces) StdoutLine: {'line': b'[ 22%] \x1b[32m\x1b[1mLinking C shared library libisaac_ros_nitros_bridge_interfaces__rosidl_generator_c.so\x1b[0m\n'}
[10.749323] (isaac_ros_pointcloud_interfaces) StdoutLine: {'line': b'[ 12%] \x1b[34m\x1b[1mGenerating C++ type support dispatch for ROS interfaces\x1b[0m\n'}
[10.752799] (isaac_ros_apriltag_interfaces) StdoutLine: {'line': b'[ 10%] Built target isaac_ros_apriltag_interfaces__cpp\n'}
[10.755978] (isaac_ros_pointcloud_interfaces) StdoutLine: {'line': b'[ 16%] \x1b[34m\x1b[1mGenerating C++ type support for eProsima Fast-RTPS\x1b[0m\n'}
[10.764099] (isaac_ros_pointcloud_interfaces) StdoutLine: {'line': b'[ 19%] \x1b[34m\x1b[1mGenerating C++ introspection for ROS interfaces\x1b[0m\n'}
[10.771189] (isaac_ros_apriltag_interfaces) StdoutLine: {'line': b'[ 12%] \x1b[34m\x1b[1mGenerating C++ type support dispatch for ROS interfaces\x1b[0m\n'}
[10.787999] (isaac_ros_apriltag_interfaces) StdoutLine: {'line': b'[ 15%] \x1b[34m\x1b[1mGenerating C++ type support for eProsima Fast-RTPS\x1b[0m\n'}
[10.795660] (isaac_ros_apriltag_interfaces) StdoutLine: {'line': b'[ 17%] \x1b[34m\x1b[1mGenerating C++ introspection for ROS interfaces\x1b[0m\n'}
[10.807411] (isaac_ros_apriltag_interfaces) StdoutLine: {'line': b'[ 17%] Built target ament_cmake_python_build_isaac_ros_apriltag_interfaces_egg\n'}
[10.821968] (isaac_ros_nova_interfaces) StdoutLine: {'line': b'[ 17%] Built target ament_cmake_python_build_isaac_ros_nova_interfaces_egg\n'}
[10.823490] (isaac_ros_nitros_bridge_interfaces) StdoutLine: {'line': b'[ 25%] \x1b[32mBuilding CXX object CMakeFiles/isaac_ros_nitros_bridge_interfaces__rosidl_typesupport_cpp.dir/rosidl_typesupport_cpp/isaac_ros_nitros_bridge_interfaces/msg/nitros_bridge_image__type_support.cpp.o\x1b[0m\n'}
[10.828235] (-) TimerEvent: {}
[10.839736] (isaac_ros_bi3d_interfaces) StdoutLine: {'line': b'[ 22%] Built target isaac_ros_bi3d_interfaces__rosidl_generator_c\n'}
[10.849941] (isaac_ros_nitros_bridge_interfaces) StdoutLine: {'line': b'[ 25%] Built target isaac_ros_nitros_bridge_interfaces__rosidl_generator_c\n'}
[10.868820] (isaac_ros_bi3d_interfaces) StdoutLine: {'line': b'[ 25%] \x1b[34m\x1b[1mGenerating C introspection for ROS interfaces\x1b[0m\n'}
[10.869560] (isaac_ros_bi3d_interfaces) StdoutLine: {'line': b'[ 29%] \x1b[34m\x1b[1mGenerating C type support for eProsima Fast-RTPS\x1b[0m\n'}
[10.876769] (isaac_ros_bi3d_interfaces) StdoutLine: {'line': b'[ 32%] \x1b[34m\x1b[1mGenerating C type support dispatch for ROS interfaces\x1b[0m\n'}
[10.884659] (isaac_ros_nitros_bridge_interfaces) StdoutLine: {'line': b'[ 29%] \x1b[34m\x1b[1mGenerating C type support for eProsima Fast-RTPS\x1b[0m\n'}
[10.898997] (isaac_ros_nitros_bridge_interfaces) StdoutLine: {'line': b'[ 32%] \x1b[34m\x1b[1mGenerating C introspection for ROS interfaces\x1b[0m\n'}
[10.902412] (isaac_ros_nitros_bridge_interfaces) StdoutLine: {'line': b'[ 35%] \x1b[34m\x1b[1mGenerating C type support dispatch for ROS interfaces\x1b[0m\n'}
[10.918938] (isaac_ros_nitros_bridge_interfaces) StdoutLine: {'line': b'[ 38%] \x1b[32mBuilding CXX object CMakeFiles/isaac_ros_nitros_bridge_interfaces__rosidl_typesupport_introspection_cpp.dir/rosidl_typesupport_introspection_cpp/isaac_ros_nitros_bridge_interfaces/msg/detail/nitros_bridge_image__type_support.cpp.o\x1b[0m\n'}
[10.929577] (-) TimerEvent: {}
[10.950602] (isaac_ros_pointcloud_interfaces) StdoutLine: {'line': b'[ 22%] \x1b[32m\x1b[1mLinking C shared library libisaac_ros_pointcloud_interfaces__rosidl_generator_c.so\x1b[0m\n'}
[10.990673] (isaac_ros_nova_interfaces) StdoutLine: {'line': b'[ 20%] \x1b[32m\x1b[1mLinking C shared library libisaac_ros_nova_interfaces__rosidl_generator_c.so\x1b[0m\n'}
[11.008955] (isaac_ros_bi3d_interfaces) StdoutLine: {'line': b'[ 35%] \x1b[32mBuilding CXX object CMakeFiles/isaac_ros_bi3d_interfaces__rosidl_typesupport_fastrtps_cpp.dir/rosidl_typesupport_fastrtps_cpp/isaac_ros_bi3d_interfaces/msg/detail/dds_fastrtps/bi3_d_inference_parameters_array__type_support.cpp.o\x1b[0m\n'}
[11.029699] (-) TimerEvent: {}
[11.047968] (isaac_ros_pointcloud_interfaces) StdoutLine: {'line': b'[ 22%] Built target isaac_ros_pointcloud_interfaces__rosidl_generator_c\n'}
[11.073371] (isaac_ros_pointcloud_interfaces) StdoutLine: {'line': b'[ 25%] \x1b[34m\x1b[1mGenerating C type support dispatch for ROS interfaces\x1b[0m\n'}
[11.081960] (isaac_ros_pointcloud_interfaces) StdoutLine: {'line': b'[ 29%] \x1b[34m\x1b[1mGenerating C introspection for ROS interfaces\x1b[0m\n'}
[11.082208] (isaac_ros_pointcloud_interfaces) StdoutLine: {'line': b'[ 32%] \x1b[34m\x1b[1mGenerating C type support for eProsima Fast-RTPS\x1b[0m\n'}
[11.087978] (isaac_ros_apriltag_interfaces) StdoutLine: {'line': b'[ 20%] \x1b[32m\x1b[1mLinking C shared library libisaac_ros_apriltag_interfaces__rosidl_generator_c.so\x1b[0m\n'}
[11.091181] (isaac_ros_nova_interfaces) StdoutLine: {'line': b'[ 20%] Built target isaac_ros_nova_interfaces__rosidl_generator_c\n'}
[11.102563] (isaac_ros_bi3d_interfaces) StdoutLine: {'line': b'[ 38%] \x1b[32mBuilding CXX object CMakeFiles/isaac_ros_bi3d_interfaces__rosidl_typesupport_cpp.dir/rosidl_typesupport_cpp/isaac_ros_bi3d_interfaces/msg/bi3_d_inference_parameters_array__type_support.cpp.o\x1b[0m\n'}
[11.104268] (isaac_ros_nitros_bridge_interfaces) StdoutLine: {'line': b'[ 41%] \x1b[32mBuilding CXX object CMakeFiles/isaac_ros_nitros_bridge_interfaces__rosidl_typesupport_fastrtps_cpp.dir/rosidl_typesupport_fastrtps_cpp/isaac_ros_nitros_bridge_interfaces/msg/detail/dds_fastrtps/nitros_bridge_image__type_support.cpp.o\x1b[0m\n'}
[11.117940] (isaac_ros_nova_interfaces) StdoutLine: {'line': b'[ 23%] \x1b[34m\x1b[1mGenerating C introspection for ROS interfaces\x1b[0m\n'}
[11.129820] (-) TimerEvent: {}
[11.133946] (isaac_ros_nova_interfaces) StdoutLine: {'line': b'[ 25%] \x1b[34m\x1b[1mGenerating C type support for eProsima Fast-RTPS\x1b[0m\n'}
[11.134176] (isaac_ros_nova_interfaces) StdoutLine: {'line': b'[ 28%] \x1b[34m\x1b[1mGenerating C type support dispatch for ROS interfaces\x1b[0m\n'}
[11.149882] (isaac_ros_bi3d_interfaces) StdoutLine: {'line': b'[ 41%] \x1b[32mBuilding CXX object CMakeFiles/isaac_ros_bi3d_interfaces__rosidl_typesupport_introspection_cpp.dir/rosidl_typesupport_introspection_cpp/isaac_ros_bi3d_interfaces/msg/detail/bi3_d_inference_parameters_array__type_support.cpp.o\x1b[0m\n'}
[11.217960] (isaac_ros_apriltag_interfaces) StdoutLine: {'line': b'[ 20%] Built target isaac_ros_apriltag_interfaces__rosidl_generator_c\n'}
[11.229897] (-) TimerEvent: {}
[11.249243] (isaac_ros_apriltag_interfaces) StdoutLine: {'line': b'[ 23%] \x1b[34m\x1b[1mGenerating C type support for eProsima Fast-RTPS\x1b[0m\n'}
[11.256481] (isaac_ros_apriltag_interfaces) StdoutLine: {'line': b'[ 25%] \x1b[34m\x1b[1mGenerating C type support dispatch for ROS interfaces\x1b[0m\n'}
[11.256718] (isaac_ros_apriltag_interfaces) StdoutLine: {'line': b'[ 28%] \x1b[34m\x1b[1mGenerating C introspection for ROS interfaces\x1b[0m\n'}
[11.269846] (isaac_ros_tensor_list_interfaces) StdoutLine: {'line': b'[ 19%] \x1b[32m\x1b[1mLinking C shared library libisaac_ros_tensor_list_interfaces__rosidl_generator_c.so\x1b[0m\n'}
[11.330009] (-) TimerEvent: {}
[11.376046] (isaac_ros_tensor_list_interfaces) StdoutLine: {'line': b'[ 19%] Built target isaac_ros_tensor_list_interfaces__rosidl_generator_c\n'}
[11.392397] (isaac_ros_tensor_list_interfaces) StdoutLine: {'line': b'[ 21%] \x1b[34m\x1b[1mGenerating C introspection for ROS interfaces\x1b[0m\n'}
[11.401418] (isaac_ros_tensor_list_interfaces) StdoutLine: {'line': b'[ 23%] \x1b[34m\x1b[1mGenerating C type support for eProsima Fast-RTPS\x1b[0m\n'}
[11.408689] (isaac_ros_tensor_list_interfaces) StdoutLine: {'line': b'[ 25%] \x1b[34m\x1b[1mGenerating C type support dispatch for ROS interfaces\x1b[0m\n'}
[11.430125] (-) TimerEvent: {}
[11.439945] (isaac_ros_tensor_list_interfaces) StdoutLine: {'line': b'[ 27%] \x1b[32mBuilding CXX object CMakeFiles/isaac_ros_tensor_list_interfaces__rosidl_typesupport_introspection_cpp.dir/rosidl_typesupport_introspection_cpp/isaac_ros_tensor_list_interfaces/msg/detail/tensor_shape__type_support.cpp.o\x1b[0m\n'}
[11.440165] (isaac_ros_tensor_list_interfaces) StdoutLine: {'line': b'[ 29%] \x1b[32mBuilding CXX object CMakeFiles/isaac_ros_tensor_list_interfaces__rosidl_typesupport_introspection_cpp.dir/rosidl_typesupport_introspection_cpp/isaac_ros_tensor_list_interfaces/msg/detail/tensor__type_support.cpp.o\x1b[0m\n'}
[11.449972] (isaac_ros_tensor_list_interfaces) StdoutLine: {'line': b'[ 31%] \x1b[32mBuilding CXX object CMakeFiles/isaac_ros_tensor_list_interfaces__rosidl_typesupport_introspection_cpp.dir/rosidl_typesupport_introspection_cpp/isaac_ros_tensor_list_interfaces/msg/detail/tensor_list__type_support.cpp.o\x1b[0m\n'}
[11.533875] (-) TimerEvent: {}
[11.612947] (isaac_ros_apriltag_interfaces) StdoutLine: {'line': b'[ 30%] \x1b[32mBuilding CXX object CMakeFiles/isaac_ros_apriltag_interfaces__rosidl_typesupport_fastrtps_cpp.dir/rosidl_typesupport_fastrtps_cpp/isaac_ros_apriltag_interfaces/msg/detail/dds_fastrtps/april_tag_detection__type_support.cpp.o\x1b[0m\n'}
[11.632459] (isaac_ros_apriltag_interfaces) StdoutLine: {'line': b'[ 33%] \x1b[32mBuilding CXX object CMakeFiles/isaac_ros_apriltag_interfaces__rosidl_typesupport_fastrtps_cpp.dir/rosidl_typesupport_fastrtps_cpp/isaac_ros_apriltag_interfaces/msg/detail/dds_fastrtps/april_tag_detection_array__type_support.cpp.o\x1b[0m\n'}
[11.633957] (-) TimerEvent: {}
[11.734267] (-) TimerEvent: {}
[11.819945] (isaac_ros_tensor_list_interfaces) StdoutLine: {'line': b'[ 34%] \x1b[32mBuilding CXX object CMakeFiles/isaac_ros_tensor_list_interfaces__rosidl_typesupport_cpp.dir/rosidl_typesupport_cpp/isaac_ros_tensor_list_interfaces/msg/tensor_shape__type_support.cpp.o\x1b[0m\n'}
[11.822278] (isaac_ros_bi3d_interfaces) StdoutLine: {'line': b'[ 45%] \x1b[32mBuilding CXX object CMakeFiles/isaac_ros_bi3d_interfaces__rosidl_typesupport_c.dir/rosidl_typesupport_c/isaac_ros_bi3d_interfaces/msg/bi3_d_inference_parameters_array__type_support.cpp.o\x1b[0m\n'}
[11.837882] (-) TimerEvent: {}
[11.840847] (isaac_ros_tensor_list_interfaces) StdoutLine: {'line': b'[ 36%] \x1b[32mBuilding CXX object CMakeFiles/isaac_ros_tensor_list_interfaces__rosidl_typesupport_cpp.dir/rosidl_typesupport_cpp/isaac_ros_tensor_list_interfaces/msg/tensor_list__type_support.cpp.o\x1b[0m\n'}
[11.849596] (isaac_ros_nitros_bridge_interfaces) StdoutLine: {'line': b'[ 45%] \x1b[32mBuilding C object CMakeFiles/isaac_ros_nitros_bridge_interfaces__rosidl_typesupport_introspection_c.dir/rosidl_typesupport_introspection_c/isaac_ros_nitros_bridge_interfaces/msg/detail/nitros_bridge_image__type_support.c.o\x1b[0m\n'}
[11.855139] (isaac_ros_tensor_list_interfaces) StdoutLine: {'line': b'[ 38%] \x1b[32mBuilding CXX object CMakeFiles/isaac_ros_tensor_list_interfaces__rosidl_typesupport_cpp.dir/rosidl_typesupport_cpp/isaac_ros_tensor_list_interfaces/msg/tensor__type_support.cpp.o\x1b[0m\n'}
[11.890933] (isaac_ros_bi3d_interfaces) StdoutLine: {'line': b'[ 48%] \x1b[32mBuilding CXX object CMakeFiles/isaac_ros_bi3d_interfaces__rosidl_typesupport_fastrtps_c.dir/rosidl_typesupport_fastrtps_c/isaac_ros_bi3d_interfaces/msg/detail/bi3_d_inference_parameters_array__type_support_c.cpp.o\x1b[0m\n'}
[11.937997] (-) TimerEvent: {}
[11.950205] (isaac_ros_nitros_bridge_interfaces) StdoutLine: {'line': b'[ 48%] \x1b[32mBuilding CXX object CMakeFiles/isaac_ros_nitros_bridge_interfaces__rosidl_typesupport_c.dir/rosidl_typesupport_c/isaac_ros_nitros_bridge_interfaces/msg/nitros_bridge_image__type_support.cpp.o\x1b[0m\n'}
[11.950657] (isaac_ros_nova_interfaces) StdoutLine: {'line': b'[ 30%] \x1b[32mBuilding CXX object CMakeFiles/isaac_ros_nova_interfaces__rosidl_typesupport_fastrtps_cpp.dir/rosidl_typesupport_fastrtps_cpp/isaac_ros_nova_interfaces/msg/detail/dds_fastrtps/correlated_timestamp__type_support.cpp.o\x1b[0m\n'}
[11.968971] (isaac_ros_nova_interfaces) StdoutLine: {'line': b'[ 33%] \x1b[32mBuilding CXX object CMakeFiles/isaac_ros_nova_interfaces__rosidl_typesupport_fastrtps_cpp.dir/rosidl_typesupport_fastrtps_cpp/isaac_ros_nova_interfaces/msg/detail/dds_fastrtps/encoder_ticks__type_support.cpp.o\x1b[0m\n'}
[11.985264] (isaac_ros_bi3d_interfaces) StdoutLine: {'line': b'[ 51%] \x1b[32mBuilding C object CMakeFiles/isaac_ros_bi3d_interfaces__rosidl_typesupport_introspection_c.dir/rosidl_typesupport_introspection_c/isaac_ros_bi3d_interfaces/msg/detail/bi3_d_inference_parameters_array__type_support.c.o\x1b[0m\n'}
[12.006152] (isaac_ros_pointcloud_interfaces) StdoutLine: {'line': b'[ 35%] \x1b[32mBuilding CXX object CMakeFiles/isaac_ros_pointcloud_interfaces__rosidl_typesupport_cpp.dir/rosidl_typesupport_cpp/isaac_ros_pointcloud_interfaces/msg/flat_scan__type_support.cpp.o\x1b[0m\n'}
[12.006970] (isaac_ros_nova_interfaces) StdoutLine: {'line': b'[ 35%] \x1b[32mBuilding CXX object CMakeFiles/isaac_ros_nova_interfaces__rosidl_typesupport_cpp.dir/rosidl_typesupport_cpp/isaac_ros_nova_interfaces/msg/encoder_ticks__type_support.cpp.o\x1b[0m\n'}
[12.010201] (isaac_ros_nova_interfaces) StdoutLine: {'line': b'[ 38%] \x1b[32mBuilding CXX object CMakeFiles/isaac_ros_nova_interfaces__rosidl_typesupport_cpp.dir/rosidl_typesupport_cpp/isaac_ros_nova_interfaces/msg/correlated_timestamp__type_support.cpp.o\x1b[0m\n'}
[12.024906] (isaac_ros_apriltag_interfaces) StdoutLine: {'line': b'[ 35%] \x1b[32mBuilding CXX object CMakeFiles/isaac_ros_apriltag_interfaces__rosidl_typesupport_cpp.dir/rosidl_typesupport_cpp/isaac_ros_apriltag_interfaces/msg/april_tag_detection__type_support.cpp.o\x1b[0m\n'}
[12.026036] (isaac_ros_apriltag_interfaces) StdoutLine: {'line': b'[ 38%] \x1b[32mBuilding CXX object CMakeFiles/isaac_ros_apriltag_interfaces__rosidl_typesupport_c.dir/rosidl_typesupport_c/isaac_ros_apriltag_interfaces/msg/april_tag_detection__type_support.cpp.o\x1b[0m\n'}
[12.030791] (isaac_ros_apriltag_interfaces) StdoutLine: {'line': b'[ 41%] \x1b[32mBuilding CXX object CMakeFiles/isaac_ros_apriltag_interfaces__rosidl_typesupport_c.dir/rosidl_typesupport_c/isaac_ros_apriltag_interfaces/msg/april_tag_detection_array__type_support.cpp.o\x1b[0m\n'}
[12.040892] (-) TimerEvent: {}
[12.054952] (isaac_ros_apriltag_interfaces) StdoutLine: {'line': b'[ 43%] \x1b[32mBuilding CXX object CMakeFiles/isaac_ros_apriltag_interfaces__rosidl_typesupport_cpp.dir/rosidl_typesupport_cpp/isaac_ros_apriltag_interfaces/msg/april_tag_detection_array__type_support.cpp.o\x1b[0m\n'}
[12.095872] (isaac_ros_nova_interfaces) StdoutLine: {'line': b'[ 41%] \x1b[32mBuilding CXX object CMakeFiles/isaac_ros_nova_interfaces__rosidl_typesupport_introspection_cpp.dir/rosidl_typesupport_introspection_cpp/isaac_ros_nova_interfaces/msg/detail/correlated_timestamp__type_support.cpp.o\x1b[0m\n'}
[12.096126] (isaac_ros_bi3d_interfaces) StdoutLine: {'line': b'[ 54%] \x1b[32m\x1b[1mLinking CXX shared library libisaac_ros_bi3d_interfaces__rosidl_typesupport_c.so\x1b[0m\n'}
[12.107160] (isaac_ros_nova_interfaces) StdoutLine: {'line': b'[ 43%] \x1b[32mBuilding CXX object CMakeFiles/isaac_ros_nova_interfaces__rosidl_typesupport_introspection_cpp.dir/rosidl_typesupport_introspection_cpp/isaac_ros_nova_interfaces/msg/detail/encoder_ticks__type_support.cpp.o\x1b[0m\n'}
[12.121022] (isaac_ros_apriltag_interfaces) StdoutLine: {'line': b'[ 46%] \x1b[32mBuilding CXX object CMakeFiles/isaac_ros_apriltag_interfaces__rosidl_typesupport_introspection_cpp.dir/rosidl_typesupport_introspection_cpp/isaac_ros_apriltag_interfaces/msg/detail/april_tag_detection__type_support.cpp.o\x1b[0m\n'}
[12.128082] (isaac_ros_nitros_bridge_interfaces) StdoutLine: {'line': b'[ 51%] \x1b[32mBuilding CXX object CMakeFiles/isaac_ros_nitros_bridge_interfaces__rosidl_typesupport_fastrtps_c.dir/rosidl_typesupport_fastrtps_c/isaac_ros_nitros_bridge_interfaces/msg/detail/nitros_bridge_image__type_support_c.cpp.o\x1b[0m\n'}
[12.131227] (isaac_ros_apriltag_interfaces) StdoutLine: {'line': b'[ 48%] \x1b[32mBuilding CXX object CMakeFiles/isaac_ros_apriltag_interfaces__rosidl_typesupport_introspection_cpp.dir/rosidl_typesupport_introspection_cpp/isaac_ros_apriltag_interfaces/msg/detail/april_tag_detection_array__type_support.cpp.o\x1b[0m\n'}
[12.142334] (-) TimerEvent: {}
[12.154581] (isaac_ros_tensor_list_interfaces) StdoutLine: {'line': b'[ 40%] \x1b[32mBuilding CXX object CMakeFiles/isaac_ros_tensor_list_interfaces__rosidl_typesupport_fastrtps_cpp.dir/rosidl_typesupport_fastrtps_cpp/isaac_ros_tensor_list_interfaces/msg/detail/dds_fastrtps/tensor_shape__type_support.cpp.o\x1b[0m\n'}
[12.158943] (isaac_ros_tensor_list_interfaces) StdoutLine: {'line': b'[ 42%] \x1b[32mBuilding CXX object CMakeFiles/isaac_ros_tensor_list_interfaces__rosidl_typesupport_fastrtps_cpp.dir/rosidl_typesupport_fastrtps_cpp/isaac_ros_tensor_list_interfaces/msg/detail/dds_fastrtps/tensor_list__type_support.cpp.o\x1b[0m\n'}
[12.172490] (isaac_ros_tensor_list_interfaces) StdoutLine: {'line': b'[ 44%] \x1b[32mBuilding CXX object CMakeFiles/isaac_ros_tensor_list_interfaces__rosidl_typesupport_fastrtps_cpp.dir/rosidl_typesupport_fastrtps_cpp/isaac_ros_tensor_list_interfaces/msg/detail/dds_fastrtps/tensor__type_support.cpp.o\x1b[0m\n'}
[12.220152] (isaac_ros_nitros_bridge_interfaces) StdoutLine: {'line': b'[ 54%] \x1b[32m\x1b[1mLinking CXX shared library libisaac_ros_nitros_bridge_interfaces__rosidl_typesupport_c.so\x1b[0m\n'}
[12.242448] (-) TimerEvent: {}
[12.254751] (isaac_ros_pointcloud_interfaces) StdoutLine: {'line': b'[ 38%] \x1b[32mBuilding CXX object CMakeFiles/isaac_ros_pointcloud_interfaces__rosidl_typesupport_fastrtps_cpp.dir/rosidl_typesupport_fastrtps_cpp/isaac_ros_pointcloud_interfaces/msg/detail/dds_fastrtps/flat_scan__type_support.cpp.o\x1b[0m\n'}
[12.267715] (isaac_ros_pointcloud_interfaces) StdoutLine: {'line': b'[ 41%] \x1b[32mBuilding CXX object CMakeFiles/isaac_ros_pointcloud_interfaces__rosidl_typesupport_introspection_cpp.dir/rosidl_typesupport_introspection_cpp/isaac_ros_pointcloud_interfaces/msg/detail/flat_scan__type_support.cpp.o\x1b[0m\n'}
[12.329874] (isaac_ros_pointcloud_interfaces) StdoutLine: {'line': b'[ 45%] \x1b[32mBuilding CXX object CMakeFiles/isaac_ros_pointcloud_interfaces__rosidl_typesupport_c.dir/rosidl_typesupport_c/isaac_ros_pointcloud_interfaces/msg/flat_scan__type_support.cpp.o\x1b[0m\n'}
[12.330154] (isaac_ros_bi3d_interfaces) StdoutLine: {'line': b'[ 54%] Built target isaac_ros_bi3d_interfaces__rosidl_typesupport_c\n'}
[12.347583] (-) TimerEvent: {}
[12.392238] (isaac_ros_apriltag_interfaces) StdoutLine: {'line': b'[ 51%] \x1b[32m\x1b[1mLinking CXX shared library libisaac_ros_apriltag_interfaces__rosidl_typesupport_c.so\x1b[0m\n'}
[12.412883] (isaac_ros_nitros_bridge_interfaces) StdoutLine: {'line': b'[ 58%] \x1b[32m\x1b[1mLinking C shared library libisaac_ros_nitros_bridge_interfaces__rosidl_typesupport_introspection_c.so\x1b[0m\n'}
[12.423453] (isaac_ros_pointcloud_interfaces) StdoutLine: {'line': b'[ 48%] \x1b[32mBuilding C object CMakeFiles/isaac_ros_pointcloud_interfaces__rosidl_typesupport_introspection_c.dir/rosidl_typesupport_introspection_c/isaac_ros_pointcloud_interfaces/msg/detail/flat_scan__type_support.c.o\x1b[0m\n'}
[12.428371] (isaac_ros_nitros_bridge_interfaces) StdoutLine: {'line': b'[ 58%] Built target isaac_ros_nitros_bridge_interfaces__rosidl_typesupport_c\n'}
[12.447699] (-) TimerEvent: {}
[12.461613] (isaac_ros_bi3d_interfaces) StdoutLine: {'line': b'[ 58%] \x1b[32m\x1b[1mLinking C shared library libisaac_ros_bi3d_interfaces__rosidl_typesupport_introspection_c.so\x1b[0m\n'}
[12.510961] (isaac_ros_nitros_bridge_interfaces) StdoutLine: {'line': b'[ 58%] Built target isaac_ros_nitros_bridge_interfaces__rosidl_typesupport_introspection_c\n'}
[12.524891] (isaac_ros_apriltag_interfaces) StdoutLine: {'line': b'[ 53%] \x1b[32mBuilding C object CMakeFiles/isaac_ros_apriltag_interfaces__rosidl_typesupport_introspection_c.dir/rosidl_typesupport_introspection_c/isaac_ros_apriltag_interfaces/msg/detail/april_tag_detection_array__type_support.c.o\x1b[0m\n'}
[12.525158] (isaac_ros_apriltag_interfaces) StdoutLine: {'line': b'[ 56%] \x1b[32mBuilding C object CMakeFiles/isaac_ros_apriltag_interfaces__rosidl_typesupport_introspection_c.dir/rosidl_typesupport_introspection_c/isaac_ros_apriltag_interfaces/msg/detail/april_tag_detection__type_support.c.o\x1b[0m\n'}
[12.541721] (isaac_ros_pointcloud_interfaces) StdoutLine: {'line': b'[ 51%] \x1b[32m\x1b[1mLinking CXX shared library libisaac_ros_pointcloud_interfaces__rosidl_typesupport_c.so\x1b[0m\n'}
[12.547843] (-) TimerEvent: {}
[12.548966] (isaac_ros_pointcloud_interfaces) StdoutLine: {'line': b'[ 54%] \x1b[32mBuilding CXX object CMakeFiles/isaac_ros_pointcloud_interfaces__rosidl_typesupport_fastrtps_c.dir/rosidl_typesupport_fastrtps_c/isaac_ros_pointcloud_interfaces/msg/detail/flat_scan__type_support_c.cpp.o\x1b[0m\n'}
[12.560587] (isaac_ros_bi3d_interfaces) StdoutLine: {'line': b'[ 58%] Built target isaac_ros_bi3d_interfaces__rosidl_typesupport_introspection_c\n'}
[12.583652] (isaac_ros_apriltag_interfaces) StdoutLine: {'line': b'[ 56%] Built target isaac_ros_apriltag_interfaces__rosidl_typesupport_c\n'}
[12.647939] (-) TimerEvent: {}
[12.732316] (isaac_ros_tensor_list_interfaces) StdoutLine: {'line': b'[ 46%] \x1b[32mBuilding CXX object CMakeFiles/isaac_ros_tensor_list_interfaces__rosidl_typesupport_c.dir/rosidl_typesupport_c/isaac_ros_tensor_list_interfaces/msg/tensor_shape__type_support.cpp.o\x1b[0m\n'}
[12.735928] (isaac_ros_pointcloud_interfaces) StdoutLine: {'line': b'[ 54%] Built target isaac_ros_pointcloud_interfaces__rosidl_typesupport_c\n'}
[12.749884] (-) TimerEvent: {}
[12.789972] (isaac_ros_apriltag_interfaces) StdoutLine: {'line': b'[ 58%] \x1b[32mBuilding CXX object CMakeFiles/isaac_ros_apriltag_interfaces__rosidl_typesupport_fastrtps_c.dir/rosidl_typesupport_fastrtps_c/isaac_ros_apriltag_interfaces/msg/detail/april_tag_detection_array__type_support_c.cpp.o\x1b[0m\n'}
[12.797986] (isaac_ros_apriltag_interfaces) StdoutLine: {'line': b'[ 61%] \x1b[32mBuilding CXX object CMakeFiles/isaac_ros_apriltag_interfaces__rosidl_typesupport_fastrtps_c.dir/rosidl_typesupport_fastrtps_c/isaac_ros_apriltag_interfaces/msg/detail/april_tag_detection__type_support_c.cpp.o\x1b[0m\n'}
[12.850013] (-) TimerEvent: {}
[12.851299] (isaac_ros_nova_interfaces) StdoutLine: {'line': b'[ 46%] \x1b[32mBuilding CXX object CMakeFiles/isaac_ros_nova_interfaces__rosidl_typesupport_c.dir/rosidl_typesupport_c/isaac_ros_nova_interfaces/msg/correlated_timestamp__type_support.cpp.o\x1b[0m\n'}
[12.866963] (isaac_ros_pointcloud_interfaces) StdoutLine: {'line': b'[ 58%] \x1b[32m\x1b[1mLinking C shared library libisaac_ros_pointcloud_interfaces__rosidl_typesupport_introspection_c.so\x1b[0m\n'}
[12.871950] (isaac_ros_nova_interfaces) StdoutLine: {'line': b'[ 48%] \x1b[32mBuilding CXX object CMakeFiles/isaac_ros_nova_interfaces__rosidl_typesupport_c.dir/rosidl_typesupport_c/isaac_ros_nova_interfaces/msg/encoder_ticks__type_support.cpp.o\x1b[0m\n'}
[12.924298] (isaac_ros_apriltag_interfaces) StdoutLine: {'line': b'[ 64%] \x1b[32m\x1b[1mLinking C shared library libisaac_ros_apriltag_interfaces__rosidl_typesupport_introspection_c.so\x1b[0m\n'}
[12.926137] (isaac_ros_nitros_bridge_interfaces) StdoutLine: {'line': b'[ 61%] \x1b[32m\x1b[1mLinking CXX shared library libisaac_ros_nitros_bridge_interfaces__rosidl_typesupport_cpp.so\x1b[0m\n'}
[12.931932] (isaac_ros_tensor_list_interfaces) StdoutLine: {'line': b'[ 48%] \x1b[32mBuilding CXX object CMakeFiles/isaac_ros_tensor_list_interfaces__rosidl_typesupport_c.dir/rosidl_typesupport_c/isaac_ros_tensor_list_interfaces/msg/tensor__type_support.cpp.o\x1b[0m\n'}
[12.950147] (-) TimerEvent: {}
[12.955275] (isaac_ros_pointcloud_interfaces) StdoutLine: {'line': b'[ 58%] Built target isaac_ros_pointcloud_interfaces__rosidl_typesupport_introspection_c\n'}
[13.037714] (isaac_ros_nova_interfaces) StdoutLine: {'line': b'[ 51%] \x1b[32mBuilding C object CMakeFiles/isaac_ros_nova_interfaces__rosidl_typesupport_introspection_c.dir/rosidl_typesupport_introspection_c/isaac_ros_nova_interfaces/msg/detail/correlated_timestamp__type_support.c.o\x1b[0m\n'}
[13.046983] (isaac_ros_apriltag_interfaces) StdoutLine: {'line': b'[ 64%] Built target isaac_ros_apriltag_interfaces__rosidl_typesupport_introspection_c\n'}
[13.047458] (isaac_ros_nova_interfaces) StdoutLine: {'line': b'[ 53%] \x1b[32mBuilding CXX object CMakeFiles/isaac_ros_nova_interfaces__rosidl_typesupport_fastrtps_c.dir/rosidl_typesupport_fastrtps_c/isaac_ros_nova_interfaces/msg/detail/correlated_timestamp__type_support_c.cpp.o\x1b[0m\n'}
[13.051644] (-) TimerEvent: {}
[13.052074] (isaac_ros_nova_interfaces) StdoutLine: {'line': b'[ 56%] \x1b[32mBuilding C object CMakeFiles/isaac_ros_nova_interfaces__rosidl_typesupport_introspection_c.dir/rosidl_typesupport_introspection_c/isaac_ros_nova_interfaces/msg/detail/encoder_ticks__type_support.c.o\x1b[0m\n'}
[13.062593] (isaac_ros_nova_interfaces) StdoutLine: {'line': b'[ 58%] \x1b[32mBuilding CXX object CMakeFiles/isaac_ros_nova_interfaces__rosidl_typesupport_fastrtps_c.dir/rosidl_typesupport_fastrtps_c/isaac_ros_nova_interfaces/msg/detail/encoder_ticks__type_support_c.cpp.o\x1b[0m\n'}
[13.114232] (isaac_ros_nitros_bridge_interfaces) StdoutLine: {'line': b'[ 61%] Built target isaac_ros_nitros_bridge_interfaces__rosidl_typesupport_cpp\n'}
[13.129001] (isaac_ros_nova_interfaces) StdoutLine: {'line': b'[ 61%] \x1b[32m\x1b[1mLinking CXX shared library libisaac_ros_nova_interfaces__rosidl_typesupport_c.so\x1b[0m\n'}
[13.153912] (-) TimerEvent: {}
[13.207917] (isaac_ros_tensor_list_interfaces) StdoutLine: {'line': b'[ 51%] \x1b[32mBuilding CXX object CMakeFiles/isaac_ros_tensor_list_interfaces__rosidl_typesupport_c.dir/rosidl_typesupport_c/isaac_ros_tensor_list_interfaces/msg/tensor_list__type_support.cpp.o\x1b[0m\n'}
[13.229011] (isaac_ros_nitros_bridge_interfaces) StdoutLine: {'line': b'[ 64%] \x1b[32m\x1b[1mLinking CXX shared library libisaac_ros_nitros_bridge_interfaces__rosidl_typesupport_introspection_cpp.so\x1b[0m\n'}
[13.268906] (-) TimerEvent: {}
[13.370472] (-) TimerEvent: {}
[13.371852] (isaac_ros_tensor_list_interfaces) StdoutLine: {'line': b'[ 53%] \x1b[32mBuilding C object CMakeFiles/isaac_ros_tensor_list_interfaces__rosidl_typesupport_introspection_c.dir/rosidl_typesupport_introspection_c/isaac_ros_tensor_list_interfaces/msg/detail/tensor_shape__type_support.c.o\x1b[0m\n'}
[13.373926] (isaac_ros_nova_interfaces) StdoutLine: {'line': b'[ 61%] Built target isaac_ros_nova_interfaces__rosidl_typesupport_c\n'}
[13.433926] (isaac_ros_nova_interfaces) StdoutLine: {'line': b'[ 64%] \x1b[32m\x1b[1mLinking C shared library libisaac_ros_nova_interfaces__rosidl_typesupport_introspection_c.so\x1b[0m\n'}
[13.470619] (-) TimerEvent: {}
[13.505992] (isaac_ros_bi3d_interfaces) StdoutLine: {'line': b'[ 61%] \x1b[32m\x1b[1mLinking CXX shared library libisaac_ros_bi3d_interfaces__rosidl_typesupport_cpp.so\x1b[0m\n'}
[13.562456] (isaac_ros_tensor_list_interfaces) StdoutLine: {'line': b'[ 55%] \x1b[32m\x1b[1mLinking CXX shared library libisaac_ros_tensor_list_interfaces__rosidl_typesupport_c.so\x1b[0m\n'}
[13.570759] (-) TimerEvent: {}
[13.582945] (isaac_ros_nova_interfaces) StdoutLine: {'line': b'[ 64%] Built target isaac_ros_nova_interfaces__rosidl_typesupport_introspection_c\n'}
[13.666004] (isaac_ros_tensor_list_interfaces) StdoutLine: {'line': b'[ 57%] \x1b[32mBuilding CXX object CMakeFiles/isaac_ros_tensor_list_interfaces__rosidl_typesupport_fastrtps_c.dir/rosidl_typesupport_fastrtps_c/isaac_ros_tensor_list_interfaces/msg/detail/tensor_shape__type_support_c.cpp.o\x1b[0m\n'}
[13.670904] (-) TimerEvent: {}
[13.720336] (isaac_ros_bi3d_interfaces) StdoutLine: {'line': b'[ 61%] Built target isaac_ros_bi3d_interfaces__rosidl_typesupport_cpp\n'}
[13.772924] (-) TimerEvent: {}
[13.777951] (isaac_ros_tensor_list_interfaces) StdoutLine: {'line': b'[ 57%] Built target isaac_ros_tensor_list_interfaces__rosidl_typesupport_c\n'}
[13.797073] (isaac_ros_nitros_bridge_interfaces) StdoutLine: {'line': b'[ 64%] Built target isaac_ros_nitros_bridge_interfaces__rosidl_typesupport_introspection_cpp\n'}
[13.820683] (isaac_ros_tensor_list_interfaces) StdoutLine: {'line': b'[ 59%] \x1b[32mBuilding C object CMakeFiles/isaac_ros_tensor_list_interfaces__rosidl_typesupport_introspection_c.dir/rosidl_typesupport_introspection_c/isaac_ros_tensor_list_interfaces/msg/detail/tensor__type_support.c.o\x1b[0m\n'}
[13.826997] (isaac_ros_tensor_list_interfaces) StdoutLine: {'line': b'[ 61%] \x1b[32mBuilding CXX object CMakeFiles/isaac_ros_tensor_list_interfaces__rosidl_typesupport_fastrtps_c.dir/rosidl_typesupport_fastrtps_c/isaac_ros_tensor_list_interfaces/msg/detail/tensor__type_support_c.cpp.o\x1b[0m\n'}
[13.873972] (-) TimerEvent: {}
[13.902101] (isaac_ros_nitros_bridge_interfaces) StdoutLine: {'line': b'[ 67%] \x1b[32m\x1b[1mLinking CXX shared library libisaac_ros_nitros_bridge_interfaces__rosidl_typesupport_fastrtps_cpp.so\x1b[0m\n'}
[13.974140] (-) TimerEvent: {}
[14.009788] (isaac_ros_tensor_list_interfaces) StdoutLine: {'line': b'[ 63%] \x1b[32mBuilding C object CMakeFiles/isaac_ros_tensor_list_interfaces__rosidl_typesupport_introspection_c.dir/rosidl_typesupport_introspection_c/isaac_ros_tensor_list_interfaces/msg/detail/tensor_list__type_support.c.o\x1b[0m\n'}
[14.074983] (-) TimerEvent: {}
[14.127008] (isaac_ros_tensor_list_interfaces) StdoutLine: {'line': b'[ 65%] \x1b[32mBuilding CXX object CMakeFiles/isaac_ros_tensor_list_interfaces__rosidl_typesupport_fastrtps_c.dir/rosidl_typesupport_fastrtps_c/isaac_ros_tensor_list_interfaces/msg/detail/tensor_list__type_support_c.cpp.o\x1b[0m\n'}
[14.183927] (-) TimerEvent: {}
[14.209423] (isaac_ros_nova_interfaces) StdoutLine: {'line': b'[ 66%] \x1b[32m\x1b[1mLinking CXX shared library libisaac_ros_nova_interfaces__rosidl_typesupport_cpp.so\x1b[0m\n'}
[14.285932] (-) TimerEvent: {}
[14.315429] (isaac_ros_bi3d_interfaces) StdoutLine: {'line': b'[ 64%] \x1b[32m\x1b[1mLinking CXX shared library libisaac_ros_bi3d_interfaces__rosidl_typesupport_introspection_cpp.so\x1b[0m\n'}
[14.331087] (isaac_ros_nova_interfaces) StdoutLine: {'line': b'[ 66%] Built target isaac_ros_nova_interfaces__rosidl_typesupport_cpp\n'}
[14.339414] (isaac_ros_nitros_bridge_interfaces) StdoutLine: {'line': b'[ 67%] Built target isaac_ros_nitros_bridge_interfaces__rosidl_typesupport_fastrtps_cpp\n'}
[14.386075] (-) TimerEvent: {}
[14.392225] (isaac_ros_tensor_list_interfaces) StdoutLine: {'line': b'[ 68%] \x1b[32m\x1b[1mLinking C shared library libisaac_ros_tensor_list_interfaces__rosidl_typesupport_introspection_c.so\x1b[0m\n'}
[14.392838] (isaac_ros_apriltag_interfaces) StdoutLine: {'line': b'[ 66%] \x1b[32m\x1b[1mLinking CXX shared library libisaac_ros_apriltag_interfaces__rosidl_typesupport_cpp.so\x1b[0m\n'}
[14.393533] (isaac_ros_pointcloud_interfaces) StdoutLine: {'line': b'[ 61%] \x1b[32m\x1b[1mLinking CXX shared library libisaac_ros_pointcloud_interfaces__rosidl_typesupport_cpp.so\x1b[0m\n'}
[14.400710] (isaac_ros_tensor_list_interfaces) StdoutLine: {'line': b'[ 70%] \x1b[32m\x1b[1mLinking CXX shared library libisaac_ros_tensor_list_interfaces__rosidl_typesupport_cpp.so\x1b[0m\n'}
[14.460047] (isaac_ros_tensor_list_interfaces) StdoutLine: {'line': b'[ 70%] Built target isaac_ros_tensor_list_interfaces__rosidl_typesupport_introspection_c\n'}
[14.486215] (-) TimerEvent: {}
[14.496735] (isaac_ros_apriltag_interfaces) StdoutLine: {'line': b'[ 66%] Built target isaac_ros_apriltag_interfaces__rosidl_typesupport_cpp\n'}
[14.506133] (isaac_ros_tensor_list_interfaces) StdoutLine: {'line': b'[ 70%] Built target isaac_ros_tensor_list_interfaces__rosidl_typesupport_cpp\n'}
[14.523271] (isaac_ros_bi3d_interfaces) StdoutLine: {'line': b'[ 64%] Built target isaac_ros_bi3d_interfaces__rosidl_typesupport_introspection_cpp\n'}
[14.561795] (isaac_ros_pointcloud_interfaces) StdoutLine: {'line': b'[ 61%] Built target isaac_ros_pointcloud_interfaces__rosidl_typesupport_cpp\n'}
[14.585503] (isaac_ros_bi3d_interfaces) StdoutLine: {'line': b'[ 67%] \x1b[32m\x1b[1mLinking CXX shared library libisaac_ros_bi3d_interfaces__rosidl_typesupport_fastrtps_cpp.so\x1b[0m\n'}
[14.586300] (-) TimerEvent: {}
[14.597036] (isaac_ros_bi3d_interfaces) StdoutLine: {'line': b'[ 70%] \x1b[32m\x1b[1mLinking CXX shared library libisaac_ros_bi3d_interfaces__rosidl_typesupport_fastrtps_c.so\x1b[0m\n'}
[14.687935] (-) TimerEvent: {}
[14.691863] (isaac_ros_pointcloud_interfaces) StdoutLine: {'line': b'[ 64%] \x1b[32m\x1b[1mLinking CXX shared library libisaac_ros_pointcloud_interfaces__rosidl_typesupport_fastrtps_c.so\x1b[0m\n'}
[14.788087] (-) TimerEvent: {}
[14.874029] (isaac_ros_nitros_bridge_interfaces) StdoutLine: {'line': b'[ 70%] \x1b[32m\x1b[1mLinking CXX shared library libisaac_ros_nitros_bridge_interfaces__rosidl_typesupport_fastrtps_c.so\x1b[0m\n'}
[14.890926] (-) TimerEvent: {}
[14.925499] (isaac_ros_pointcloud_interfaces) StdoutLine: {'line': b'[ 64%] Built target isaac_ros_pointcloud_interfaces__rosidl_typesupport_fastrtps_c\n'}
[14.934750] (isaac_ros_nova_interfaces) StdoutLine: {'line': b'[ 69%] \x1b[32m\x1b[1mLinking CXX shared library libisaac_ros_nova_interfaces__rosidl_typesupport_fastrtps_cpp.so\x1b[0m\n'}
[14.938885] (isaac_ros_bi3d_interfaces) StdoutLine: {'line': b'[ 70%] Built target isaac_ros_bi3d_interfaces__rosidl_typesupport_fastrtps_c\n'}
[14.971020] (isaac_ros_bi3d_interfaces) StdoutLine: {'line': b'[ 70%] Built target isaac_ros_bi3d_interfaces__rosidl_typesupport_fastrtps_cpp\n'}
[14.991085] (-) TimerEvent: {}
[14.992672] (isaac_ros_apriltag_interfaces) StdoutLine: {'line': b'[ 69%] \x1b[32m\x1b[1mLinking CXX shared library libisaac_ros_apriltag_interfaces__rosidl_typesupport_fastrtps_c.so\x1b[0m\n'}
[15.010619] (isaac_ros_nova_interfaces) StdoutLine: {'line': b'[ 71%] \x1b[32m\x1b[1mLinking CXX shared library libisaac_ros_nova_interfaces__rosidl_typesupport_introspection_cpp.so\x1b[0m\n'}
[15.012172] (isaac_ros_bi3d_interfaces) StdoutLine: {'line': b'[ 70%] Built target isaac_ros_bi3d_interfaces\n'}
[15.045296] (isaac_ros_tensor_list_interfaces) StdoutLine: {'line': b'[ 72%] \x1b[32m\x1b[1mLinking CXX shared library libisaac_ros_tensor_list_interfaces__rosidl_typesupport_introspection_cpp.so\x1b[0m\n'}
[15.055892] (isaac_ros_bi3d_interfaces) StdoutLine: {'line': b'[ 74%] \x1b[34m\x1b[1mGenerating Python code for ROS interfaces\x1b[0m\n'}
[15.057107] (isaac_ros_pointcloud_interfaces) StdoutLine: {'line': b'[ 67%] \x1b[32m\x1b[1mLinking CXX shared library libisaac_ros_pointcloud_interfaces__rosidl_typesupport_introspection_cpp.so\x1b[0m\n'}
[15.081032] (isaac_ros_nitros_bridge_interfaces) StdoutLine: {'line': b'[ 70%] Built target isaac_ros_nitros_bridge_interfaces__rosidl_typesupport_fastrtps_c\n'}
[15.081548] (isaac_ros_nova_interfaces) StdoutLine: {'line': b'[ 74%] \x1b[32m\x1b[1mLinking CXX shared library libisaac_ros_nova_interfaces__rosidl_typesupport_fastrtps_c.so\x1b[0m\n'}
[15.091223] (-) TimerEvent: {}
[15.121260] (isaac_ros_apriltag_interfaces) StdoutLine: {'line': b'[ 71%] \x1b[32m\x1b[1mLinking CXX shared library libisaac_ros_apriltag_interfaces__rosidl_typesupport_fastrtps_cpp.so\x1b[0m\n'}
[15.127893] (isaac_ros_nitros_bridge_interfaces) StdoutLine: {'line': b'[ 70%] Built target isaac_ros_nitros_bridge_interfaces\n'}
[15.165021] (isaac_ros_nitros_bridge_interfaces) StdoutLine: {'line': b'[ 74%] \x1b[34m\x1b[1mGenerating Python code for ROS interfaces\x1b[0m\n'}
[15.176007] (isaac_ros_pointcloud_interfaces) StdoutLine: {'line': b'[ 70%] \x1b[32m\x1b[1mLinking CXX shared library libisaac_ros_pointcloud_interfaces__rosidl_typesupport_fastrtps_cpp.so\x1b[0m\n'}
[15.189014] (isaac_ros_nova_interfaces) StdoutLine: {'line': b'[ 74%] Built target isaac_ros_nova_interfaces__rosidl_typesupport_fastrtps_cpp\n'}
[15.191903] (-) TimerEvent: {}
[15.197753] (isaac_ros_nova_interfaces) StdoutLine: {'line': b'[ 74%] Built target isaac_ros_nova_interfaces__rosidl_typesupport_introspection_cpp\n'}
[15.206975] (isaac_ros_apriltag_interfaces) StdoutLine: {'line': b'[ 71%] Built target isaac_ros_apriltag_interfaces__rosidl_typesupport_fastrtps_c\n'}
[15.271622] (isaac_ros_apriltag_interfaces) StdoutLine: {'line': b'[ 74%] \x1b[32m\x1b[1mLinking CXX shared library libisaac_ros_apriltag_interfaces__rosidl_typesupport_introspection_cpp.so\x1b[0m\n'}
[15.277894] (isaac_ros_tensor_list_interfaces) StdoutLine: {'line': b'[ 72%] Built target isaac_ros_tensor_list_interfaces__rosidl_typesupport_introspection_cpp\n'}
[15.285391] (isaac_ros_pointcloud_interfaces) StdoutLine: {'line': b'[ 70%] Built target isaac_ros_pointcloud_interfaces__rosidl_typesupport_introspection_cpp\n'}
[15.292089] (-) TimerEvent: {}
[15.302290] (isaac_ros_nova_interfaces) StdoutLine: {'line': b'[ 74%] Built target isaac_ros_nova_interfaces__rosidl_typesupport_fastrtps_c\n'}
[15.305155] (isaac_ros_apriltag_interfaces) StdoutLine: {'line': b'[ 74%] Built target isaac_ros_apriltag_interfaces__rosidl_typesupport_fastrtps_cpp\n'}
[15.322139] (isaac_ros_nova_interfaces) StdoutLine: {'line': b'[ 74%] Built target isaac_ros_nova_interfaces\n'}
[15.324835] (isaac_ros_pointcloud_interfaces) StdoutLine: {'line': b'[ 70%] Built target isaac_ros_pointcloud_interfaces__rosidl_typesupport_fastrtps_cpp\n'}
[15.325285] (isaac_ros_tensor_list_interfaces) StdoutLine: {'line': b'[ 74%] \x1b[32m\x1b[1mLinking CXX shared library libisaac_ros_tensor_list_interfaces__rosidl_typesupport_fastrtps_c.so\x1b[0m\n'}
[15.337206] (isaac_ros_nova_interfaces) StdoutLine: {'line': b'[ 76%] \x1b[34m\x1b[1mGenerating Python code for ROS interfaces\x1b[0m\n'}
[15.341791] (isaac_ros_pointcloud_interfaces) StdoutLine: {'line': b'[ 70%] Built target isaac_ros_pointcloud_interfaces\n'}
[15.352781] (isaac_ros_tensor_list_interfaces) StdoutLine: {'line': b'[ 76%] \x1b[32m\x1b[1mLinking CXX shared library libisaac_ros_tensor_list_interfaces__rosidl_typesupport_fastrtps_cpp.so\x1b[0m\n'}
[15.357836] (isaac_ros_pointcloud_interfaces) StdoutLine: {'line': b'[ 74%] \x1b[34m\x1b[1mGenerating Python code for ROS interfaces\x1b[0m\n'}
[15.362823] (isaac_ros_apriltag_interfaces) StdoutLine: {'line': b'[ 74%] Built target isaac_ros_apriltag_interfaces__rosidl_typesupport_introspection_cpp\n'}
[15.379000] (isaac_ros_apriltag_interfaces) StdoutLine: {'line': b'[ 74%] Built target isaac_ros_apriltag_interfaces\n'}
[15.392204] (-) TimerEvent: {}
[15.397198] (isaac_ros_apriltag_interfaces) StdoutLine: {'line': b'[ 76%] \x1b[34m\x1b[1mGenerating Python code for ROS interfaces\x1b[0m\n'}
[15.402652] (isaac_ros_tensor_list_interfaces) StdoutLine: {'line': b'[ 76%] Built target isaac_ros_tensor_list_interfaces__rosidl_typesupport_fastrtps_c\n'}
[15.422426] (isaac_ros_bi3d_interfaces) StdoutLine: {'line': b'[ 74%] Built target isaac_ros_bi3d_interfaces__py\n'}
[15.437777] (isaac_ros_bi3d_interfaces) StdoutLine: {'line': b'[ 77%] \x1b[32mBuilding C object CMakeFiles/isaac_ros_bi3d_interfaces__rosidl_generator_py.dir/rosidl_generator_py/isaac_ros_bi3d_interfaces/msg/_bi3_d_inference_parameters_array_s.c.o\x1b[0m\n'}
[15.439416] (isaac_ros_tensor_list_interfaces) StdoutLine: {'line': b'[ 76%] Built target isaac_ros_tensor_list_interfaces__rosidl_typesupport_fastrtps_cpp\n'}
[15.454446] (isaac_ros_tensor_list_interfaces) StdoutLine: {'line': b'[ 76%] Built target isaac_ros_tensor_list_interfaces\n'}
[15.470532] (isaac_ros_tensor_list_interfaces) StdoutLine: {'line': b'[ 78%] \x1b[34m\x1b[1mGenerating Python code for ROS interfaces\x1b[0m\n'}
[15.492337] (-) TimerEvent: {}
[15.527959] (isaac_ros_nitros_bridge_interfaces) StdoutLine: {'line': b'[ 74%] Built target isaac_ros_nitros_bridge_interfaces__py\n'}
[15.541368] (isaac_ros_nitros_bridge_interfaces) StdoutLine: {'line': b'[ 77%] \x1b[32mBuilding C object CMakeFiles/isaac_ros_nitros_bridge_interfaces__rosidl_generator_py.dir/rosidl_generator_py/isaac_ros_nitros_bridge_interfaces/msg/_nitros_bridge_image_s.c.o\x1b[0m\n'}
[15.592449] (-) TimerEvent: {}
[15.642992] (isaac_ros_bi3d_interfaces) StdoutLine: {'line': b'[ 80%] \x1b[32m\x1b[1mLinking C shared library rosidl_generator_py/isaac_ros_bi3d_interfaces/libisaac_ros_bi3d_interfaces__rosidl_generator_py.so\x1b[0m\n'}
[15.676519] (isaac_ros_bi3d_interfaces) StdoutLine: {'line': b'[ 80%] Built target isaac_ros_bi3d_interfaces__rosidl_generator_py\n'}
[15.692571] (-) TimerEvent: {}
[15.692878] (isaac_ros_bi3d_interfaces) StdoutLine: {'line': b'[ 83%] \x1b[32mBuilding C object CMakeFiles/isaac_ros_bi3d_interfaces__rosidl_typesupport_fastrtps_c__pyext.dir/rosidl_generator_py/isaac_ros_bi3d_interfaces/_isaac_ros_bi3d_interfaces_s.ep.rosidl_typesupport_fastrtps_c.c.o\x1b[0m\n'}
[15.693714] (isaac_ros_bi3d_interfaces) StdoutLine: {'line': b'[ 87%] \x1b[32mBuilding C object CMakeFiles/isaac_ros_bi3d_interfaces__rosidl_typesupport_introspection_c__pyext.dir/rosidl_generator_py/isaac_ros_bi3d_interfaces/_isaac_ros_bi3d_interfaces_s.ep.rosidl_typesupport_introspection_c.c.o\x1b[0m\n'}
[15.693901] (isaac_ros_bi3d_interfaces) StdoutLine: {'line': b'[ 90%] \x1b[32mBuilding C object CMakeFiles/isaac_ros_bi3d_interfaces__rosidl_typesupport_c__pyext.dir/rosidl_generator_py/isaac_ros_bi3d_interfaces/_isaac_ros_bi3d_interfaces_s.ep.rosidl_typesupport_c.c.o\x1b[0m\n'}
[15.759856] (isaac_ros_apriltag_interfaces) StdoutLine: {'line': b'[ 76%] Built target isaac_ros_apriltag_interfaces__py\n'}
[15.770489] (isaac_ros_nitros_bridge_interfaces) StdoutLine: {'line': b'[ 80%] \x1b[32m\x1b[1mLinking C shared library rosidl_generator_py/isaac_ros_nitros_bridge_interfaces/libisaac_ros_nitros_bridge_interfaces__rosidl_generator_py.so\x1b[0m\n'}
[15.775120] (isaac_ros_apriltag_interfaces) StdoutLine: {'line': b'[ 79%] \x1b[32mBuilding C object CMakeFiles/isaac_ros_apriltag_interfaces__rosidl_generator_py.dir/rosidl_generator_py/isaac_ros_apriltag_interfaces/msg/_april_tag_detection_s.c.o\x1b[0m\n'}
[15.775578] (isaac_ros_apriltag_interfaces) StdoutLine: {'line': b'[ 82%] \x1b[32mBuilding C object CMakeFiles/isaac_ros_apriltag_interfaces__rosidl_generator_py.dir/rosidl_generator_py/isaac_ros_apriltag_interfaces/msg/_april_tag_detection_array_s.c.o\x1b[0m\n'}
[15.792685] (-) TimerEvent: {}
[15.811921] (isaac_ros_nitros_bridge_interfaces) StdoutLine: {'line': b'[ 80%] Built target isaac_ros_nitros_bridge_interfaces__rosidl_generator_py\n'}
[15.812156] (isaac_ros_pointcloud_interfaces) StdoutLine: {'line': b'[ 74%] Built target isaac_ros_pointcloud_interfaces__py\n'}
[15.830831] (isaac_ros_nitros_bridge_interfaces) StdoutLine: {'line': b'[ 90%] \x1b[32mBuilding C object CMakeFiles/isaac_ros_nitros_bridge_interfaces__rosidl_typesupport_fastrtps_c__pyext.dir/rosidl_generator_py/isaac_ros_nitros_bridge_interfaces/_isaac_ros_nitros_bridge_interfaces_s.ep.rosidl_typesupport_fastrtps_c.c.o\x1b[0m\n'}
[15.831076] (isaac_ros_nitros_bridge_interfaces) StdoutLine: {'line': b'[ 90%] \x1b[32mBuilding C object CMakeFiles/isaac_ros_nitros_bridge_interfaces__rosidl_typesupport_introspection_c__pyext.dir/rosidl_generator_py/isaac_ros_nitros_bridge_interfaces/_isaac_ros_nitros_bridge_interfaces_s.ep.rosidl_typesupport_introspection_c.c.o\x1b[0m\n'}
[15.831206] (isaac_ros_nitros_bridge_interfaces) StdoutLine: {'line': b'[ 90%] \x1b[32mBuilding C object CMakeFiles/isaac_ros_nitros_bridge_interfaces__rosidl_typesupport_c__pyext.dir/rosidl_generator_py/isaac_ros_nitros_bridge_interfaces/_isaac_ros_nitros_bridge_interfaces_s.ep.rosidl_typesupport_c.c.o\x1b[0m\n'}
[15.831297] (isaac_ros_pointcloud_interfaces) StdoutLine: {'line': b'[ 77%] \x1b[32mBuilding C object CMakeFiles/isaac_ros_pointcloud_interfaces__rosidl_generator_py.dir/rosidl_generator_py/isaac_ros_pointcloud_interfaces/msg/_flat_scan_s.c.o\x1b[0m\n'}
[15.883332] (isaac_ros_nova_interfaces) StdoutLine: {'line': b'[ 76%] Built target isaac_ros_nova_interfaces__py\n'}
[15.893019] (-) TimerEvent: {}
[15.904100] (isaac_ros_nova_interfaces) StdoutLine: {'line': b'[ 79%] \x1b[32mBuilding C object CMakeFiles/isaac_ros_nova_interfaces__rosidl_generator_py.dir/rosidl_generator_py/isaac_ros_nova_interfaces/msg/_correlated_timestamp_s.c.o\x1b[0m\n'}
[15.904956] (isaac_ros_nova_interfaces) StdoutLine: {'line': b'[ 82%] \x1b[32mBuilding C object CMakeFiles/isaac_ros_nova_interfaces__rosidl_generator_py.dir/rosidl_generator_py/isaac_ros_nova_interfaces/msg/_encoder_ticks_s.c.o\x1b[0m\n'}
[15.916944] (isaac_ros_bi3d_interfaces) StdoutLine: {'line': b'[ 93%] \x1b[32m\x1b[1mLinking C shared library rosidl_generator_py/isaac_ros_bi3d_interfaces/isaac_ros_bi3d_interfaces_s__rosidl_typesupport_c.cpython-38-x86_64-linux-gnu.so\x1b[0m\n'}
[15.961498] (isaac_ros_bi3d_interfaces) StdoutLine: {'line': b'[ 93%] Built target isaac_ros_bi3d_interfaces__rosidl_typesupport_c__pyext\n'}
[15.964412] (isaac_ros_bi3d_interfaces) StdoutLine: {'line': b'[ 96%] \x1b[32m\x1b[1mLinking C shared library rosidl_generator_py/isaac_ros_bi3d_interfaces/isaac_ros_bi3d_interfaces_s__rosidl_typesupport_introspection_c.cpython-38-x86_64-linux-gnu.so\x1b[0m\n'}
[15.981734] (isaac_ros_bi3d_interfaces) StdoutLine: {'line': b'[100%] \x1b[32m\x1b[1mLinking C shared library rosidl_generator_py/isaac_ros_bi3d_interfaces/isaac_ros_bi3d_interfaces_s__rosidl_typesupport_fastrtps_c.cpython-38-x86_64-linux-gnu.so\x1b[0m\n'}
[15.993169] (-) TimerEvent: {}
[16.014975] (isaac_ros_bi3d_interfaces) StdoutLine: {'line': b'[100%] Built target isaac_ros_bi3d_interfaces__rosidl_typesupport_introspection_c__pyext\n'}
[16.020441] (isaac_ros_tensor_list_interfaces) StdoutLine: {'line': b'[ 78%] Built target isaac_ros_tensor_list_interfaces__py\n'}
[16.031997] (isaac_ros_bi3d_interfaces) StdoutLine: {'line': b'[100%] Built target isaac_ros_bi3d_interfaces__rosidl_typesupport_fastrtps_c__pyext\n'}
[16.041258] (isaac_ros_tensor_list_interfaces) StdoutLine: {'line': b'[ 82%] \x1b[32mBuilding C object CMakeFiles/isaac_ros_tensor_list_interfaces__rosidl_generator_py.dir/rosidl_generator_py/isaac_ros_tensor_list_interfaces/msg/_tensor_shape_s.c.o\x1b[0m\n'}
[16.041543] (isaac_ros_tensor_list_interfaces) StdoutLine: {'line': b'[ 82%] \x1b[32mBuilding C object CMakeFiles/isaac_ros_tensor_list_interfaces__rosidl_generator_py.dir/rosidl_generator_py/isaac_ros_tensor_list_interfaces/msg/_tensor_s.c.o\x1b[0m\n'}
[16.042736] (isaac_ros_tensor_list_interfaces) StdoutLine: {'line': b'[ 85%] \x1b[32mBuilding C object CMakeFiles/isaac_ros_tensor_list_interfaces__rosidl_generator_py.dir/rosidl_generator_py/isaac_ros_tensor_list_interfaces/msg/_tensor_list_s.c.o\x1b[0m\n'}
[16.049722] (isaac_ros_bi3d_interfaces) CommandEnded: {'returncode': 0}
[16.073650] (isaac_ros_apriltag_interfaces) StdoutLine: {'line': b'[ 84%] \x1b[32m\x1b[1mLinking C shared library rosidl_generator_py/isaac_ros_apriltag_interfaces/libisaac_ros_apriltag_interfaces__rosidl_generator_py.so\x1b[0m\n'}
[16.094410] (-) TimerEvent: {}
[16.118997] (isaac_ros_nitros_bridge_interfaces) StdoutLine: {'line': b'[ 93%] \x1b[32m\x1b[1mLinking C shared library rosidl_generator_py/isaac_ros_nitros_bridge_interfaces/isaac_ros_nitros_bridge_interfaces_s__rosidl_typesupport_fastrtps_c.cpython-38-x86_64-linux-gnu.so\x1b[0m\n'}
[16.125119] (isaac_ros_nitros_bridge_interfaces) StdoutLine: {'line': b'[ 96%] \x1b[32m\x1b[1mLinking C shared library rosidl_generator_py/isaac_ros_nitros_bridge_interfaces/isaac_ros_nitros_bridge_interfaces_s__rosidl_typesupport_c.cpython-38-x86_64-linux-gnu.so\x1b[0m\n'}
[16.125357] (isaac_ros_apriltag_interfaces) StdoutLine: {'line': b'[ 84%] Built target isaac_ros_apriltag_interfaces__rosidl_generator_py\n'}
[16.129326] (isaac_ros_nitros_bridge_interfaces) StdoutLine: {'line': b'[100%] \x1b[32m\x1b[1mLinking C shared library rosidl_generator_py/isaac_ros_nitros_bridge_interfaces/isaac_ros_nitros_bridge_interfaces_s__rosidl_typesupport_introspection_c.cpython-38-x86_64-linux-gnu.so\x1b[0m\n'}
[16.147243] (isaac_ros_apriltag_interfaces) StdoutLine: {'line': b'[ 87%] \x1b[32mBuilding C object CMakeFiles/isaac_ros_apriltag_interfaces__rosidl_typesupport_fastrtps_c__pyext.dir/rosidl_generator_py/isaac_ros_apriltag_interfaces/_isaac_ros_apriltag_interfaces_s.ep.rosidl_typesupport_fastrtps_c.c.o\x1b[0m\n'}
[16.147529] (isaac_ros_apriltag_interfaces) StdoutLine: {'line': b'[ 89%] \x1b[32mBuilding C object CMakeFiles/isaac_ros_apriltag_interfaces__rosidl_typesupport_c__pyext.dir/rosidl_generator_py/isaac_ros_apriltag_interfaces/_isaac_ros_apriltag_interfaces_s.ep.rosidl_typesupport_c.c.o\x1b[0m\n'}
[16.148333] (isaac_ros_apriltag_interfaces) StdoutLine: {'line': b'[ 92%] \x1b[32mBuilding C object CMakeFiles/isaac_ros_apriltag_interfaces__rosidl_typesupport_introspection_c__pyext.dir/rosidl_generator_py/isaac_ros_apriltag_interfaces/_isaac_ros_apriltag_interfaces_s.ep.rosidl_typesupport_introspection_c.c.o\x1b[0m\n'}
[16.170505] (isaac_ros_nitros_bridge_interfaces) StdoutLine: {'line': b'[100%] Built target isaac_ros_nitros_bridge_interfaces__rosidl_typesupport_c__pyext\n'}
[16.170773] (isaac_ros_nitros_bridge_interfaces) StdoutLine: {'line': b'[100%] Built target isaac_ros_nitros_bridge_interfaces__rosidl_typesupport_fastrtps_c__pyext\n'}
[16.173453] (isaac_ros_nitros_bridge_interfaces) StdoutLine: {'line': b'[100%] Built target isaac_ros_nitros_bridge_interfaces__rosidl_typesupport_introspection_c__pyext\n'}
[16.177903] (isaac_ros_nova_interfaces) StdoutLine: {'line': b'[ 84%] \x1b[32m\x1b[1mLinking C shared library rosidl_generator_py/isaac_ros_nova_interfaces/libisaac_ros_nova_interfaces__rosidl_generator_py.so\x1b[0m\n'}
[16.180972] (isaac_ros_nitros_bridge_interfaces) CommandEnded: {'returncode': 0}
[16.195343] (-) TimerEvent: {}
[16.210689] (isaac_ros_bi3d_interfaces) JobProgress: {'identifier': 'isaac_ros_bi3d_interfaces', 'progress': 'install'}
[16.211046] (isaac_ros_bi3d_interfaces) Command: {'cmd': ['/usr/bin/cmake', '--install', '/workspaces/isaac_ros-dev/build/isaac_ros_bi3d_interfaces'], 'cwd': '/workspaces/isaac_ros-dev/build/isaac_ros_bi3d_interfaces', 'env': OrderedDict([('DALI_BUILD', '5838886'), ('LIBRARY_PATH', '/usr/local/cuda/lib64/stubs:'), ('PYTHONWARNINGS', 'ignore:::setuptools.command.install,ignore:::setuptools.command.easy_install,ignore:::pkg_resources'), ('USER', 'bantalemak'), ('TF_ADJUST_SATURATION_FUSED', '1'), ('JAVA_TOOL_OPTIONS', '-Dfile.encoding=UTF8'), ('CUSOLVER_VERSION', '11.4.1.48'), ('HOSTNAME', 'bantalemak-Legion-5-15ACH6'), ('CUTENSOR_VERSION', '1.6.1.5'), ('SHLVL', '2'), ('LD_LIBRARY_PATH', '/workspaces/isaac_ros-dev/install/isaac_ros_common/lib:/opt/ros/humble/opt/rviz_ogre_vendor/lib:/opt/ros/humble/lib/x86_64-linux-gnu:/opt/ros/humble/lib:/opt/tritonserver/backends/onnxruntime:/usr/local/cuda/compat/lib:/usr/local/nvidia/lib:/usr/local/nvidia/lib64:/opt/tritonserver/lib'), ('HOME', '/home/admin'), ('NVIDIA_TRITON_SERVER_VERSION', '22.09'), ('CUDA_CACHE_DISABLE', '1'), ('ROS_PYTHON_VERSION', '3'), ('CCACHE_UMASK', '000'), ('USER_UID', '1000'), ('ENV', '/etc/shinit_v2'), ('RDMACORE_VERSION', '36.0'), ('NVJPEG_VERSION', '11.9.0.86'), ('NVIDIA_BUILD_ID', '44909143'), ('CUDA_VERSION', '11.8.0.062'), ('CUBLAS_VERSION', '11.11.3.6'), ('NSIGHT_SYSTEMS_VERSION', '2022.3.1.43'), ('ROS_DISTRO', 'humble'), ('OPAL_PREFIX', '/opt/hpcx/ompi'), ('NVIDIA_REQUIRE_CUDA', 'cuda>=9.0'), ('TRT_VERSION', '8.5.0.12'), ('GDRCOPY_VERSION', '2.3'), ('_', '/usr/bin/colcon'), ('ROS_VERSION', '2'), ('NVIDIA_DRIVER_CAPABILITIES', 'all'), ('POLYGRAPHY_VERSION', '0.38.0'), ('CURAND_VERSION', '10.3.0.86'), ('MOFED_VERSION', '5.4-rdmacore36.0'), ('USERNAME', 'admin'), ('TERM', 'xterm'), ('ROS_LOCALHOST_ONLY', '0'), ('QT_X11_NO_MITSHM', '1'), ('PATH', '/opt/ros/humble/bin:/usr/lib/ccache:/opt/tritonserver/bin:/usr/local/mpi/bin:/usr/local/nvidia/bin:/usr/local/cuda/bin:/usr/local/sbin:/usr/local/bin:/usr/sbin:/usr/bin:/sbin:/bin:/usr/local/ucx/bin:/opt/nvidia/tao'), ('FASTRTPS_DEFAULT_PROFILES_FILE', '/usr/local/share/middleware_profiles/rtps_udp_profile.xml'), ('CUDA_DRIVER_VERSION', '520.61.03'), ('_CUDA_COMPAT_STATUS', 'System has unsupported display driver / cuda driver combination (CUDA_ERROR_SYSTEM_DRIVER_MISMATCH) cuInit()=803'), ('DISPLAY', ':1'), ('NVIDIA_PRODUCT_NAME', 'Triton Server'), ('LANG', 'C.UTF-8'), ('RMW_IMPLEMENTATION', 'rmw_fastrtps_cpp'), ('NPP_VERSION', '11.8.0.86'), ('ROS_ROOT', '/opt/ros/humble'), ('CUFFT_VERSION', '10.9.0.58'), ('TF_ENABLE_WINOGRAD_NONFUSED', '1'), ('AMENT_PREFIX_PATH', '/workspaces/isaac_ros-dev/install/isaac_ros_common:/opt/ros/humble'), ('CUDNN_VERSION', '8.6.0.163'), ('NSIGHT_COMPUTE_VERSION', '2022.3.0.22'), ('DALI_VERSION', '1.17.0'), ('DEBIAN_FRONTEND', 'noninteractive'), ('SHELL', '/bin/bash'), ('DCGM_VERSION', '2.2.9'), ('OPENMPI_VERSION', '4.1.4'), ('TRTOSS_VERSION', ''), ('OMPI_MCA_coll_hcoll_enable', '0'), ('CUSPARSE_VERSION', '11.7.5.86'), ('TRITON_SERVER_GPU_ENABLED', '1'), ('TRITON_SERVER_VERSION', '2.26.0'), ('BASH_ENV', '/etc/bash.bashrc'), ('PWD', '/workspaces/isaac_ros-dev/build/isaac_ros_bi3d_interfaces'), ('LC_ALL', 'C.UTF-8'), ('PYTHONPATH', '/opt/ros/humble/lib/python3.8/site-packages'), ('_CUDA_COMPAT_PATH', '/usr/local/cuda/compat'), ('TRITON_SERVER_USER', 'triton-server'), ('TF_ADJUST_HUE_FUSED', '1'), ('NVIDIA_VISIBLE_DEVICES', 'all'), ('NCCL_VERSION', '2.15.1'), ('TZ', 'UTC'), ('USER_GID', '1000'), ('COLCON', '1'), ('OPENUCX_VERSION', '1.14.0'), ('HPCX_VERSION', '2.12.1a0'), ('SHARP_COLL_ENABLE_CUDA', '0'), ('TF_AUTOTUNE_THRESHOLD', '2'), ('CMAKE_PREFIX_PATH', '/workspaces/isaac_ros-dev/install/isaac_ros_common:/opt/ros/humble')]), 'shell': False}
[16.212321] (isaac_ros_pointcloud_interfaces) StdoutLine: {'line': b'[ 80%] \x1b[32m\x1b[1mLinking C shared library rosidl_generator_py/isaac_ros_pointcloud_interfaces/libisaac_ros_pointcloud_interfaces__rosidl_generator_py.so\x1b[0m\n'}
[16.216167] (isaac_ros_bi3d_interfaces) StdoutLine: {'line': b'-- Install configuration: "Release"\n'}
[16.216426] (isaac_ros_bi3d_interfaces) StdoutLine: {'line': b'-- Installing: /workspaces/isaac_ros-dev/install/isaac_ros_bi3d_interfaces/share/ament_index/resource_index/rosidl_interfaces/isaac_ros_bi3d_interfaces\n'}
[16.216614] (isaac_ros_bi3d_interfaces) StdoutLine: {'line': b'-- Installing: /workspaces/isaac_ros-dev/install/isaac_ros_bi3d_interfaces/include/isaac_ros_bi3d_interfaces/isaac_ros_bi3d_interfaces\n'}
[16.216902] (isaac_ros_bi3d_interfaces) StdoutLine: {'line': b'-- Installing: /workspaces/isaac_ros-dev/install/isaac_ros_bi3d_interfaces/include/isaac_ros_bi3d_interfaces/isaac_ros_bi3d_interfaces/msg\n'}
[16.217006] (isaac_ros_bi3d_interfaces) StdoutLine: {'line': b'-- Installing: /workspaces/isaac_ros-dev/install/isaac_ros_bi3d_interfaces/include/isaac_ros_bi3d_interfaces/isaac_ros_bi3d_interfaces/msg/bi3_d_inference_parameters_array.h\n'}
[16.218084] (isaac_ros_bi3d_interfaces) StdoutLine: {'line': b'-- Installing: /workspaces/isaac_ros-dev/install/isaac_ros_bi3d_interfaces/include/isaac_ros_bi3d_interfaces/isaac_ros_bi3d_interfaces/msg/rosidl_generator_c__visibility_control.h\n'}
[16.218252] (isaac_ros_bi3d_interfaces) StdoutLine: {'line': b'-- Installing: /workspaces/isaac_ros-dev/install/isaac_ros_bi3d_interfaces/include/isaac_ros_bi3d_interfaces/isaac_ros_bi3d_interfaces/msg/detail\n'}
[16.218359] (isaac_ros_bi3d_interfaces) StdoutLine: {'line': b'-- Installing: /workspaces/isaac_ros-dev/install/isaac_ros_bi3d_interfaces/include/isaac_ros_bi3d_interfaces/isaac_ros_bi3d_interfaces/msg/detail/bi3_d_inference_parameters_array__functions.c\n'}
[16.218462] (isaac_ros_bi3d_interfaces) StdoutLine: {'line': b'-- Installing: /workspaces/isaac_ros-dev/install/isaac_ros_bi3d_interfaces/include/isaac_ros_bi3d_interfaces/isaac_ros_bi3d_interfaces/msg/detail/bi3_d_inference_parameters_array__struct.h\n'}
[16.218571] (isaac_ros_bi3d_interfaces) StdoutLine: {'line': b'-- Installing: /workspaces/isaac_ros-dev/install/isaac_ros_bi3d_interfaces/include/isaac_ros_bi3d_interfaces/isaac_ros_bi3d_interfaces/msg/detail/bi3_d_inference_parameters_array__type_support.h\n'}
[16.218655] (isaac_ros_bi3d_interfaces) StdoutLine: {'line': b'-- Installing: /workspaces/isaac_ros-dev/install/isaac_ros_bi3d_interfaces/include/isaac_ros_bi3d_interfaces/isaac_ros_bi3d_interfaces/msg/detail/bi3_d_inference_parameters_array__functions.h\n'}
[16.218734] (isaac_ros_nova_interfaces) StdoutLine: {'line': b'[ 84%] Built target isaac_ros_nova_interfaces__rosidl_generator_py\n'}
[16.219024] (isaac_ros_bi3d_interfaces) StdoutLine: {'line': b'-- Installing: /workspaces/isaac_ros-dev/install/isaac_ros_bi3d_interfaces/share/isaac_ros_bi3d_interfaces/environment/library_path.sh\n'}
[16.219127] (isaac_ros_bi3d_interfaces) StdoutLine: {'line': b'-- Installing: /workspaces/isaac_ros-dev/install/isaac_ros_bi3d_interfaces/share/isaac_ros_bi3d_interfaces/environment/library_path.dsv\n'}
[16.219225] (isaac_ros_bi3d_interfaces) StdoutLine: {'line': b'-- Installing: /workspaces/isaac_ros-dev/install/isaac_ros_bi3d_interfaces/lib/libisaac_ros_bi3d_interfaces__rosidl_generator_c.so\n'}
[16.219402] (isaac_ros_bi3d_interfaces) StdoutLine: {'line': b'-- Set runtime path of "/workspaces/isaac_ros-dev/install/isaac_ros_bi3d_interfaces/lib/libisaac_ros_bi3d_interfaces__rosidl_generator_c.so" to ""\n'}
[16.219486] (isaac_ros_bi3d_interfaces) StdoutLine: {'line': b'-- Up-to-date: /workspaces/isaac_ros-dev/install/isaac_ros_bi3d_interfaces/include/isaac_ros_bi3d_interfaces/isaac_ros_bi3d_interfaces\n'}
[16.219611] (isaac_ros_bi3d_interfaces) StdoutLine: {'line': b'-- Up-to-date: /workspaces/isaac_ros-dev/install/isaac_ros_bi3d_interfaces/include/isaac_ros_bi3d_interfaces/isaac_ros_bi3d_interfaces/msg\n'}
[16.219735] (isaac_ros_bi3d_interfaces) StdoutLine: {'line': b'-- Installing: /workspaces/isaac_ros-dev/install/isaac_ros_bi3d_interfaces/include/isaac_ros_bi3d_interfaces/isaac_ros_bi3d_interfaces/msg/rosidl_typesupport_fastrtps_c__visibility_control.h\n'}
[16.219838] (isaac_ros_bi3d_interfaces) StdoutLine: {'line': b'-- Up-to-date: /workspaces/isaac_ros-dev/install/isaac_ros_bi3d_interfaces/include/isaac_ros_bi3d_interfaces/isaac_ros_bi3d_interfaces/msg/detail\n'}
[16.219934] (isaac_ros_bi3d_interfaces) StdoutLine: {'line': b'-- Installing: /workspaces/isaac_ros-dev/install/isaac_ros_bi3d_interfaces/include/isaac_ros_bi3d_interfaces/isaac_ros_bi3d_interfaces/msg/detail/bi3_d_inference_parameters_array__rosidl_typesupport_fastrtps_c.h\n'}
[16.220145] (isaac_ros_bi3d_interfaces) StdoutLine: {'line': b'-- Installing: /workspaces/isaac_ros-dev/install/isaac_ros_bi3d_interfaces/lib/libisaac_ros_bi3d_interfaces__rosidl_typesupport_fastrtps_c.so\n'}
[16.220418] (isaac_ros_bi3d_interfaces) StdoutLine: {'line': b'-- Set runtime path of "/workspaces/isaac_ros-dev/install/isaac_ros_bi3d_interfaces/lib/libisaac_ros_bi3d_interfaces__rosidl_typesupport_fastrtps_c.so" to ""\n'}
[16.220581] (isaac_ros_bi3d_interfaces) StdoutLine: {'line': b'-- Up-to-date: /workspaces/isaac_ros-dev/install/isaac_ros_bi3d_interfaces/include/isaac_ros_bi3d_interfaces/isaac_ros_bi3d_interfaces\n'}
[16.220667] (isaac_ros_bi3d_interfaces) StdoutLine: {'line': b'-- Up-to-date: /workspaces/isaac_ros-dev/install/isaac_ros_bi3d_interfaces/include/isaac_ros_bi3d_interfaces/isaac_ros_bi3d_interfaces/msg\n'}
[16.220764] (isaac_ros_bi3d_interfaces) StdoutLine: {'line': b'-- Installing: /workspaces/isaac_ros-dev/install/isaac_ros_bi3d_interfaces/include/isaac_ros_bi3d_interfaces/isaac_ros_bi3d_interfaces/msg/rosidl_typesupport_introspection_c__visibility_control.h\n'}
[16.220935] (isaac_ros_bi3d_interfaces) StdoutLine: {'line': b'-- Up-to-date: /workspaces/isaac_ros-dev/install/isaac_ros_bi3d_interfaces/include/isaac_ros_bi3d_interfaces/isaac_ros_bi3d_interfaces/msg/detail\n'}
[16.221052] (isaac_ros_bi3d_interfaces) StdoutLine: {'line': b'-- Installing: /workspaces/isaac_ros-dev/install/isaac_ros_bi3d_interfaces/include/isaac_ros_bi3d_interfaces/isaac_ros_bi3d_interfaces/msg/detail/bi3_d_inference_parameters_array__rosidl_typesupport_introspection_c.h\n'}
[16.221179] (isaac_ros_bi3d_interfaces) StdoutLine: {'line': b'-- Installing: /workspaces/isaac_ros-dev/install/isaac_ros_bi3d_interfaces/include/isaac_ros_bi3d_interfaces/isaac_ros_bi3d_interfaces/msg/detail/bi3_d_inference_parameters_array__type_support.c\n'}
[16.221325] (isaac_ros_bi3d_interfaces) StdoutLine: {'line': b'-- Installing: /workspaces/isaac_ros-dev/install/isaac_ros_bi3d_interfaces/lib/libisaac_ros_bi3d_interfaces__rosidl_typesupport_introspection_c.so\n'}
[16.221678] (isaac_ros_bi3d_interfaces) StdoutLine: {'line': b'-- Set runtime path of "/workspaces/isaac_ros-dev/install/isaac_ros_bi3d_interfaces/lib/libisaac_ros_bi3d_interfaces__rosidl_typesupport_introspection_c.so" to ""\n'}
[16.221922] (isaac_ros_bi3d_interfaces) StdoutLine: {'line': b'-- Installing: /workspaces/isaac_ros-dev/install/isaac_ros_bi3d_interfaces/lib/libisaac_ros_bi3d_interfaces__rosidl_typesupport_c.so\n'}
[16.223582] (isaac_ros_bi3d_interfaces) StdoutLine: {'line': b'-- Set runtime path of "/workspaces/isaac_ros-dev/install/isaac_ros_bi3d_interfaces/lib/libisaac_ros_bi3d_interfaces__rosidl_typesupport_c.so" to ""\n'}
[16.223771] (isaac_ros_bi3d_interfaces) StdoutLine: {'line': b'-- Up-to-date: /workspaces/isaac_ros-dev/install/isaac_ros_bi3d_interfaces/include/isaac_ros_bi3d_interfaces/isaac_ros_bi3d_interfaces\n'}
[16.223933] (isaac_ros_bi3d_interfaces) StdoutLine: {'line': b'-- Up-to-date: /workspaces/isaac_ros-dev/install/isaac_ros_bi3d_interfaces/include/isaac_ros_bi3d_interfaces/isaac_ros_bi3d_interfaces/msg\n'}
[16.224017] (isaac_ros_bi3d_interfaces) StdoutLine: {'line': b'-- Installing: /workspaces/isaac_ros-dev/install/isaac_ros_bi3d_interfaces/include/isaac_ros_bi3d_interfaces/isaac_ros_bi3d_interfaces/msg/bi3_d_inference_parameters_array.hpp\n'}
[16.224381] (isaac_ros_bi3d_interfaces) StdoutLine: {'line': b'-- Up-to-date: /workspaces/isaac_ros-dev/install/isaac_ros_bi3d_interfaces/include/isaac_ros_bi3d_interfaces/isaac_ros_bi3d_interfaces/msg/detail\n'}
[16.224475] (isaac_ros_bi3d_interfaces) StdoutLine: {'line': b'-- Installing: /workspaces/isaac_ros-dev/install/isaac_ros_bi3d_interfaces/include/isaac_ros_bi3d_interfaces/isaac_ros_bi3d_interfaces/msg/detail/bi3_d_inference_parameters_array__struct.hpp\n'}
[16.224554] (isaac_ros_bi3d_interfaces) StdoutLine: {'line': b'-- Installing: /workspaces/isaac_ros-dev/install/isaac_ros_bi3d_interfaces/include/isaac_ros_bi3d_interfaces/isaac_ros_bi3d_interfaces/msg/detail/bi3_d_inference_parameters_array__traits.hpp\n'}
[16.224670] (isaac_ros_bi3d_interfaces) StdoutLine: {'line': b'-- Installing: /workspaces/isaac_ros-dev/install/isaac_ros_bi3d_interfaces/include/isaac_ros_bi3d_interfaces/isaac_ros_bi3d_interfaces/msg/detail/bi3_d_inference_parameters_array__builder.hpp\n'}
[16.224824] (isaac_ros_bi3d_interfaces) StdoutLine: {'line': b'-- Up-to-date: /workspaces/isaac_ros-dev/install/isaac_ros_bi3d_interfaces/include/isaac_ros_bi3d_interfaces/isaac_ros_bi3d_interfaces\n'}
[16.224960] (isaac_ros_bi3d_interfaces) StdoutLine: {'line': b'-- Up-to-date: /workspaces/isaac_ros-dev/install/isaac_ros_bi3d_interfaces/include/isaac_ros_bi3d_interfaces/isaac_ros_bi3d_interfaces/msg\n'}
[16.225148] (isaac_ros_bi3d_interfaces) StdoutLine: {'line': b'-- Installing: /workspaces/isaac_ros-dev/install/isaac_ros_bi3d_interfaces/include/isaac_ros_bi3d_interfaces/isaac_ros_bi3d_interfaces/msg/rosidl_typesupport_fastrtps_cpp__visibility_control.h\n'}
[16.225243] (isaac_ros_bi3d_interfaces) StdoutLine: {'line': b'-- Up-to-date: /workspaces/isaac_ros-dev/install/isaac_ros_bi3d_interfaces/include/isaac_ros_bi3d_interfaces/isaac_ros_bi3d_interfaces/msg/detail\n'}
[16.225371] (isaac_ros_bi3d_interfaces) StdoutLine: {'line': b'-- Installing: /workspaces/isaac_ros-dev/install/isaac_ros_bi3d_interfaces/include/isaac_ros_bi3d_interfaces/isaac_ros_bi3d_interfaces/msg/detail/bi3_d_inference_parameters_array__rosidl_typesupport_fastrtps_cpp.hpp\n'}
[16.225474] (isaac_ros_bi3d_interfaces) StdoutLine: {'line': b'-- Installing: /workspaces/isaac_ros-dev/install/isaac_ros_bi3d_interfaces/include/isaac_ros_bi3d_interfaces/isaac_ros_bi3d_interfaces/msg/detail/dds_fastrtps\n'}
[16.225945] (isaac_ros_bi3d_interfaces) StdoutLine: {'line': b'-- Installing: /workspaces/isaac_ros-dev/install/isaac_ros_bi3d_interfaces/lib/libisaac_ros_bi3d_interfaces__rosidl_typesupport_fastrtps_cpp.so\n'}
[16.226843] (isaac_ros_bi3d_interfaces) StdoutLine: {'line': b'-- Set runtime path of "/workspaces/isaac_ros-dev/install/isaac_ros_bi3d_interfaces/lib/libisaac_ros_bi3d_interfaces__rosidl_typesupport_fastrtps_cpp.so" to ""\n'}
[16.227025] (isaac_ros_bi3d_interfaces) StdoutLine: {'line': b'-- Up-to-date: /workspaces/isaac_ros-dev/install/isaac_ros_bi3d_interfaces/include/isaac_ros_bi3d_interfaces/isaac_ros_bi3d_interfaces\n'}
[16.227119] (isaac_ros_bi3d_interfaces) StdoutLine: {'line': b'-- Up-to-date: /workspaces/isaac_ros-dev/install/isaac_ros_bi3d_interfaces/include/isaac_ros_bi3d_interfaces/isaac_ros_bi3d_interfaces/msg\n'}
[16.227199] (isaac_ros_bi3d_interfaces) StdoutLine: {'line': b'-- Up-to-date: /workspaces/isaac_ros-dev/install/isaac_ros_bi3d_interfaces/include/isaac_ros_bi3d_interfaces/isaac_ros_bi3d_interfaces/msg/detail\n'}
[16.227286] (isaac_ros_bi3d_interfaces) StdoutLine: {'line': b'-- Installing: /workspaces/isaac_ros-dev/install/isaac_ros_bi3d_interfaces/include/isaac_ros_bi3d_interfaces/isaac_ros_bi3d_interfaces/msg/detail/bi3_d_inference_parameters_array__rosidl_typesupport_introspection_cpp.hpp\n'}
[16.227374] (isaac_ros_bi3d_interfaces) StdoutLine: {'line': b'-- Installing: /workspaces/isaac_ros-dev/install/isaac_ros_bi3d_interfaces/include/isaac_ros_bi3d_interfaces/isaac_ros_bi3d_interfaces/msg/detail/bi3_d_inference_parameters_array__type_support.cpp\n'}
[16.227910] (isaac_ros_bi3d_interfaces) StdoutLine: {'line': b'-- Installing: /workspaces/isaac_ros-dev/install/isaac_ros_bi3d_interfaces/lib/libisaac_ros_bi3d_interfaces__rosidl_typesupport_introspection_cpp.so\n'}
[16.228764] (isaac_ros_bi3d_interfaces) StdoutLine: {'line': b'-- Set runtime path of "/workspaces/isaac_ros-dev/install/isaac_ros_bi3d_interfaces/lib/libisaac_ros_bi3d_interfaces__rosidl_typesupport_introspection_cpp.so" to ""\n'}
[16.228894] (isaac_ros_bi3d_interfaces) StdoutLine: {'line': b'-- Installing: /workspaces/isaac_ros-dev/install/isaac_ros_bi3d_interfaces/lib/libisaac_ros_bi3d_interfaces__rosidl_typesupport_cpp.so\n'}
[16.228990] (isaac_ros_bi3d_interfaces) StdoutLine: {'line': b'-- Set runtime path of "/workspaces/isaac_ros-dev/install/isaac_ros_bi3d_interfaces/lib/libisaac_ros_bi3d_interfaces__rosidl_typesupport_cpp.so" to ""\n'}
[16.229078] (isaac_ros_bi3d_interfaces) StdoutLine: {'line': b'-- Installing: /workspaces/isaac_ros-dev/install/isaac_ros_bi3d_interfaces/share/isaac_ros_bi3d_interfaces/environment/pythonpath.sh\n'}
[16.229161] (isaac_ros_bi3d_interfaces) StdoutLine: {'line': b'-- Installing: /workspaces/isaac_ros-dev/install/isaac_ros_bi3d_interfaces/share/isaac_ros_bi3d_interfaces/environment/pythonpath.dsv\n'}
[16.229775] (isaac_ros_bi3d_interfaces) StdoutLine: {'line': b'-- Installing: /workspaces/isaac_ros-dev/install/isaac_ros_bi3d_interfaces/lib/python3.8/site-packages/isaac_ros_bi3d_interfaces-2.1.0-py3.8.egg-info\n'}
[16.229979] (isaac_ros_bi3d_interfaces) StdoutLine: {'line': b'-- Installing: /workspaces/isaac_ros-dev/install/isaac_ros_bi3d_interfaces/lib/python3.8/site-packages/isaac_ros_bi3d_interfaces-2.1.0-py3.8.egg-info/dependency_links.txt\n'}
[16.230075] (isaac_ros_bi3d_interfaces) StdoutLine: {'line': b'-- Installing: /workspaces/isaac_ros-dev/install/isaac_ros_bi3d_interfaces/lib/python3.8/site-packages/isaac_ros_bi3d_interfaces-2.1.0-py3.8.egg-info/top_level.txt\n'}
[16.230271] (isaac_ros_bi3d_interfaces) StdoutLine: {'line': b'-- Installing: /workspaces/isaac_ros-dev/install/isaac_ros_bi3d_interfaces/lib/python3.8/site-packages/isaac_ros_bi3d_interfaces-2.1.0-py3.8.egg-info/SOURCES.txt\n'}
[16.230449] (isaac_ros_bi3d_interfaces) StdoutLine: {'line': b'-- Installing: /workspaces/isaac_ros-dev/install/isaac_ros_bi3d_interfaces/lib/python3.8/site-packages/isaac_ros_bi3d_interfaces-2.1.0-py3.8.egg-info/PKG-INFO\n'}
[16.230531] (isaac_ros_bi3d_interfaces) StdoutLine: {'line': b'-- Installing: /workspaces/isaac_ros-dev/install/isaac_ros_bi3d_interfaces/lib/python3.8/site-packages/isaac_ros_bi3d_interfaces\n'}
[16.230605] (isaac_ros_bi3d_interfaces) StdoutLine: {'line': b'-- Installing: /workspaces/isaac_ros-dev/install/isaac_ros_bi3d_interfaces/lib/python3.8/site-packages/isaac_ros_bi3d_interfaces/isaac_ros_bi3d_interfaces_s__rosidl_typesupport_c.cpython-38-x86_64-linux-gnu.so\n'}
[16.230774] (isaac_ros_bi3d_interfaces) StdoutLine: {'line': b'-- Installing: /workspaces/isaac_ros-dev/install/isaac_ros_bi3d_interfaces/lib/python3.8/site-packages/isaac_ros_bi3d_interfaces/isaac_ros_bi3d_interfaces_s__rosidl_typesupport_introspection_c.cpython-38-x86_64-linux-gnu.so\n'}
[16.230891] (isaac_ros_bi3d_interfaces) StdoutLine: {'line': b'-- Installing: /workspaces/isaac_ros-dev/install/isaac_ros_bi3d_interfaces/lib/python3.8/site-packages/isaac_ros_bi3d_interfaces/_isaac_ros_bi3d_interfaces_s.ep.rosidl_typesupport_introspection_c.c\n'}
[16.230978] (isaac_ros_bi3d_interfaces) StdoutLine: {'line': b'-- Installing: /workspaces/isaac_ros-dev/install/isaac_ros_bi3d_interfaces/lib/python3.8/site-packages/isaac_ros_bi3d_interfaces/isaac_ros_bi3d_interfaces_s__rosidl_typesupport_fastrtps_c.cpython-38-x86_64-linux-gnu.so\n'}
[16.232876] (isaac_ros_bi3d_interfaces) StdoutLine: {'line': b'-- Installing: /workspaces/isaac_ros-dev/install/isaac_ros_bi3d_interfaces/lib/python3.8/site-packages/isaac_ros_bi3d_interfaces/_isaac_ros_bi3d_interfaces_s.ep.rosidl_typesupport_fastrtps_c.c\n'}
[16.233031] (isaac_ros_bi3d_interfaces) StdoutLine: {'line': b'-- Installing: /workspaces/isaac_ros-dev/install/isaac_ros_bi3d_interfaces/lib/python3.8/site-packages/isaac_ros_bi3d_interfaces/libisaac_ros_bi3d_interfaces__rosidl_generator_py.so\n'}
[16.233133] (isaac_ros_bi3d_interfaces) StdoutLine: {'line': b'-- Installing: /workspaces/isaac_ros-dev/install/isaac_ros_bi3d_interfaces/lib/python3.8/site-packages/isaac_ros_bi3d_interfaces/__init__.py\n'}
[16.233251] (isaac_ros_bi3d_interfaces) StdoutLine: {'line': b'-- Installing: /workspaces/isaac_ros-dev/install/isaac_ros_bi3d_interfaces/lib/python3.8/site-packages/isaac_ros_bi3d_interfaces/msg\n'}
[16.233347] (isaac_ros_bi3d_interfaces) StdoutLine: {'line': b'-- Installing: /workspaces/isaac_ros-dev/install/isaac_ros_bi3d_interfaces/lib/python3.8/site-packages/isaac_ros_bi3d_interfaces/msg/_bi3_d_inference_parameters_array_s.c\n'}
[16.233445] (isaac_ros_bi3d_interfaces) StdoutLine: {'line': b'-- Installing: /workspaces/isaac_ros-dev/install/isaac_ros_bi3d_interfaces/lib/python3.8/site-packages/isaac_ros_bi3d_interfaces/msg/_bi3_d_inference_parameters_array.py\n'}
[16.233539] (isaac_ros_bi3d_interfaces) StdoutLine: {'line': b'-- Installing: /workspaces/isaac_ros-dev/install/isaac_ros_bi3d_interfaces/lib/python3.8/site-packages/isaac_ros_bi3d_interfaces/msg/__init__.py\n'}
[16.233635] (isaac_ros_bi3d_interfaces) StdoutLine: {'line': b'-- Installing: /workspaces/isaac_ros-dev/install/isaac_ros_bi3d_interfaces/lib/python3.8/site-packages/isaac_ros_bi3d_interfaces/_isaac_ros_bi3d_interfaces_s.ep.rosidl_typesupport_c.c\n'}
[16.238122] (isaac_ros_nova_interfaces) StdoutLine: {'line': b'[ 87%] \x1b[32mBuilding C object CMakeFiles/isaac_ros_nova_interfaces__rosidl_typesupport_fastrtps_c__pyext.dir/rosidl_generator_py/isaac_ros_nova_interfaces/_isaac_ros_nova_interfaces_s.ep.rosidl_typesupport_fastrtps_c.c.o\x1b[0m\n'}
[16.239327] (isaac_ros_nova_interfaces) StdoutLine: {'line': b'[ 89%] \x1b[32mBuilding C object CMakeFiles/isaac_ros_nova_interfaces__rosidl_typesupport_introspection_c__pyext.dir/rosidl_generator_py/isaac_ros_nova_interfaces/_isaac_ros_nova_interfaces_s.ep.rosidl_typesupport_introspection_c.c.o\x1b[0m\n'}
[16.241954] (isaac_ros_nova_interfaces) StdoutLine: {'line': b'[ 92%] \x1b[32mBuilding C object CMakeFiles/isaac_ros_nova_interfaces__rosidl_typesupport_c__pyext.dir/rosidl_generator_py/isaac_ros_nova_interfaces/_isaac_ros_nova_interfaces_s.ep.rosidl_typesupport_c.c.o\x1b[0m\n'}
[16.260906] (isaac_ros_pointcloud_interfaces) StdoutLine: {'line': b'[ 80%] Built target isaac_ros_pointcloud_interfaces__rosidl_generator_py\n'}
[16.279526] (isaac_ros_pointcloud_interfaces) StdoutLine: {'line': b'[ 83%] \x1b[32mBuilding C object CMakeFiles/isaac_ros_pointcloud_interfaces__rosidl_typesupport_fastrtps_c__pyext.dir/rosidl_generator_py/isaac_ros_pointcloud_interfaces/_isaac_ros_pointcloud_interfaces_s.ep.rosidl_typesupport_fastrtps_c.c.o\x1b[0m\n'}
[16.279759] (isaac_ros_bi3d_interfaces) StdoutLine: {'line': b"Listing '/workspaces/isaac_ros-dev/install/isaac_ros_bi3d_interfaces/lib/python3.8/site-packages/isaac_ros_bi3d_interfaces'...\n"}
[16.279884] (isaac_ros_bi3d_interfaces) StdoutLine: {'line': b"Compiling '/workspaces/isaac_ros-dev/install/isaac_ros_bi3d_interfaces/lib/python3.8/site-packages/isaac_ros_bi3d_interfaces/__init__.py'...\n"}
[16.279973] (isaac_ros_bi3d_interfaces) StdoutLine: {'line': b"Listing '/workspaces/isaac_ros-dev/install/isaac_ros_bi3d_interfaces/lib/python3.8/site-packages/isaac_ros_bi3d_interfaces/msg'...\n"}
[16.280058] (isaac_ros_bi3d_interfaces) StdoutLine: {'line': b"Compiling '/workspaces/isaac_ros-dev/install/isaac_ros_bi3d_interfaces/lib/python3.8/site-packages/isaac_ros_bi3d_interfaces/msg/__init__.py'...\n"}
[16.280147] (isaac_ros_bi3d_interfaces) StdoutLine: {'line': b"Compiling '/workspaces/isaac_ros-dev/install/isaac_ros_bi3d_interfaces/lib/python3.8/site-packages/isaac_ros_bi3d_interfaces/msg/_bi3_d_inference_parameters_array.py'...\n"}
[16.284094] (isaac_ros_bi3d_interfaces) StdoutLine: {'line': b'-- Installing: /workspaces/isaac_ros-dev/install/isaac_ros_bi3d_interfaces/lib/python3.8/site-packages/isaac_ros_bi3d_interfaces/isaac_ros_bi3d_interfaces_s__rosidl_typesupport_fastrtps_c.cpython-38-x86_64-linux-gnu.so\n'}
[16.284363] (isaac_ros_bi3d_interfaces) StdoutLine: {'line': b'-- Set runtime path of "/workspaces/isaac_ros-dev/install/isaac_ros_bi3d_interfaces/lib/python3.8/site-packages/isaac_ros_bi3d_interfaces/isaac_ros_bi3d_interfaces_s__rosidl_typesupport_fastrtps_c.cpython-38-x86_64-linux-gnu.so" to ""\n'}
[16.284788] (isaac_ros_bi3d_interfaces) StdoutLine: {'line': b'-- Installing: /workspaces/isaac_ros-dev/install/isaac_ros_bi3d_interfaces/lib/python3.8/site-packages/isaac_ros_bi3d_interfaces/isaac_ros_bi3d_interfaces_s__rosidl_typesupport_introspection_c.cpython-38-x86_64-linux-gnu.so\n'}
[16.285442] (isaac_ros_bi3d_interfaces) StdoutLine: {'line': b'-- Set runtime path of "/workspaces/isaac_ros-dev/install/isaac_ros_bi3d_interfaces/lib/python3.8/site-packages/isaac_ros_bi3d_interfaces/isaac_ros_bi3d_interfaces_s__rosidl_typesupport_introspection_c.cpython-38-x86_64-linux-gnu.so" to ""\n'}
[16.285914] (isaac_ros_bi3d_interfaces) StdoutLine: {'line': b'-- Installing: /workspaces/isaac_ros-dev/install/isaac_ros_bi3d_interfaces/lib/python3.8/site-packages/isaac_ros_bi3d_interfaces/isaac_ros_bi3d_interfaces_s__rosidl_typesupport_c.cpython-38-x86_64-linux-gnu.so\n'}
[16.286708] (isaac_ros_bi3d_interfaces) StdoutLine: {'line': b'-- Set runtime path of "/workspaces/isaac_ros-dev/install/isaac_ros_bi3d_interfaces/lib/python3.8/site-packages/isaac_ros_bi3d_interfaces/isaac_ros_bi3d_interfaces_s__rosidl_typesupport_c.cpython-38-x86_64-linux-gnu.so" to ""\n'}
[16.287020] (isaac_ros_bi3d_interfaces) StdoutLine: {'line': b'-- Installing: /workspaces/isaac_ros-dev/install/isaac_ros_bi3d_interfaces/lib/libisaac_ros_bi3d_interfaces__rosidl_generator_py.so\n'}
[16.287648] (isaac_ros_bi3d_interfaces) StdoutLine: {'line': b'-- Set runtime path of "/workspaces/isaac_ros-dev/install/isaac_ros_bi3d_interfaces/lib/libisaac_ros_bi3d_interfaces__rosidl_generator_py.so" to ""\n'}
[16.288002] (isaac_ros_bi3d_interfaces) StdoutLine: {'line': b'-- Installing: /workspaces/isaac_ros-dev/install/isaac_ros_bi3d_interfaces/share/isaac_ros_bi3d_interfaces/msg/Bi3DInferenceParametersArray.idl\n'}
[16.288398] (isaac_ros_bi3d_interfaces) StdoutLine: {'line': b'-- Installing: /workspaces/isaac_ros-dev/install/isaac_ros_bi3d_interfaces/share/isaac_ros_bi3d_interfaces/msg/Bi3DInferenceParametersArray.msg\n'}
[16.288874] (isaac_ros_bi3d_interfaces) StdoutLine: {'line': b'-- Installing: /workspaces/isaac_ros-dev/install/isaac_ros_bi3d_interfaces/share/ament_index/resource_index/package_run_dependencies/isaac_ros_bi3d_interfaces\n'}
[16.289133] (isaac_ros_pointcloud_interfaces) StdoutLine: {'line': b'[ 87%] \x1b[32mBuilding C object CMakeFiles/isaac_ros_pointcloud_interfaces__rosidl_typesupport_introspection_c__pyext.dir/rosidl_generator_py/isaac_ros_pointcloud_interfaces/_isaac_ros_pointcloud_interfaces_s.ep.rosidl_typesupport_introspection_c.c.o\x1b[0m\n'}
[16.289551] (isaac_ros_bi3d_interfaces) StdoutLine: {'line': b'-- Installing: /workspaces/isaac_ros-dev/install/isaac_ros_bi3d_interfaces/share/ament_index/resource_index/parent_prefix_path/isaac_ros_bi3d_interfaces\n'}
[16.289974] (isaac_ros_bi3d_interfaces) StdoutLine: {'line': b'-- Installing: /workspaces/isaac_ros-dev/install/isaac_ros_bi3d_interfaces/share/isaac_ros_bi3d_interfaces/environment/ament_prefix_path.sh\n'}
[16.290399] (isaac_ros_bi3d_interfaces) StdoutLine: {'line': b'-- Installing: /workspaces/isaac_ros-dev/install/isaac_ros_bi3d_interfaces/share/isaac_ros_bi3d_interfaces/environment/ament_prefix_path.dsv\n'}
[16.290802] (isaac_ros_bi3d_interfaces) StdoutLine: {'line': b'-- Installing: /workspaces/isaac_ros-dev/install/isaac_ros_bi3d_interfaces/share/isaac_ros_bi3d_interfaces/environment/path.sh\n'}
[16.291590] (isaac_ros_bi3d_interfaces) StdoutLine: {'line': b'-- Installing: /workspaces/isaac_ros-dev/install/isaac_ros_bi3d_interfaces/share/isaac_ros_bi3d_interfaces/environment/path.dsv\n'}
[16.291761] (isaac_ros_bi3d_interfaces) StdoutLine: {'line': b'-- Installing: /workspaces/isaac_ros-dev/install/isaac_ros_bi3d_interfaces/share/isaac_ros_bi3d_interfaces/local_setup.bash\n'}
[16.292160] (isaac_ros_bi3d_interfaces) StdoutLine: {'line': b'-- Installing: /workspaces/isaac_ros-dev/install/isaac_ros_bi3d_interfaces/share/isaac_ros_bi3d_interfaces/local_setup.sh\n'}
[16.292768] (isaac_ros_bi3d_interfaces) StdoutLine: {'line': b'-- Installing: /workspaces/isaac_ros-dev/install/isaac_ros_bi3d_interfaces/share/isaac_ros_bi3d_interfaces/local_setup.zsh\n'}
[16.292935] (isaac_ros_bi3d_interfaces) StdoutLine: {'line': b'-- Installing: /workspaces/isaac_ros-dev/install/isaac_ros_bi3d_interfaces/share/isaac_ros_bi3d_interfaces/local_setup.dsv\n'}
[16.293594] (isaac_ros_bi3d_interfaces) StdoutLine: {'line': b'-- Installing: /workspaces/isaac_ros-dev/install/isaac_ros_bi3d_interfaces/share/isaac_ros_bi3d_interfaces/package.dsv\n'}
[16.293759] (isaac_ros_bi3d_interfaces) StdoutLine: {'line': b'-- Installing: /workspaces/isaac_ros-dev/install/isaac_ros_bi3d_interfaces/share/ament_index/resource_index/packages/isaac_ros_bi3d_interfaces\n'}
[16.294233] (isaac_ros_bi3d_interfaces) StdoutLine: {'line': b'-- Installing: /workspaces/isaac_ros-dev/install/isaac_ros_bi3d_interfaces/share/isaac_ros_bi3d_interfaces/cmake/export_isaac_ros_bi3d_interfaces__rosidl_generator_cExport.cmake\n'}
[16.294952] (isaac_ros_bi3d_interfaces) StdoutLine: {'line': b'-- Installing: /workspaces/isaac_ros-dev/install/isaac_ros_bi3d_interfaces/share/isaac_ros_bi3d_interfaces/cmake/export_isaac_ros_bi3d_interfaces__rosidl_generator_cExport-release.cmake\n'}
[16.299856] (isaac_ros_bi3d_interfaces) StdoutLine: {'line': b'-- Installing: /workspaces/isaac_ros-dev/install/isaac_ros_bi3d_interfaces/share/isaac_ros_bi3d_interfaces/cmake/export_isaac_ros_bi3d_interfaces__rosidl_typesupport_fastrtps_cExport.cmake\n'}
[16.300033] (-) TimerEvent: {}
[16.300237] (isaac_ros_bi3d_interfaces) StdoutLine: {'line': b'-- Installing: /workspaces/isaac_ros-dev/install/isaac_ros_bi3d_interfaces/share/isaac_ros_bi3d_interfaces/cmake/export_isaac_ros_bi3d_interfaces__rosidl_typesupport_fastrtps_cExport-release.cmake\n'}
[16.300390] (isaac_ros_bi3d_interfaces) StdoutLine: {'line': b'-- Installing: /workspaces/isaac_ros-dev/install/isaac_ros_bi3d_interfaces/share/isaac_ros_bi3d_interfaces/cmake/isaac_ros_bi3d_interfaces__rosidl_typesupport_introspection_cExport.cmake\n'}
[16.300501] (isaac_ros_bi3d_interfaces) StdoutLine: {'line': b'-- Installing: /workspaces/isaac_ros-dev/install/isaac_ros_bi3d_interfaces/share/isaac_ros_bi3d_interfaces/cmake/isaac_ros_bi3d_interfaces__rosidl_typesupport_introspection_cExport-release.cmake\n'}
[16.300632] (isaac_ros_bi3d_interfaces) StdoutLine: {'line': b'-- Installing: /workspaces/isaac_ros-dev/install/isaac_ros_bi3d_interfaces/share/isaac_ros_bi3d_interfaces/cmake/isaac_ros_bi3d_interfaces__rosidl_typesupport_cExport.cmake\n'}
[16.300741] (isaac_ros_bi3d_interfaces) StdoutLine: {'line': b'-- Installing: /workspaces/isaac_ros-dev/install/isaac_ros_bi3d_interfaces/share/isaac_ros_bi3d_interfaces/cmake/isaac_ros_bi3d_interfaces__rosidl_typesupport_cExport-release.cmake\n'}
[16.300893] (isaac_ros_bi3d_interfaces) StdoutLine: {'line': b'-- Installing: /workspaces/isaac_ros-dev/install/isaac_ros_bi3d_interfaces/share/isaac_ros_bi3d_interfaces/cmake/export_isaac_ros_bi3d_interfaces__rosidl_generator_cppExport.cmake\n'}
[16.301018] (isaac_ros_bi3d_interfaces) StdoutLine: {'line': b'-- Installing: /workspaces/isaac_ros-dev/install/isaac_ros_bi3d_interfaces/share/isaac_ros_bi3d_interfaces/cmake/export_isaac_ros_bi3d_interfaces__rosidl_typesupport_fastrtps_cppExport.cmake\n'}
[16.301123] (isaac_ros_bi3d_interfaces) StdoutLine: {'line': b'-- Installing: /workspaces/isaac_ros-dev/install/isaac_ros_bi3d_interfaces/share/isaac_ros_bi3d_interfaces/cmake/export_isaac_ros_bi3d_interfaces__rosidl_typesupport_fastrtps_cppExport-release.cmake\n'}
[16.301456] (isaac_ros_bi3d_interfaces) StdoutLine: {'line': b'-- Installing: /workspaces/isaac_ros-dev/install/isaac_ros_bi3d_interfaces/share/isaac_ros_bi3d_interfaces/cmake/isaac_ros_bi3d_interfaces__rosidl_typesupport_introspection_cppExport.cmake\n'}
[16.301590] (isaac_ros_bi3d_interfaces) StdoutLine: {'line': b'-- Installing: /workspaces/isaac_ros-dev/install/isaac_ros_bi3d_interfaces/share/isaac_ros_bi3d_interfaces/cmake/isaac_ros_bi3d_interfaces__rosidl_typesupport_introspection_cppExport-release.cmake\n'}
[16.301699] (isaac_ros_bi3d_interfaces) StdoutLine: {'line': b'-- Installing: /workspaces/isaac_ros-dev/install/isaac_ros_bi3d_interfaces/share/isaac_ros_bi3d_interfaces/cmake/isaac_ros_bi3d_interfaces__rosidl_typesupport_cppExport.cmake\n'}
[16.301804] (isaac_ros_bi3d_interfaces) StdoutLine: {'line': b'-- Installing: /workspaces/isaac_ros-dev/install/isaac_ros_bi3d_interfaces/share/isaac_ros_bi3d_interfaces/cmake/isaac_ros_bi3d_interfaces__rosidl_typesupport_cppExport-release.cmake\n'}
[16.304696] (isaac_ros_bi3d_interfaces) StdoutLine: {'line': b'-- Installing: /workspaces/isaac_ros-dev/install/isaac_ros_bi3d_interfaces/share/isaac_ros_bi3d_interfaces/cmake/export_isaac_ros_bi3d_interfaces__rosidl_generator_pyExport.cmake\n'}
[16.309817] (isaac_ros_bi3d_interfaces) StdoutLine: {'line': b'-- Installing: /workspaces/isaac_ros-dev/install/isaac_ros_bi3d_interfaces/share/isaac_ros_bi3d_interfaces/cmake/export_isaac_ros_bi3d_interfaces__rosidl_generator_pyExport-release.cmake\n'}
[16.310057] (isaac_ros_bi3d_interfaces) StdoutLine: {'line': b'-- Installing: /workspaces/isaac_ros-dev/install/isaac_ros_bi3d_interfaces/share/isaac_ros_bi3d_interfaces/cmake/rosidl_cmake-extras.cmake\n'}
[16.310149] (isaac_ros_bi3d_interfaces) StdoutLine: {'line': b'-- Installing: /workspaces/isaac_ros-dev/install/isaac_ros_bi3d_interfaces/share/isaac_ros_bi3d_interfaces/cmake/ament_cmake_export_dependencies-extras.cmake\n'}
[16.310231] (isaac_ros_bi3d_interfaces) StdoutLine: {'line': b'-- Installing: /workspaces/isaac_ros-dev/install/isaac_ros_bi3d_interfaces/share/isaac_ros_bi3d_interfaces/cmake/ament_cmake_export_include_directories-extras.cmake\n'}
[16.310308] (isaac_ros_pointcloud_interfaces) StdoutLine: {'line': b'[ 90%] \x1b[32mBuilding C object CMakeFiles/isaac_ros_pointcloud_interfaces__rosidl_typesupport_c__pyext.dir/rosidl_generator_py/isaac_ros_pointcloud_interfaces/_isaac_ros_pointcloud_interfaces_s.ep.rosidl_typesupport_c.c.o\x1b[0m\n'}
[16.310424] (isaac_ros_bi3d_interfaces) StdoutLine: {'line': b'-- Installing: /workspaces/isaac_ros-dev/install/isaac_ros_bi3d_interfaces/share/isaac_ros_bi3d_interfaces/cmake/ament_cmake_export_libraries-extras.cmake\n'}
[16.341018] (isaac_ros_bi3d_interfaces) StdoutLine: {'line': b'-- Installing: /workspaces/isaac_ros-dev/install/isaac_ros_bi3d_interfaces/share/isaac_ros_bi3d_interfaces/cmake/ament_cmake_export_targets-extras.cmake\n'}
[16.347967] (isaac_ros_bi3d_interfaces) StdoutLine: {'line': b'-- Installing: /workspaces/isaac_ros-dev/install/isaac_ros_bi3d_interfaces/share/isaac_ros_bi3d_interfaces/cmake/rosidl_cmake_export_typesupport_targets-extras.cmake\n'}
[16.348099] (isaac_ros_bi3d_interfaces) StdoutLine: {'line': b'-- Installing: /workspaces/isaac_ros-dev/install/isaac_ros_bi3d_interfaces/share/isaac_ros_bi3d_interfaces/cmake/rosidl_cmake_export_typesupport_libraries-extras.cmake\n'}
[16.348186] (isaac_ros_bi3d_interfaces) StdoutLine: {'line': b'-- Installing: /workspaces/isaac_ros-dev/install/isaac_ros_bi3d_interfaces/share/isaac_ros_bi3d_interfaces/cmake/isaac_ros_bi3d_interfacesConfig.cmake\n'}
[16.348271] (isaac_ros_bi3d_interfaces) StdoutLine: {'line': b'-- Installing: /workspaces/isaac_ros-dev/install/isaac_ros_bi3d_interfaces/share/isaac_ros_bi3d_interfaces/cmake/isaac_ros_bi3d_interfacesConfig-version.cmake\n'}
[16.348356] (isaac_ros_bi3d_interfaces) StdoutLine: {'line': b'-- Installing: /workspaces/isaac_ros-dev/install/isaac_ros_bi3d_interfaces/share/isaac_ros_bi3d_interfaces/package.xml\n'}
[16.348448] (isaac_ros_bi3d_interfaces) CommandEnded: {'returncode': 0}
[16.374280] (isaac_ros_tensor_list_interfaces) StdoutLine: {'line': b'[ 87%] \x1b[32m\x1b[1mLinking C shared library rosidl_generator_py/isaac_ros_tensor_list_interfaces/libisaac_ros_tensor_list_interfaces__rosidl_generator_py.so\x1b[0m\n'}
[16.402170] (-) TimerEvent: {}
[16.424459] (isaac_ros_tensor_list_interfaces) StdoutLine: {'line': b'[ 87%] Built target isaac_ros_tensor_list_interfaces__rosidl_generator_py\n'}
[16.447747] (isaac_ros_tensor_list_interfaces) StdoutLine: {'line': b'[ 89%] \x1b[32mBuilding C object CMakeFiles/isaac_ros_tensor_list_interfaces__rosidl_typesupport_introspection_c__pyext.dir/rosidl_generator_py/isaac_ros_tensor_list_interfaces/_isaac_ros_tensor_list_interfaces_s.ep.rosidl_typesupport_introspection_c.c.o\x1b[0m\n'}
[16.455709] (isaac_ros_tensor_list_interfaces) StdoutLine: {'line': b'[ 91%] \x1b[32mBuilding C object CMakeFiles/isaac_ros_tensor_list_interfaces__rosidl_typesupport_c__pyext.dir/rosidl_generator_py/isaac_ros_tensor_list_interfaces/_isaac_ros_tensor_list_interfaces_s.ep.rosidl_typesupport_c.c.o\x1b[0m\n'}
[16.456559] (isaac_ros_tensor_list_interfaces) StdoutLine: {'line': b'[ 93%] \x1b[32mBuilding C object CMakeFiles/isaac_ros_tensor_list_interfaces__rosidl_typesupport_fastrtps_c__pyext.dir/rosidl_generator_py/isaac_ros_tensor_list_interfaces/_isaac_ros_tensor_list_interfaces_s.ep.rosidl_typesupport_fastrtps_c.c.o\x1b[0m\n'}
[16.463317] (isaac_ros_apriltag_interfaces) StdoutLine: {'line': b'[ 94%] \x1b[32m\x1b[1mLinking C shared library rosidl_generator_py/isaac_ros_apriltag_interfaces/isaac_ros_apriltag_interfaces_s__rosidl_typesupport_introspection_c.cpython-38-x86_64-linux-gnu.so\x1b[0m\n'}
[16.469460] (isaac_ros_nitros_bridge_interfaces) JobProgress: {'identifier': 'isaac_ros_nitros_bridge_interfaces', 'progress': 'install'}
[16.469560] (isaac_ros_nitros_bridge_interfaces) Command: {'cmd': ['/usr/bin/cmake', '--install', '/workspaces/isaac_ros-dev/build/isaac_ros_nitros_bridge_interfaces'], 'cwd': '/workspaces/isaac_ros-dev/build/isaac_ros_nitros_bridge_interfaces', 'env': OrderedDict([('DALI_BUILD', '5838886'), ('LIBRARY_PATH', '/usr/local/cuda/lib64/stubs:'), ('PYTHONWARNINGS', 'ignore:::setuptools.command.install,ignore:::setuptools.command.easy_install,ignore:::pkg_resources'), ('USER', 'bantalemak'), ('TF_ADJUST_SATURATION_FUSED', '1'), ('JAVA_TOOL_OPTIONS', '-Dfile.encoding=UTF8'), ('CUSOLVER_VERSION', '11.4.1.48'), ('HOSTNAME', 'bantalemak-Legion-5-15ACH6'), ('CUTENSOR_VERSION', '1.6.1.5'), ('SHLVL', '2'), ('LD_LIBRARY_PATH', '/workspaces/isaac_ros-dev/install/isaac_ros_common/lib:/opt/ros/humble/opt/rviz_ogre_vendor/lib:/opt/ros/humble/lib/x86_64-linux-gnu:/opt/ros/humble/lib:/opt/tritonserver/backends/onnxruntime:/usr/local/cuda/compat/lib:/usr/local/nvidia/lib:/usr/local/nvidia/lib64:/opt/tritonserver/lib'), ('HOME', '/home/admin'), ('NVIDIA_TRITON_SERVER_VERSION', '22.09'), ('CUDA_CACHE_DISABLE', '1'), ('ROS_PYTHON_VERSION', '3'), ('CCACHE_UMASK', '000'), ('USER_UID', '1000'), ('ENV', '/etc/shinit_v2'), ('RDMACORE_VERSION', '36.0'), ('NVJPEG_VERSION', '11.9.0.86'), ('NVIDIA_BUILD_ID', '44909143'), ('CUDA_VERSION', '11.8.0.062'), ('CUBLAS_VERSION', '11.11.3.6'), ('NSIGHT_SYSTEMS_VERSION', '2022.3.1.43'), ('ROS_DISTRO', 'humble'), ('OPAL_PREFIX', '/opt/hpcx/ompi'), ('NVIDIA_REQUIRE_CUDA', 'cuda>=9.0'), ('TRT_VERSION', '8.5.0.12'), ('GDRCOPY_VERSION', '2.3'), ('_', '/usr/bin/colcon'), ('ROS_VERSION', '2'), ('NVIDIA_DRIVER_CAPABILITIES', 'all'), ('POLYGRAPHY_VERSION', '0.38.0'), ('CURAND_VERSION', '10.3.0.86'), ('MOFED_VERSION', '5.4-rdmacore36.0'), ('USERNAME', 'admin'), ('TERM', 'xterm'), ('ROS_LOCALHOST_ONLY', '0'), ('QT_X11_NO_MITSHM', '1'), ('PATH', '/opt/ros/humble/bin:/usr/lib/ccache:/opt/tritonserver/bin:/usr/local/mpi/bin:/usr/local/nvidia/bin:/usr/local/cuda/bin:/usr/local/sbin:/usr/local/bin:/usr/sbin:/usr/bin:/sbin:/bin:/usr/local/ucx/bin:/opt/nvidia/tao'), ('FASTRTPS_DEFAULT_PROFILES_FILE', '/usr/local/share/middleware_profiles/rtps_udp_profile.xml'), ('CUDA_DRIVER_VERSION', '520.61.03'), ('_CUDA_COMPAT_STATUS', 'System has unsupported display driver / cuda driver combination (CUDA_ERROR_SYSTEM_DRIVER_MISMATCH) cuInit()=803'), ('DISPLAY', ':1'), ('NVIDIA_PRODUCT_NAME', 'Triton Server'), ('LANG', 'C.UTF-8'), ('RMW_IMPLEMENTATION', 'rmw_fastrtps_cpp'), ('NPP_VERSION', '11.8.0.86'), ('ROS_ROOT', '/opt/ros/humble'), ('CUFFT_VERSION', '10.9.0.58'), ('TF_ENABLE_WINOGRAD_NONFUSED', '1'), ('AMENT_PREFIX_PATH', '/workspaces/isaac_ros-dev/install/isaac_ros_common:/opt/ros/humble'), ('CUDNN_VERSION', '8.6.0.163'), ('NSIGHT_COMPUTE_VERSION', '2022.3.0.22'), ('DALI_VERSION', '1.17.0'), ('DEBIAN_FRONTEND', 'noninteractive'), ('SHELL', '/bin/bash'), ('DCGM_VERSION', '2.2.9'), ('OPENMPI_VERSION', '4.1.4'), ('TRTOSS_VERSION', ''), ('OMPI_MCA_coll_hcoll_enable', '0'), ('CUSPARSE_VERSION', '11.7.5.86'), ('TRITON_SERVER_GPU_ENABLED', '1'), ('TRITON_SERVER_VERSION', '2.26.0'), ('BASH_ENV', '/etc/bash.bashrc'), ('PWD', '/workspaces/isaac_ros-dev/build/isaac_ros_nitros_bridge_interfaces'), ('LC_ALL', 'C.UTF-8'), ('PYTHONPATH', '/opt/ros/humble/lib/python3.8/site-packages'), ('_CUDA_COMPAT_PATH', '/usr/local/cuda/compat'), ('TRITON_SERVER_USER', 'triton-server'), ('TF_ADJUST_HUE_FUSED', '1'), ('NVIDIA_VISIBLE_DEVICES', 'all'), ('NCCL_VERSION', '2.15.1'), ('TZ', 'UTC'), ('USER_GID', '1000'), ('COLCON', '1'), ('OPENUCX_VERSION', '1.14.0'), ('HPCX_VERSION', '2.12.1a0'), ('SHARP_COLL_ENABLE_CUDA', '0'), ('TF_AUTOTUNE_THRESHOLD', '2'), ('CMAKE_PREFIX_PATH', '/workspaces/isaac_ros-dev/install/isaac_ros_common:/opt/ros/humble')]), 'shell': False}
[16.481421] (isaac_ros_apriltag_interfaces) StdoutLine: {'line': b'[ 97%] \x1b[32m\x1b[1mLinking C shared library rosidl_generator_py/isaac_ros_apriltag_interfaces/isaac_ros_apriltag_interfaces_s__rosidl_typesupport_c.cpython-38-x86_64-linux-gnu.so\x1b[0m\n'}
[16.482463] (isaac_ros_apriltag_interfaces) StdoutLine: {'line': b'[100%] \x1b[32m\x1b[1mLinking C shared library rosidl_generator_py/isaac_ros_apriltag_interfaces/isaac_ros_apriltag_interfaces_s__rosidl_typesupport_fastrtps_c.cpython-38-x86_64-linux-gnu.so\x1b[0m\n'}
[16.482582] (isaac_ros_nitros_bridge_interfaces) StdoutLine: {'line': b'-- Install configuration: "Release"\n'}
[16.482716] (isaac_ros_nitros_bridge_interfaces) StdoutLine: {'line': b'-- Installing: /workspaces/isaac_ros-dev/install/isaac_ros_nitros_bridge_interfaces/share/ament_index/resource_index/rosidl_interfaces/isaac_ros_nitros_bridge_interfaces\n'}
[16.482824] (isaac_ros_nitros_bridge_interfaces) StdoutLine: {'line': b'-- Installing: /workspaces/isaac_ros-dev/install/isaac_ros_nitros_bridge_interfaces/include/isaac_ros_nitros_bridge_interfaces/isaac_ros_nitros_bridge_interfaces\n'}
[16.482931] (isaac_ros_nitros_bridge_interfaces) StdoutLine: {'line': b'-- Installing: /workspaces/isaac_ros-dev/install/isaac_ros_nitros_bridge_interfaces/include/isaac_ros_nitros_bridge_interfaces/isaac_ros_nitros_bridge_interfaces/msg\n'}
[16.483022] (isaac_ros_nitros_bridge_interfaces) StdoutLine: {'line': b'-- Installing: /workspaces/isaac_ros-dev/install/isaac_ros_nitros_bridge_interfaces/include/isaac_ros_nitros_bridge_interfaces/isaac_ros_nitros_bridge_interfaces/msg/nitros_bridge_image.h\n'}
[16.483113] (isaac_ros_nitros_bridge_interfaces) StdoutLine: {'line': b'-- Installing: /workspaces/isaac_ros-dev/install/isaac_ros_nitros_bridge_interfaces/include/isaac_ros_nitros_bridge_interfaces/isaac_ros_nitros_bridge_interfaces/msg/rosidl_generator_c__visibility_control.h\n'}
[16.483212] (isaac_ros_nitros_bridge_interfaces) StdoutLine: {'line': b'-- Installing: /workspaces/isaac_ros-dev/install/isaac_ros_nitros_bridge_interfaces/include/isaac_ros_nitros_bridge_interfaces/isaac_ros_nitros_bridge_interfaces/msg/detail\n'}
[16.483297] (isaac_ros_nitros_bridge_interfaces) StdoutLine: {'line': b'-- Installing: /workspaces/isaac_ros-dev/install/isaac_ros_nitros_bridge_interfaces/include/isaac_ros_nitros_bridge_interfaces/isaac_ros_nitros_bridge_interfaces/msg/detail/nitros_bridge_image__type_support.h\n'}
[16.484148] (isaac_ros_nitros_bridge_interfaces) StdoutLine: {'line': b'-- Installing: /workspaces/isaac_ros-dev/install/isaac_ros_nitros_bridge_interfaces/include/isaac_ros_nitros_bridge_interfaces/isaac_ros_nitros_bridge_interfaces/msg/detail/nitros_bridge_image__functions.c\n'}
[16.486971] (isaac_ros_nitros_bridge_interfaces) StdoutLine: {'line': b'-- Installing: /workspaces/isaac_ros-dev/install/isaac_ros_nitros_bridge_interfaces/include/isaac_ros_nitros_bridge_interfaces/isaac_ros_nitros_bridge_interfaces/msg/detail/nitros_bridge_image__functions.h\n'}
[16.487091] (isaac_ros_nitros_bridge_interfaces) StdoutLine: {'line': b'-- Installing: /workspaces/isaac_ros-dev/install/isaac_ros_nitros_bridge_interfaces/include/isaac_ros_nitros_bridge_interfaces/isaac_ros_nitros_bridge_interfaces/msg/detail/nitros_bridge_image__struct.h\n'}
[16.487189] (isaac_ros_nitros_bridge_interfaces) StdoutLine: {'line': b'-- Installing: /workspaces/isaac_ros-dev/install/isaac_ros_nitros_bridge_interfaces/share/isaac_ros_nitros_bridge_interfaces/environment/library_path.sh\n'}
[16.487283] (isaac_ros_nitros_bridge_interfaces) StdoutLine: {'line': b'-- Installing: /workspaces/isaac_ros-dev/install/isaac_ros_nitros_bridge_interfaces/share/isaac_ros_nitros_bridge_interfaces/environment/library_path.dsv\n'}
[16.487374] (isaac_ros_nitros_bridge_interfaces) StdoutLine: {'line': b'-- Installing: /workspaces/isaac_ros-dev/install/isaac_ros_nitros_bridge_interfaces/lib/libisaac_ros_nitros_bridge_interfaces__rosidl_generator_c.so\n'}
[16.487463] (isaac_ros_nitros_bridge_interfaces) StdoutLine: {'line': b'-- Set runtime path of "/workspaces/isaac_ros-dev/install/isaac_ros_nitros_bridge_interfaces/lib/libisaac_ros_nitros_bridge_interfaces__rosidl_generator_c.so" to ""\n'}
[16.487551] (isaac_ros_nitros_bridge_interfaces) StdoutLine: {'line': b'-- Up-to-date: /workspaces/isaac_ros-dev/install/isaac_ros_nitros_bridge_interfaces/include/isaac_ros_nitros_bridge_interfaces/isaac_ros_nitros_bridge_interfaces\n'}
[16.487836] (isaac_ros_nitros_bridge_interfaces) StdoutLine: {'line': b'-- Up-to-date: /workspaces/isaac_ros-dev/install/isaac_ros_nitros_bridge_interfaces/include/isaac_ros_nitros_bridge_interfaces/isaac_ros_nitros_bridge_interfaces/msg\n'}
[16.487950] (isaac_ros_nitros_bridge_interfaces) StdoutLine: {'line': b'-- Installing: /workspaces/isaac_ros-dev/install/isaac_ros_nitros_bridge_interfaces/include/isaac_ros_nitros_bridge_interfaces/isaac_ros_nitros_bridge_interfaces/msg/rosidl_typesupport_fastrtps_c__visibility_control.h\n'}
[16.488044] (isaac_ros_nitros_bridge_interfaces) StdoutLine: {'line': b'-- Up-to-date: /workspaces/isaac_ros-dev/install/isaac_ros_nitros_bridge_interfaces/include/isaac_ros_nitros_bridge_interfaces/isaac_ros_nitros_bridge_interfaces/msg/detail\n'}
[16.488139] (isaac_ros_nitros_bridge_interfaces) StdoutLine: {'line': b'-- Installing: /workspaces/isaac_ros-dev/install/isaac_ros_nitros_bridge_interfaces/include/isaac_ros_nitros_bridge_interfaces/isaac_ros_nitros_bridge_interfaces/msg/detail/nitros_bridge_image__rosidl_typesupport_fastrtps_c.h\n'}
[16.488229] (isaac_ros_nitros_bridge_interfaces) StdoutLine: {'line': b'-- Installing: /workspaces/isaac_ros-dev/install/isaac_ros_nitros_bridge_interfaces/lib/libisaac_ros_nitros_bridge_interfaces__rosidl_typesupport_fastrtps_c.so\n'}
[16.488322] (isaac_ros_nitros_bridge_interfaces) StdoutLine: {'line': b'-- Set runtime path of "/workspaces/isaac_ros-dev/install/isaac_ros_nitros_bridge_interfaces/lib/libisaac_ros_nitros_bridge_interfaces__rosidl_typesupport_fastrtps_c.so" to ""\n'}
[16.488415] (isaac_ros_nitros_bridge_interfaces) StdoutLine: {'line': b'-- Up-to-date: /workspaces/isaac_ros-dev/install/isaac_ros_nitros_bridge_interfaces/include/isaac_ros_nitros_bridge_interfaces/isaac_ros_nitros_bridge_interfaces\n'}
[16.488504] (isaac_ros_nitros_bridge_interfaces) StdoutLine: {'line': b'-- Up-to-date: /workspaces/isaac_ros-dev/install/isaac_ros_nitros_bridge_interfaces/include/isaac_ros_nitros_bridge_interfaces/isaac_ros_nitros_bridge_interfaces/msg\n'}
[16.488590] (isaac_ros_nitros_bridge_interfaces) StdoutLine: {'line': b'-- Installing: /workspaces/isaac_ros-dev/install/isaac_ros_nitros_bridge_interfaces/include/isaac_ros_nitros_bridge_interfaces/isaac_ros_nitros_bridge_interfaces/msg/rosidl_typesupport_introspection_c__visibility_control.h\n'}
[16.488676] (isaac_ros_nitros_bridge_interfaces) StdoutLine: {'line': b'-- Up-to-date: /workspaces/isaac_ros-dev/install/isaac_ros_nitros_bridge_interfaces/include/isaac_ros_nitros_bridge_interfaces/isaac_ros_nitros_bridge_interfaces/msg/detail\n'}
[16.488763] (isaac_ros_nitros_bridge_interfaces) StdoutLine: {'line': b'-- Installing: /workspaces/isaac_ros-dev/install/isaac_ros_nitros_bridge_interfaces/include/isaac_ros_nitros_bridge_interfaces/isaac_ros_nitros_bridge_interfaces/msg/detail/nitros_bridge_image__type_support.c\n'}
[16.488871] (isaac_ros_nitros_bridge_interfaces) StdoutLine: {'line': b'-- Installing: /workspaces/isaac_ros-dev/install/isaac_ros_nitros_bridge_interfaces/include/isaac_ros_nitros_bridge_interfaces/isaac_ros_nitros_bridge_interfaces/msg/detail/nitros_bridge_image__rosidl_typesupport_introspection_c.h\n'}
[16.488965] (isaac_ros_nitros_bridge_interfaces) StdoutLine: {'line': b'-- Installing: /workspaces/isaac_ros-dev/install/isaac_ros_nitros_bridge_interfaces/lib/libisaac_ros_nitros_bridge_interfaces__rosidl_typesupport_introspection_c.so\n'}
[16.489051] (isaac_ros_nitros_bridge_interfaces) StdoutLine: {'line': b'-- Set runtime path of "/workspaces/isaac_ros-dev/install/isaac_ros_nitros_bridge_interfaces/lib/libisaac_ros_nitros_bridge_interfaces__rosidl_typesupport_introspection_c.so" to ""\n'}
[16.489138] (isaac_ros_nitros_bridge_interfaces) StdoutLine: {'line': b'-- Installing: /workspaces/isaac_ros-dev/install/isaac_ros_nitros_bridge_interfaces/lib/libisaac_ros_nitros_bridge_interfaces__rosidl_typesupport_c.so\n'}
[16.489225] (isaac_ros_nitros_bridge_interfaces) StdoutLine: {'line': b'-- Set runtime path of "/workspaces/isaac_ros-dev/install/isaac_ros_nitros_bridge_interfaces/lib/libisaac_ros_nitros_bridge_interfaces__rosidl_typesupport_c.so" to ""\n'}
[16.489311] (isaac_ros_nitros_bridge_interfaces) StdoutLine: {'line': b'-- Up-to-date: /workspaces/isaac_ros-dev/install/isaac_ros_nitros_bridge_interfaces/include/isaac_ros_nitros_bridge_interfaces/isaac_ros_nitros_bridge_interfaces\n'}
[16.489397] (isaac_ros_nitros_bridge_interfaces) StdoutLine: {'line': b'-- Up-to-date: /workspaces/isaac_ros-dev/install/isaac_ros_nitros_bridge_interfaces/include/isaac_ros_nitros_bridge_interfaces/isaac_ros_nitros_bridge_interfaces/msg\n'}
[16.489483] (isaac_ros_nitros_bridge_interfaces) StdoutLine: {'line': b'-- Installing: /workspaces/isaac_ros-dev/install/isaac_ros_nitros_bridge_interfaces/include/isaac_ros_nitros_bridge_interfaces/isaac_ros_nitros_bridge_interfaces/msg/nitros_bridge_image.hpp\n'}
[16.489570] (isaac_ros_nitros_bridge_interfaces) StdoutLine: {'line': b'-- Up-to-date: /workspaces/isaac_ros-dev/install/isaac_ros_nitros_bridge_interfaces/include/isaac_ros_nitros_bridge_interfaces/isaac_ros_nitros_bridge_interfaces/msg/detail\n'}
[16.489689] (isaac_ros_nitros_bridge_interfaces) StdoutLine: {'line': b'-- Installing: /workspaces/isaac_ros-dev/install/isaac_ros_nitros_bridge_interfaces/include/isaac_ros_nitros_bridge_interfaces/isaac_ros_nitros_bridge_interfaces/msg/detail/nitros_bridge_image__traits.hpp\n'}
[16.490461] (isaac_ros_nitros_bridge_interfaces) StdoutLine: {'line': b'-- Installing: /workspaces/isaac_ros-dev/install/isaac_ros_nitros_bridge_interfaces/include/isaac_ros_nitros_bridge_interfaces/isaac_ros_nitros_bridge_interfaces/msg/detail/nitros_bridge_image__builder.hpp\n'}
[16.490585] (isaac_ros_nitros_bridge_interfaces) StdoutLine: {'line': b'-- Installing: /workspaces/isaac_ros-dev/install/isaac_ros_nitros_bridge_interfaces/include/isaac_ros_nitros_bridge_interfaces/isaac_ros_nitros_bridge_interfaces/msg/detail/nitros_bridge_image__struct.hpp\n'}
[16.490692] (isaac_ros_nitros_bridge_interfaces) StdoutLine: {'line': b'-- Up-to-date: /workspaces/isaac_ros-dev/install/isaac_ros_nitros_bridge_interfaces/include/isaac_ros_nitros_bridge_interfaces/isaac_ros_nitros_bridge_interfaces\n'}
[16.490789] (isaac_ros_nitros_bridge_interfaces) StdoutLine: {'line': b'-- Up-to-date: /workspaces/isaac_ros-dev/install/isaac_ros_nitros_bridge_interfaces/include/isaac_ros_nitros_bridge_interfaces/isaac_ros_nitros_bridge_interfaces/msg\n'}
[16.493895] (isaac_ros_nitros_bridge_interfaces) StdoutLine: {'line': b'-- Installing: /workspaces/isaac_ros-dev/install/isaac_ros_nitros_bridge_interfaces/include/isaac_ros_nitros_bridge_interfaces/isaac_ros_nitros_bridge_interfaces/msg/rosidl_typesupport_fastrtps_cpp__visibility_control.h\n'}
[16.494168] (isaac_ros_nitros_bridge_interfaces) StdoutLine: {'line': b'-- Up-to-date: /workspaces/isaac_ros-dev/install/isaac_ros_nitros_bridge_interfaces/include/isaac_ros_nitros_bridge_interfaces/isaac_ros_nitros_bridge_interfaces/msg/detail\n'}
[16.494267] (isaac_ros_nitros_bridge_interfaces) StdoutLine: {'line': b'-- Installing: /workspaces/isaac_ros-dev/install/isaac_ros_nitros_bridge_interfaces/include/isaac_ros_nitros_bridge_interfaces/isaac_ros_nitros_bridge_interfaces/msg/detail/nitros_bridge_image__rosidl_typesupport_fastrtps_cpp.hpp\n'}
[16.494746] (isaac_ros_nitros_bridge_interfaces) StdoutLine: {'line': b'-- Installing: /workspaces/isaac_ros-dev/install/isaac_ros_nitros_bridge_interfaces/include/isaac_ros_nitros_bridge_interfaces/isaac_ros_nitros_bridge_interfaces/msg/detail/dds_fastrtps\n'}
[16.494860] (isaac_ros_nitros_bridge_interfaces) StdoutLine: {'line': b'-- Installing: /workspaces/isaac_ros-dev/install/isaac_ros_nitros_bridge_interfaces/lib/libisaac_ros_nitros_bridge_interfaces__rosidl_typesupport_fastrtps_cpp.so\n'}
[16.494965] (isaac_ros_nitros_bridge_interfaces) StdoutLine: {'line': b'-- Set runtime path of "/workspaces/isaac_ros-dev/install/isaac_ros_nitros_bridge_interfaces/lib/libisaac_ros_nitros_bridge_interfaces__rosidl_typesupport_fastrtps_cpp.so" to ""\n'}
[16.495057] (isaac_ros_nitros_bridge_interfaces) StdoutLine: {'line': b'-- Up-to-date: /workspaces/isaac_ros-dev/install/isaac_ros_nitros_bridge_interfaces/include/isaac_ros_nitros_bridge_interfaces/isaac_ros_nitros_bridge_interfaces\n'}
[16.495146] (isaac_ros_nitros_bridge_interfaces) StdoutLine: {'line': b'-- Up-to-date: /workspaces/isaac_ros-dev/install/isaac_ros_nitros_bridge_interfaces/include/isaac_ros_nitros_bridge_interfaces/isaac_ros_nitros_bridge_interfaces/msg\n'}
[16.495234] (isaac_ros_nitros_bridge_interfaces) StdoutLine: {'line': b'-- Up-to-date: /workspaces/isaac_ros-dev/install/isaac_ros_nitros_bridge_interfaces/include/isaac_ros_nitros_bridge_interfaces/isaac_ros_nitros_bridge_interfaces/msg/detail\n'}
[16.495316] (isaac_ros_nitros_bridge_interfaces) StdoutLine: {'line': b'-- Installing: /workspaces/isaac_ros-dev/install/isaac_ros_nitros_bridge_interfaces/include/isaac_ros_nitros_bridge_interfaces/isaac_ros_nitros_bridge_interfaces/msg/detail/nitros_bridge_image__rosidl_typesupport_introspection_cpp.hpp\n'}
[16.495393] (isaac_ros_nitros_bridge_interfaces) StdoutLine: {'line': b'-- Installing: /workspaces/isaac_ros-dev/install/isaac_ros_nitros_bridge_interfaces/include/isaac_ros_nitros_bridge_interfaces/isaac_ros_nitros_bridge_interfaces/msg/detail/nitros_bridge_image__type_support.cpp\n'}
[16.495467] (isaac_ros_nitros_bridge_interfaces) StdoutLine: {'line': b'-- Installing: /workspaces/isaac_ros-dev/install/isaac_ros_nitros_bridge_interfaces/lib/libisaac_ros_nitros_bridge_interfaces__rosidl_typesupport_introspection_cpp.so\n'}
[16.495550] (isaac_ros_nitros_bridge_interfaces) StdoutLine: {'line': b'-- Set runtime path of "/workspaces/isaac_ros-dev/install/isaac_ros_nitros_bridge_interfaces/lib/libisaac_ros_nitros_bridge_interfaces__rosidl_typesupport_introspection_cpp.so" to ""\n'}
[16.495623] (isaac_ros_nitros_bridge_interfaces) StdoutLine: {'line': b'-- Installing: /workspaces/isaac_ros-dev/install/isaac_ros_nitros_bridge_interfaces/lib/libisaac_ros_nitros_bridge_interfaces__rosidl_typesupport_cpp.so\n'}
[16.495710] (isaac_ros_nitros_bridge_interfaces) StdoutLine: {'line': b'-- Set runtime path of "/workspaces/isaac_ros-dev/install/isaac_ros_nitros_bridge_interfaces/lib/libisaac_ros_nitros_bridge_interfaces__rosidl_typesupport_cpp.so" to ""\n'}
[16.495801] (isaac_ros_nitros_bridge_interfaces) StdoutLine: {'line': b'-- Installing: /workspaces/isaac_ros-dev/install/isaac_ros_nitros_bridge_interfaces/share/isaac_ros_nitros_bridge_interfaces/environment/pythonpath.sh\n'}
[16.495916] (isaac_ros_nitros_bridge_interfaces) StdoutLine: {'line': b'-- Installing: /workspaces/isaac_ros-dev/install/isaac_ros_nitros_bridge_interfaces/share/isaac_ros_nitros_bridge_interfaces/environment/pythonpath.dsv\n'}
[16.496001] (isaac_ros_nitros_bridge_interfaces) StdoutLine: {'line': b'-- Installing: /workspaces/isaac_ros-dev/install/isaac_ros_nitros_bridge_interfaces/lib/python3.8/site-packages/isaac_ros_nitros_bridge_interfaces-2.1.0-py3.8.egg-info\n'}
[16.496092] (isaac_ros_nitros_bridge_interfaces) StdoutLine: {'line': b'-- Installing: /workspaces/isaac_ros-dev/install/isaac_ros_nitros_bridge_interfaces/lib/python3.8/site-packages/isaac_ros_nitros_bridge_interfaces-2.1.0-py3.8.egg-info/dependency_links.txt\n'}
[16.496186] (isaac_ros_nitros_bridge_interfaces) StdoutLine: {'line': b'-- Installing: /workspaces/isaac_ros-dev/install/isaac_ros_nitros_bridge_interfaces/lib/python3.8/site-packages/isaac_ros_nitros_bridge_interfaces-2.1.0-py3.8.egg-info/top_level.txt\n'}
[16.496292] (isaac_ros_nitros_bridge_interfaces) StdoutLine: {'line': b'-- Installing: /workspaces/isaac_ros-dev/install/isaac_ros_nitros_bridge_interfaces/lib/python3.8/site-packages/isaac_ros_nitros_bridge_interfaces-2.1.0-py3.8.egg-info/SOURCES.txt\n'}
[16.496390] (isaac_ros_nitros_bridge_interfaces) StdoutLine: {'line': b'-- Installing: /workspaces/isaac_ros-dev/install/isaac_ros_nitros_bridge_interfaces/lib/python3.8/site-packages/isaac_ros_nitros_bridge_interfaces-2.1.0-py3.8.egg-info/PKG-INFO\n'}
[16.496483] (isaac_ros_nitros_bridge_interfaces) StdoutLine: {'line': b'-- Installing: /workspaces/isaac_ros-dev/install/isaac_ros_nitros_bridge_interfaces/lib/python3.8/site-packages/isaac_ros_nitros_bridge_interfaces\n'}
[16.496597] (isaac_ros_nitros_bridge_interfaces) StdoutLine: {'line': b'-- Installing: /workspaces/isaac_ros-dev/install/isaac_ros_nitros_bridge_interfaces/lib/python3.8/site-packages/isaac_ros_nitros_bridge_interfaces/_isaac_ros_nitros_bridge_interfaces_s.ep.rosidl_typesupport_fastrtps_c.c\n'}
[16.496687] (isaac_ros_nitros_bridge_interfaces) StdoutLine: {'line': b'-- Installing: /workspaces/isaac_ros-dev/install/isaac_ros_nitros_bridge_interfaces/lib/python3.8/site-packages/isaac_ros_nitros_bridge_interfaces/isaac_ros_nitros_bridge_interfaces_s__rosidl_typesupport_c.cpython-38-x86_64-linux-gnu.so\n'}
[16.496780] (isaac_ros_nitros_bridge_interfaces) StdoutLine: {'line': b'-- Installing: /workspaces/isaac_ros-dev/install/isaac_ros_nitros_bridge_interfaces/lib/python3.8/site-packages/isaac_ros_nitros_bridge_interfaces/isaac_ros_nitros_bridge_interfaces_s__rosidl_typesupport_fastrtps_c.cpython-38-x86_64-linux-gnu.so\n'}
[16.496890] (isaac_ros_nitros_bridge_interfaces) StdoutLine: {'line': b'-- Installing: /workspaces/isaac_ros-dev/install/isaac_ros_nitros_bridge_interfaces/lib/python3.8/site-packages/isaac_ros_nitros_bridge_interfaces/isaac_ros_nitros_bridge_interfaces_s__rosidl_typesupport_introspection_c.cpython-38-x86_64-linux-gnu.so\n'}
[16.496987] (isaac_ros_nitros_bridge_interfaces) StdoutLine: {'line': b'-- Installing: /workspaces/isaac_ros-dev/install/isaac_ros_nitros_bridge_interfaces/lib/python3.8/site-packages/isaac_ros_nitros_bridge_interfaces/_isaac_ros_nitros_bridge_interfaces_s.ep.rosidl_typesupport_introspection_c.c\n'}
[16.497070] (isaac_ros_nitros_bridge_interfaces) StdoutLine: {'line': b'-- Installing: /workspaces/isaac_ros-dev/install/isaac_ros_nitros_bridge_interfaces/lib/python3.8/site-packages/isaac_ros_nitros_bridge_interfaces/_isaac_ros_nitros_bridge_interfaces_s.ep.rosidl_typesupport_c.c\n'}
[16.497152] (isaac_ros_nitros_bridge_interfaces) StdoutLine: {'line': b'-- Installing: /workspaces/isaac_ros-dev/install/isaac_ros_nitros_bridge_interfaces/lib/python3.8/site-packages/isaac_ros_nitros_bridge_interfaces/__init__.py\n'}
[16.497227] (isaac_ros_nitros_bridge_interfaces) StdoutLine: {'line': b'-- Installing: /workspaces/isaac_ros-dev/install/isaac_ros_nitros_bridge_interfaces/lib/python3.8/site-packages/isaac_ros_nitros_bridge_interfaces/libisaac_ros_nitros_bridge_interfaces__rosidl_generator_py.so\n'}
[16.497301] (isaac_ros_nitros_bridge_interfaces) StdoutLine: {'line': b'-- Installing: /workspaces/isaac_ros-dev/install/isaac_ros_nitros_bridge_interfaces/lib/python3.8/site-packages/isaac_ros_nitros_bridge_interfaces/msg\n'}
[16.500855] (isaac_ros_nitros_bridge_interfaces) StdoutLine: {'line': b'-- Installing: /workspaces/isaac_ros-dev/install/isaac_ros_nitros_bridge_interfaces/lib/python3.8/site-packages/isaac_ros_nitros_bridge_interfaces/msg/_nitros_bridge_image_s.c\n'}
[16.501021] (isaac_ros_nitros_bridge_interfaces) StdoutLine: {'line': b'-- Installing: /workspaces/isaac_ros-dev/install/isaac_ros_nitros_bridge_interfaces/lib/python3.8/site-packages/isaac_ros_nitros_bridge_interfaces/msg/_nitros_bridge_image.py\n'}
[16.501122] (isaac_ros_nitros_bridge_interfaces) StdoutLine: {'line': b'-- Installing: /workspaces/isaac_ros-dev/install/isaac_ros_nitros_bridge_interfaces/lib/python3.8/site-packages/isaac_ros_nitros_bridge_interfaces/msg/__init__.py\n'}
[16.502247] (-) TimerEvent: {}
[16.537257] (isaac_ros_nitros_bridge_interfaces) StdoutLine: {'line': b"Listing '/workspaces/isaac_ros-dev/install/isaac_ros_nitros_bridge_interfaces/lib/python3.8/site-packages/isaac_ros_nitros_bridge_interfaces'...\n"}
[16.537493] (isaac_ros_nitros_bridge_interfaces) StdoutLine: {'line': b"Compiling '/workspaces/isaac_ros-dev/install/isaac_ros_nitros_bridge_interfaces/lib/python3.8/site-packages/isaac_ros_nitros_bridge_interfaces/__init__.py'...\n"}
[16.537603] (isaac_ros_nitros_bridge_interfaces) StdoutLine: {'line': b"Listing '/workspaces/isaac_ros-dev/install/isaac_ros_nitros_bridge_interfaces/lib/python3.8/site-packages/isaac_ros_nitros_bridge_interfaces/msg'...\n"}
[16.537702] (isaac_ros_nitros_bridge_interfaces) StdoutLine: {'line': b"Compiling '/workspaces/isaac_ros-dev/install/isaac_ros_nitros_bridge_interfaces/lib/python3.8/site-packages/isaac_ros_nitros_bridge_interfaces/msg/__init__.py'...\n"}
[16.537799] (isaac_ros_nitros_bridge_interfaces) StdoutLine: {'line': b"Compiling '/workspaces/isaac_ros-dev/install/isaac_ros_nitros_bridge_interfaces/lib/python3.8/site-packages/isaac_ros_nitros_bridge_interfaces/msg/_nitros_bridge_image.py'...\n"}
[16.544638] (isaac_ros_nitros_bridge_interfaces) StdoutLine: {'line': b'-- Installing: /workspaces/isaac_ros-dev/install/isaac_ros_nitros_bridge_interfaces/lib/python3.8/site-packages/isaac_ros_nitros_bridge_interfaces/isaac_ros_nitros_bridge_interfaces_s__rosidl_typesupport_fastrtps_c.cpython-38-x86_64-linux-gnu.so\n'}
[16.545172] (isaac_ros_nitros_bridge_interfaces) StdoutLine: {'line': b'-- Set runtime path of "/workspaces/isaac_ros-dev/install/isaac_ros_nitros_bridge_interfaces/lib/python3.8/site-packages/isaac_ros_nitros_bridge_interfaces/isaac_ros_nitros_bridge_interfaces_s__rosidl_typesupport_fastrtps_c.cpython-38-x86_64-linux-gnu.so" to ""\n'}
[16.545444] (isaac_ros_nitros_bridge_interfaces) StdoutLine: {'line': b'-- Installing: /workspaces/isaac_ros-dev/install/isaac_ros_nitros_bridge_interfaces/lib/python3.8/site-packages/isaac_ros_nitros_bridge_interfaces/isaac_ros_nitros_bridge_interfaces_s__rosidl_typesupport_introspection_c.cpython-38-x86_64-linux-gnu.so\n'}
[16.546116] (isaac_ros_nitros_bridge_interfaces) StdoutLine: {'line': b'-- Set runtime path of "/workspaces/isaac_ros-dev/install/isaac_ros_nitros_bridge_interfaces/lib/python3.8/site-packages/isaac_ros_nitros_bridge_interfaces/isaac_ros_nitros_bridge_interfaces_s__rosidl_typesupport_introspection_c.cpython-38-x86_64-linux-gnu.so" to ""\n'}
[16.546868] (isaac_ros_nitros_bridge_interfaces) StdoutLine: {'line': b'-- Installing: /workspaces/isaac_ros-dev/install/isaac_ros_nitros_bridge_interfaces/lib/python3.8/site-packages/isaac_ros_nitros_bridge_interfaces/isaac_ros_nitros_bridge_interfaces_s__rosidl_typesupport_c.cpython-38-x86_64-linux-gnu.so\n'}
[16.547336] (isaac_ros_nitros_bridge_interfaces) StdoutLine: {'line': b'-- Set runtime path of "/workspaces/isaac_ros-dev/install/isaac_ros_nitros_bridge_interfaces/lib/python3.8/site-packages/isaac_ros_nitros_bridge_interfaces/isaac_ros_nitros_bridge_interfaces_s__rosidl_typesupport_c.cpython-38-x86_64-linux-gnu.so" to ""\n'}
[16.547660] (isaac_ros_nitros_bridge_interfaces) StdoutLine: {'line': b'-- Installing: /workspaces/isaac_ros-dev/install/isaac_ros_nitros_bridge_interfaces/lib/libisaac_ros_nitros_bridge_interfaces__rosidl_generator_py.so\n'}
[16.548331] (isaac_ros_nitros_bridge_interfaces) StdoutLine: {'line': b'-- Set runtime path of "/workspaces/isaac_ros-dev/install/isaac_ros_nitros_bridge_interfaces/lib/libisaac_ros_nitros_bridge_interfaces__rosidl_generator_py.so" to ""\n'}
[16.548707] (isaac_ros_nitros_bridge_interfaces) StdoutLine: {'line': b'-- Installing: /workspaces/isaac_ros-dev/install/isaac_ros_nitros_bridge_interfaces/share/isaac_ros_nitros_bridge_interfaces/msg/NitrosBridgeImage.idl\n'}
[16.549139] (isaac_ros_nitros_bridge_interfaces) StdoutLine: {'line': b'-- Installing: /workspaces/isaac_ros-dev/install/isaac_ros_nitros_bridge_interfaces/share/isaac_ros_nitros_bridge_interfaces/msg/NitrosBridgeImage.msg\n'}
[16.550699] (isaac_ros_apriltag_interfaces) StdoutLine: {'line': b'[100%] Built target isaac_ros_apriltag_interfaces__rosidl_typesupport_c__pyext\n'}
[16.550993] (isaac_ros_nitros_bridge_interfaces) StdoutLine: {'line': b'-- Installing: /workspaces/isaac_ros-dev/install/isaac_ros_nitros_bridge_interfaces/share/ament_index/resource_index/package_run_dependencies/isaac_ros_nitros_bridge_interfaces\n'}
[16.551099] (isaac_ros_nitros_bridge_interfaces) StdoutLine: {'line': b'-- Installing: /workspaces/isaac_ros-dev/install/isaac_ros_nitros_bridge_interfaces/share/ament_index/resource_index/parent_prefix_path/isaac_ros_nitros_bridge_interfaces\n'}
[16.551182] (isaac_ros_nitros_bridge_interfaces) StdoutLine: {'line': b'-- Installing: /workspaces/isaac_ros-dev/install/isaac_ros_nitros_bridge_interfaces/share/isaac_ros_nitros_bridge_interfaces/environment/ament_prefix_path.sh\n'}
[16.551265] (isaac_ros_nitros_bridge_interfaces) StdoutLine: {'line': b'-- Installing: /workspaces/isaac_ros-dev/install/isaac_ros_nitros_bridge_interfaces/share/isaac_ros_nitros_bridge_interfaces/environment/ament_prefix_path.dsv\n'}
[16.551349] (isaac_ros_nitros_bridge_interfaces) StdoutLine: {'line': b'-- Installing: /workspaces/isaac_ros-dev/install/isaac_ros_nitros_bridge_interfaces/share/isaac_ros_nitros_bridge_interfaces/environment/path.sh\n'}
[16.551426] (isaac_ros_nitros_bridge_interfaces) StdoutLine: {'line': b'-- Installing: /workspaces/isaac_ros-dev/install/isaac_ros_nitros_bridge_interfaces/share/isaac_ros_nitros_bridge_interfaces/environment/path.dsv\n'}
[16.551541] (isaac_ros_nitros_bridge_interfaces) StdoutLine: {'line': b'-- Installing: /workspaces/isaac_ros-dev/install/isaac_ros_nitros_bridge_interfaces/share/isaac_ros_nitros_bridge_interfaces/local_setup.bash\n'}
[16.551621] (isaac_ros_apriltag_interfaces) StdoutLine: {'line': b'[100%] Built target isaac_ros_apriltag_interfaces__rosidl_typesupport_introspection_c__pyext\n'}
[16.552708] (isaac_ros_nitros_bridge_interfaces) StdoutLine: {'line': b'-- Installing: /workspaces/isaac_ros-dev/install/isaac_ros_nitros_bridge_interfaces/share/isaac_ros_nitros_bridge_interfaces/local_setup.sh\n'}
[16.552837] (isaac_ros_nitros_bridge_interfaces) StdoutLine: {'line': b'-- Installing: /workspaces/isaac_ros-dev/install/isaac_ros_nitros_bridge_interfaces/share/isaac_ros_nitros_bridge_interfaces/local_setup.zsh\n'}
[16.552931] (isaac_ros_nitros_bridge_interfaces) StdoutLine: {'line': b'-- Installing: /workspaces/isaac_ros-dev/install/isaac_ros_nitros_bridge_interfaces/share/isaac_ros_nitros_bridge_interfaces/local_setup.dsv\n'}
[16.553012] (isaac_ros_nitros_bridge_interfaces) StdoutLine: {'line': b'-- Installing: /workspaces/isaac_ros-dev/install/isaac_ros_nitros_bridge_interfaces/share/isaac_ros_nitros_bridge_interfaces/package.dsv\n'}
[16.553472] (isaac_ros_nitros_bridge_interfaces) StdoutLine: {'line': b'-- Installing: /workspaces/isaac_ros-dev/install/isaac_ros_nitros_bridge_interfaces/share/ament_index/resource_index/packages/isaac_ros_nitros_bridge_interfaces\n'}
[16.554250] (isaac_ros_nitros_bridge_interfaces) StdoutLine: {'line': b'-- Installing: /workspaces/isaac_ros-dev/install/isaac_ros_nitros_bridge_interfaces/share/isaac_ros_nitros_bridge_interfaces/cmake/export_isaac_ros_nitros_bridge_interfaces__rosidl_generator_cExport.cmake\n'}
[16.554470] (isaac_ros_nitros_bridge_interfaces) StdoutLine: {'line': b'-- Installing: /workspaces/isaac_ros-dev/install/isaac_ros_nitros_bridge_interfaces/share/isaac_ros_nitros_bridge_interfaces/cmake/export_isaac_ros_nitros_bridge_interfaces__rosidl_generator_cExport-release.cmake\n'}
[16.556995] (isaac_ros_nitros_bridge_interfaces) StdoutLine: {'line': b'-- Installing: /workspaces/isaac_ros-dev/install/isaac_ros_nitros_bridge_interfaces/share/isaac_ros_nitros_bridge_interfaces/cmake/export_isaac_ros_nitros_bridge_interfaces__rosidl_typesupport_fastrtps_cExport.cmake\n'}
[16.557365] (isaac_ros_nitros_bridge_interfaces) StdoutLine: {'line': b'-- Installing: /workspaces/isaac_ros-dev/install/isaac_ros_nitros_bridge_interfaces/share/isaac_ros_nitros_bridge_interfaces/cmake/export_isaac_ros_nitros_bridge_interfaces__rosidl_typesupport_fastrtps_cExport-release.cmake\n'}
[16.557473] (isaac_ros_nitros_bridge_interfaces) StdoutLine: {'line': b'-- Installing: /workspaces/isaac_ros-dev/install/isaac_ros_nitros_bridge_interfaces/share/isaac_ros_nitros_bridge_interfaces/cmake/isaac_ros_nitros_bridge_interfaces__rosidl_typesupport_introspection_cExport.cmake\n'}
[16.557599] (isaac_ros_nitros_bridge_interfaces) StdoutLine: {'line': b'-- Installing: /workspaces/isaac_ros-dev/install/isaac_ros_nitros_bridge_interfaces/share/isaac_ros_nitros_bridge_interfaces/cmake/isaac_ros_nitros_bridge_interfaces__rosidl_typesupport_introspection_cExport-release.cmake\n'}
[16.557714] (isaac_ros_nitros_bridge_interfaces) StdoutLine: {'line': b'-- Installing: /workspaces/isaac_ros-dev/install/isaac_ros_nitros_bridge_interfaces/share/isaac_ros_nitros_bridge_interfaces/cmake/isaac_ros_nitros_bridge_interfaces__rosidl_typesupport_cExport.cmake\n'}
[16.557844] (isaac_ros_nitros_bridge_interfaces) StdoutLine: {'line': b'-- Installing: /workspaces/isaac_ros-dev/install/isaac_ros_nitros_bridge_interfaces/share/isaac_ros_nitros_bridge_interfaces/cmake/isaac_ros_nitros_bridge_interfaces__rosidl_typesupport_cExport-release.cmake\n'}
[16.558029] (isaac_ros_nitros_bridge_interfaces) StdoutLine: {'line': b'-- Installing: /workspaces/isaac_ros-dev/install/isaac_ros_nitros_bridge_interfaces/share/isaac_ros_nitros_bridge_interfaces/cmake/export_isaac_ros_nitros_bridge_interfaces__rosidl_generator_cppExport.cmake\n'}
[16.558123] (isaac_ros_nitros_bridge_interfaces) StdoutLine: {'line': b'-- Installing: /workspaces/isaac_ros-dev/install/isaac_ros_nitros_bridge_interfaces/share/isaac_ros_nitros_bridge_interfaces/cmake/export_isaac_ros_nitros_bridge_interfaces__rosidl_typesupport_fastrtps_cppExport.cmake\n'}
[16.558228] (isaac_ros_nitros_bridge_interfaces) StdoutLine: {'line': b'-- Installing: /workspaces/isaac_ros-dev/install/isaac_ros_nitros_bridge_interfaces/share/isaac_ros_nitros_bridge_interfaces/cmake/export_isaac_ros_nitros_bridge_interfaces__rosidl_typesupport_fastrtps_cppExport-release.cmake\n'}
[16.558364] (isaac_ros_nitros_bridge_interfaces) StdoutLine: {'line': b'-- Installing: /workspaces/isaac_ros-dev/install/isaac_ros_nitros_bridge_interfaces/share/isaac_ros_nitros_bridge_interfaces/cmake/isaac_ros_nitros_bridge_interfaces__rosidl_typesupport_introspection_cppExport.cmake\n'}
[16.558451] (isaac_ros_apriltag_interfaces) StdoutLine: {'line': b'[100%] Built target isaac_ros_apriltag_interfaces__rosidl_typesupport_fastrtps_c__pyext\n'}
[16.558593] (isaac_ros_nitros_bridge_interfaces) StdoutLine: {'line': b'-- Installing: /workspaces/isaac_ros-dev/install/isaac_ros_nitros_bridge_interfaces/share/isaac_ros_nitros_bridge_interfaces/cmake/isaac_ros_nitros_bridge_interfaces__rosidl_typesupport_introspection_cppExport-release.cmake\n'}
[16.558666] (isaac_ros_nitros_bridge_interfaces) StdoutLine: {'line': b'-- Installing: /workspaces/isaac_ros-dev/install/isaac_ros_nitros_bridge_interfaces/share/isaac_ros_nitros_bridge_interfaces/cmake/isaac_ros_nitros_bridge_interfaces__rosidl_typesupport_cppExport.cmake\n'}
[16.558734] (isaac_ros_nitros_bridge_interfaces) StdoutLine: {'line': b'-- Installing: /workspaces/isaac_ros-dev/install/isaac_ros_nitros_bridge_interfaces/share/isaac_ros_nitros_bridge_interfaces/cmake/isaac_ros_nitros_bridge_interfaces__rosidl_typesupport_cppExport-release.cmake\n'}
[16.558861] (isaac_ros_nitros_bridge_interfaces) StdoutLine: {'line': b'-- Installing: /workspaces/isaac_ros-dev/install/isaac_ros_nitros_bridge_interfaces/share/isaac_ros_nitros_bridge_interfaces/cmake/export_isaac_ros_nitros_bridge_interfaces__rosidl_generator_pyExport.cmake\n'}
[16.558943] (isaac_ros_nitros_bridge_interfaces) StdoutLine: {'line': b'-- Installing: /workspaces/isaac_ros-dev/install/isaac_ros_nitros_bridge_interfaces/share/isaac_ros_nitros_bridge_interfaces/cmake/export_isaac_ros_nitros_bridge_interfaces__rosidl_generator_pyExport-release.cmake\n'}
[16.559011] (isaac_ros_nitros_bridge_interfaces) StdoutLine: {'line': b'-- Installing: /workspaces/isaac_ros-dev/install/isaac_ros_nitros_bridge_interfaces/share/isaac_ros_nitros_bridge_interfaces/cmake/rosidl_cmake-extras.cmake\n'}
[16.559164] (isaac_ros_nitros_bridge_interfaces) StdoutLine: {'line': b'-- Installing: /workspaces/isaac_ros-dev/install/isaac_ros_nitros_bridge_interfaces/share/isaac_ros_nitros_bridge_interfaces/cmake/ament_cmake_export_dependencies-extras.cmake\n'}
[16.559377] (isaac_ros_nitros_bridge_interfaces) StdoutLine: {'line': b'-- Installing: /workspaces/isaac_ros-dev/install/isaac_ros_nitros_bridge_interfaces/share/isaac_ros_nitros_bridge_interfaces/cmake/ament_cmake_export_include_directories-extras.cmake\n'}
[16.559604] (isaac_ros_nova_interfaces) StdoutLine: {'line': b'[ 94%] \x1b[32m\x1b[1mLinking C shared library rosidl_generator_py/isaac_ros_nova_interfaces/isaac_ros_nova_interfaces_s__rosidl_typesupport_introspection_c.cpython-38-x86_64-linux-gnu.so\x1b[0m\n'}
[16.559768] (isaac_ros_nitros_bridge_interfaces) StdoutLine: {'line': b'-- Installing: /workspaces/isaac_ros-dev/install/isaac_ros_nitros_bridge_interfaces/share/isaac_ros_nitros_bridge_interfaces/cmake/ament_cmake_export_libraries-extras.cmake\n'}
[16.559951] (isaac_ros_nitros_bridge_interfaces) StdoutLine: {'line': b'-- Installing: /workspaces/isaac_ros-dev/install/isaac_ros_nitros_bridge_interfaces/share/isaac_ros_nitros_bridge_interfaces/cmake/ament_cmake_export_targets-extras.cmake\n'}
[16.560139] (isaac_ros_nitros_bridge_interfaces) StdoutLine: {'line': b'-- Installing: /workspaces/isaac_ros-dev/install/isaac_ros_nitros_bridge_interfaces/share/isaac_ros_nitros_bridge_interfaces/cmake/rosidl_cmake_export_typesupport_targets-extras.cmake\n'}
[16.560359] (isaac_ros_nitros_bridge_interfaces) StdoutLine: {'line': b'-- Installing: /workspaces/isaac_ros-dev/install/isaac_ros_nitros_bridge_interfaces/share/isaac_ros_nitros_bridge_interfaces/cmake/rosidl_cmake_export_typesupport_libraries-extras.cmake\n'}
[16.560582] (isaac_ros_nitros_bridge_interfaces) StdoutLine: {'line': b'-- Installing: /workspaces/isaac_ros-dev/install/isaac_ros_nitros_bridge_interfaces/share/isaac_ros_nitros_bridge_interfaces/cmake/isaac_ros_nitros_bridge_interfacesConfig.cmake\n'}
[16.560766] (isaac_ros_nitros_bridge_interfaces) StdoutLine: {'line': b'-- Installing: /workspaces/isaac_ros-dev/install/isaac_ros_nitros_bridge_interfaces/share/isaac_ros_nitros_bridge_interfaces/cmake/isaac_ros_nitros_bridge_interfacesConfig-version.cmake\n'}
[16.560987] (isaac_ros_nitros_bridge_interfaces) StdoutLine: {'line': b'-- Installing: /workspaces/isaac_ros-dev/install/isaac_ros_nitros_bridge_interfaces/share/isaac_ros_nitros_bridge_interfaces/package.xml\n'}
[16.562082] (isaac_ros_nova_interfaces) StdoutLine: {'line': b'[ 97%] \x1b[32m\x1b[1mLinking C shared library rosidl_generator_py/isaac_ros_nova_interfaces/isaac_ros_nova_interfaces_s__rosidl_typesupport_fastrtps_c.cpython-38-x86_64-linux-gnu.so\x1b[0m\n'}
[16.563382] (isaac_ros_nitros_bridge_interfaces) CommandEnded: {'returncode': 0}
[16.579245] (isaac_ros_nova_interfaces) StdoutLine: {'line': b'[100%] \x1b[32m\x1b[1mLinking C shared library rosidl_generator_py/isaac_ros_nova_interfaces/isaac_ros_nova_interfaces_s__rosidl_typesupport_c.cpython-38-x86_64-linux-gnu.so\x1b[0m\n'}
[16.591656] (isaac_ros_pointcloud_interfaces) StdoutLine: {'line': b'[ 93%] \x1b[32m\x1b[1mLinking C shared library rosidl_generator_py/isaac_ros_pointcloud_interfaces/isaac_ros_pointcloud_interfaces_s__rosidl_typesupport_fastrtps_c.cpython-38-x86_64-linux-gnu.so\x1b[0m\n'}
[16.596228] (isaac_ros_pointcloud_interfaces) StdoutLine: {'line': b'[ 96%] \x1b[32m\x1b[1mLinking C shared library rosidl_generator_py/isaac_ros_pointcloud_interfaces/isaac_ros_pointcloud_interfaces_s__rosidl_typesupport_introspection_c.cpython-38-x86_64-linux-gnu.so\x1b[0m\n'}
[16.602362] (-) TimerEvent: {}
[16.607611] (isaac_ros_nova_interfaces) StdoutLine: {'line': b'[100%] Built target isaac_ros_nova_interfaces__rosidl_typesupport_introspection_c__pyext\n'}
[16.607780] (isaac_ros_nova_interfaces) StdoutLine: {'line': b'[100%] Built target isaac_ros_nova_interfaces__rosidl_typesupport_fastrtps_c__pyext\n'}
[16.624767] (isaac_ros_nova_interfaces) StdoutLine: {'line': b'[100%] Built target isaac_ros_nova_interfaces__rosidl_typesupport_c__pyext\n'}
[16.631726] (isaac_ros_pointcloud_interfaces) StdoutLine: {'line': b'[100%] \x1b[32m\x1b[1mLinking C shared library rosidl_generator_py/isaac_ros_pointcloud_interfaces/isaac_ros_pointcloud_interfaces_s__rosidl_typesupport_c.cpython-38-x86_64-linux-gnu.so\x1b[0m\n'}
[16.632092] (isaac_ros_pointcloud_interfaces) StdoutLine: {'line': b'[100%] Built target isaac_ros_pointcloud_interfaces__rosidl_typesupport_fastrtps_c__pyext\n'}
[16.640202] (isaac_ros_pointcloud_interfaces) StdoutLine: {'line': b'[100%] Built target isaac_ros_pointcloud_interfaces__rosidl_typesupport_introspection_c__pyext\n'}
[16.664437] (isaac_ros_pointcloud_interfaces) StdoutLine: {'line': b'[100%] Built target isaac_ros_pointcloud_interfaces__rosidl_typesupport_c__pyext\n'}
[16.702532] (-) TimerEvent: {}
[16.721365] (isaac_ros_tensor_list_interfaces) StdoutLine: {'line': b'[ 95%] \x1b[32m\x1b[1mLinking C shared library rosidl_generator_py/isaac_ros_tensor_list_interfaces/isaac_ros_tensor_list_interfaces_s__rosidl_typesupport_fastrtps_c.cpython-38-x86_64-linux-gnu.so\x1b[0m\n'}
[16.723601] (isaac_ros_tensor_list_interfaces) StdoutLine: {'line': b'[ 97%] \x1b[32m\x1b[1mLinking C shared library rosidl_generator_py/isaac_ros_tensor_list_interfaces/isaac_ros_tensor_list_interfaces_s__rosidl_typesupport_c.cpython-38-x86_64-linux-gnu.so\x1b[0m\n'}
[16.726792] (isaac_ros_tensor_list_interfaces) StdoutLine: {'line': b'[100%] \x1b[32m\x1b[1mLinking C shared library rosidl_generator_py/isaac_ros_tensor_list_interfaces/isaac_ros_tensor_list_interfaces_s__rosidl_typesupport_introspection_c.cpython-38-x86_64-linux-gnu.so\x1b[0m\n'}
[16.744512] (isaac_ros_bi3d_interfaces) JobEnded: {'identifier': 'isaac_ros_bi3d_interfaces', 'rc': 0}
[16.745768] (isaac_ros_apriltag_interfaces) CommandEnded: {'returncode': 0}
[16.749754] (isaac_ros_nova_interfaces) CommandEnded: {'returncode': 0}
[16.753495] (isaac_ros_pointcloud_interfaces) CommandEnded: {'returncode': 0}
[16.756039] (isaac_ros_tensor_list_interfaces) StdoutLine: {'line': b'[100%] Built target isaac_ros_tensor_list_interfaces__rosidl_typesupport_fastrtps_c__pyext\n'}
[16.756805] (isaac_ros_tensor_list_interfaces) StdoutLine: {'line': b'[100%] Built target isaac_ros_tensor_list_interfaces__rosidl_typesupport_c__pyext\n'}
[16.759690] (isaac_ros_tensor_list_interfaces) StdoutLine: {'line': b'[100%] Built target isaac_ros_tensor_list_interfaces__rosidl_typesupport_introspection_c__pyext\n'}
[16.802623] (-) TimerEvent: {}
[16.839868] (isaac_ros_nitros_bridge_interfaces) JobEnded: {'identifier': 'isaac_ros_nitros_bridge_interfaces', 'rc': 0}
[16.840929] (isaac_ros_tensor_list_interfaces) CommandEnded: {'returncode': 0}
[16.857441] (isaac_ros_pointcloud_interfaces) JobProgress: {'identifier': 'isaac_ros_pointcloud_interfaces', 'progress': 'install'}
[16.857856] (isaac_ros_pointcloud_interfaces) Command: {'cmd': ['/usr/bin/cmake', '--install', '/workspaces/isaac_ros-dev/build/isaac_ros_pointcloud_interfaces'], 'cwd': '/workspaces/isaac_ros-dev/build/isaac_ros_pointcloud_interfaces', 'env': OrderedDict([('DALI_BUILD', '5838886'), ('LIBRARY_PATH', '/usr/local/cuda/lib64/stubs:'), ('PYTHONWARNINGS', 'ignore:::setuptools.command.install,ignore:::setuptools.command.easy_install,ignore:::pkg_resources'), ('USER', 'bantalemak'), ('TF_ADJUST_SATURATION_FUSED', '1'), ('JAVA_TOOL_OPTIONS', '-Dfile.encoding=UTF8'), ('CUSOLVER_VERSION', '11.4.1.48'), ('HOSTNAME', 'bantalemak-Legion-5-15ACH6'), ('CUTENSOR_VERSION', '1.6.1.5'), ('SHLVL', '2'), ('LD_LIBRARY_PATH', '/workspaces/isaac_ros-dev/install/isaac_ros_common/lib:/opt/ros/humble/opt/rviz_ogre_vendor/lib:/opt/ros/humble/lib/x86_64-linux-gnu:/opt/ros/humble/lib:/opt/tritonserver/backends/onnxruntime:/usr/local/cuda/compat/lib:/usr/local/nvidia/lib:/usr/local/nvidia/lib64:/opt/tritonserver/lib'), ('HOME', '/home/admin'), ('NVIDIA_TRITON_SERVER_VERSION', '22.09'), ('CUDA_CACHE_DISABLE', '1'), ('ROS_PYTHON_VERSION', '3'), ('CCACHE_UMASK', '000'), ('USER_UID', '1000'), ('ENV', '/etc/shinit_v2'), ('RDMACORE_VERSION', '36.0'), ('NVJPEG_VERSION', '11.9.0.86'), ('NVIDIA_BUILD_ID', '44909143'), ('CUDA_VERSION', '11.8.0.062'), ('CUBLAS_VERSION', '11.11.3.6'), ('NSIGHT_SYSTEMS_VERSION', '2022.3.1.43'), ('ROS_DISTRO', 'humble'), ('OPAL_PREFIX', '/opt/hpcx/ompi'), ('NVIDIA_REQUIRE_CUDA', 'cuda>=9.0'), ('TRT_VERSION', '8.5.0.12'), ('GDRCOPY_VERSION', '2.3'), ('_', '/usr/bin/colcon'), ('ROS_VERSION', '2'), ('NVIDIA_DRIVER_CAPABILITIES', 'all'), ('POLYGRAPHY_VERSION', '0.38.0'), ('CURAND_VERSION', '10.3.0.86'), ('MOFED_VERSION', '5.4-rdmacore36.0'), ('USERNAME', 'admin'), ('TERM', 'xterm'), ('ROS_LOCALHOST_ONLY', '0'), ('QT_X11_NO_MITSHM', '1'), ('PATH', '/opt/ros/humble/bin:/usr/lib/ccache:/opt/tritonserver/bin:/usr/local/mpi/bin:/usr/local/nvidia/bin:/usr/local/cuda/bin:/usr/local/sbin:/usr/local/bin:/usr/sbin:/usr/bin:/sbin:/bin:/usr/local/ucx/bin:/opt/nvidia/tao'), ('FASTRTPS_DEFAULT_PROFILES_FILE', '/usr/local/share/middleware_profiles/rtps_udp_profile.xml'), ('CUDA_DRIVER_VERSION', '520.61.03'), ('_CUDA_COMPAT_STATUS', 'System has unsupported display driver / cuda driver combination (CUDA_ERROR_SYSTEM_DRIVER_MISMATCH) cuInit()=803'), ('DISPLAY', ':1'), ('NVIDIA_PRODUCT_NAME', 'Triton Server'), ('LANG', 'C.UTF-8'), ('RMW_IMPLEMENTATION', 'rmw_fastrtps_cpp'), ('NPP_VERSION', '11.8.0.86'), ('ROS_ROOT', '/opt/ros/humble'), ('CUFFT_VERSION', '10.9.0.58'), ('TF_ENABLE_WINOGRAD_NONFUSED', '1'), ('AMENT_PREFIX_PATH', '/workspaces/isaac_ros-dev/install/isaac_ros_common:/opt/ros/humble'), ('CUDNN_VERSION', '8.6.0.163'), ('NSIGHT_COMPUTE_VERSION', '2022.3.0.22'), ('DALI_VERSION', '1.17.0'), ('DEBIAN_FRONTEND', 'noninteractive'), ('SHELL', '/bin/bash'), ('DCGM_VERSION', '2.2.9'), ('OPENMPI_VERSION', '4.1.4'), ('TRTOSS_VERSION', ''), ('OMPI_MCA_coll_hcoll_enable', '0'), ('CUSPARSE_VERSION', '11.7.5.86'), ('TRITON_SERVER_GPU_ENABLED', '1'), ('TRITON_SERVER_VERSION', '2.26.0'), ('BASH_ENV', '/etc/bash.bashrc'), ('PWD', '/workspaces/isaac_ros-dev/build/isaac_ros_pointcloud_interfaces'), ('LC_ALL', 'C.UTF-8'), ('PYTHONPATH', '/opt/ros/humble/lib/python3.8/site-packages'), ('_CUDA_COMPAT_PATH', '/usr/local/cuda/compat'), ('TRITON_SERVER_USER', 'triton-server'), ('TF_ADJUST_HUE_FUSED', '1'), ('NVIDIA_VISIBLE_DEVICES', 'all'), ('NCCL_VERSION', '2.15.1'), ('TZ', 'UTC'), ('USER_GID', '1000'), ('COLCON', '1'), ('OPENUCX_VERSION', '1.14.0'), ('HPCX_VERSION', '2.12.1a0'), ('SHARP_COLL_ENABLE_CUDA', '0'), ('TF_AUTOTUNE_THRESHOLD', '2'), ('CMAKE_PREFIX_PATH', '/workspaces/isaac_ros-dev/install/isaac_ros_common:/opt/ros/humble')]), 'shell': False}
[16.864657] (isaac_ros_pointcloud_interfaces) StdoutLine: {'line': b'-- Install configuration: "Release"\n'}
[16.864923] (isaac_ros_pointcloud_interfaces) StdoutLine: {'line': b'-- Installing: /workspaces/isaac_ros-dev/install/isaac_ros_pointcloud_interfaces/share/ament_index/resource_index/rosidl_interfaces/isaac_ros_pointcloud_interfaces\n'}
[16.865109] (isaac_ros_pointcloud_interfaces) StdoutLine: {'line': b'-- Installing: /workspaces/isaac_ros-dev/install/isaac_ros_pointcloud_interfaces/include/isaac_ros_pointcloud_interfaces/isaac_ros_pointcloud_interfaces\n'}
[16.865264] (isaac_ros_pointcloud_interfaces) StdoutLine: {'line': b'-- Installing: /workspaces/isaac_ros-dev/install/isaac_ros_pointcloud_interfaces/include/isaac_ros_pointcloud_interfaces/isaac_ros_pointcloud_interfaces/msg\n'}
[16.865438] (isaac_ros_pointcloud_interfaces) StdoutLine: {'line': b'-- Installing: /workspaces/isaac_ros-dev/install/isaac_ros_pointcloud_interfaces/include/isaac_ros_pointcloud_interfaces/isaac_ros_pointcloud_interfaces/msg/flat_scan.h\n'}
[16.865621] (isaac_ros_pointcloud_interfaces) StdoutLine: {'line': b'-- Installing: /workspaces/isaac_ros-dev/install/isaac_ros_pointcloud_interfaces/include/isaac_ros_pointcloud_interfaces/isaac_ros_pointcloud_interfaces/msg/rosidl_generator_c__visibility_control.h\n'}
[16.865712] (isaac_ros_pointcloud_interfaces) StdoutLine: {'line': b'-- Installing: /workspaces/isaac_ros-dev/install/isaac_ros_pointcloud_interfaces/include/isaac_ros_pointcloud_interfaces/isaac_ros_pointcloud_interfaces/msg/detail\n'}
[16.865792] (isaac_ros_pointcloud_interfaces) StdoutLine: {'line': b'-- Installing: /workspaces/isaac_ros-dev/install/isaac_ros_pointcloud_interfaces/include/isaac_ros_pointcloud_interfaces/isaac_ros_pointcloud_interfaces/msg/detail/flat_scan__type_support.h\n'}
[16.865988] (isaac_ros_pointcloud_interfaces) StdoutLine: {'line': b'-- Installing: /workspaces/isaac_ros-dev/install/isaac_ros_pointcloud_interfaces/include/isaac_ros_pointcloud_interfaces/isaac_ros_pointcloud_interfaces/msg/detail/flat_scan__functions.c\n'}
[16.866068] (isaac_ros_pointcloud_interfaces) StdoutLine: {'line': b'-- Installing: /workspaces/isaac_ros-dev/install/isaac_ros_pointcloud_interfaces/include/isaac_ros_pointcloud_interfaces/isaac_ros_pointcloud_interfaces/msg/detail/flat_scan__struct.h\n'}
[16.866236] (isaac_ros_pointcloud_interfaces) StdoutLine: {'line': b'-- Installing: /workspaces/isaac_ros-dev/install/isaac_ros_pointcloud_interfaces/include/isaac_ros_pointcloud_interfaces/isaac_ros_pointcloud_interfaces/msg/detail/flat_scan__functions.h\n'}
[16.866337] (isaac_ros_pointcloud_interfaces) StdoutLine: {'line': b'-- Installing: /workspaces/isaac_ros-dev/install/isaac_ros_pointcloud_interfaces/share/isaac_ros_pointcloud_interfaces/environment/library_path.sh\n'}
[16.866503] (isaac_ros_pointcloud_interfaces) StdoutLine: {'line': b'-- Installing: /workspaces/isaac_ros-dev/install/isaac_ros_pointcloud_interfaces/share/isaac_ros_pointcloud_interfaces/environment/library_path.dsv\n'}
[16.866735] (isaac_ros_pointcloud_interfaces) StdoutLine: {'line': b'-- Installing: /workspaces/isaac_ros-dev/install/isaac_ros_pointcloud_interfaces/lib/libisaac_ros_pointcloud_interfaces__rosidl_generator_c.so\n'}
[16.867117] (isaac_ros_pointcloud_interfaces) StdoutLine: {'line': b'-- Set runtime path of "/workspaces/isaac_ros-dev/install/isaac_ros_pointcloud_interfaces/lib/libisaac_ros_pointcloud_interfaces__rosidl_generator_c.so" to ""\n'}
[16.867233] (isaac_ros_pointcloud_interfaces) StdoutLine: {'line': b'-- Up-to-date: /workspaces/isaac_ros-dev/install/isaac_ros_pointcloud_interfaces/include/isaac_ros_pointcloud_interfaces/isaac_ros_pointcloud_interfaces\n'}
[16.867340] (isaac_ros_pointcloud_interfaces) StdoutLine: {'line': b'-- Up-to-date: /workspaces/isaac_ros-dev/install/isaac_ros_pointcloud_interfaces/include/isaac_ros_pointcloud_interfaces/isaac_ros_pointcloud_interfaces/msg\n'}
[16.867437] (isaac_ros_pointcloud_interfaces) StdoutLine: {'line': b'-- Installing: /workspaces/isaac_ros-dev/install/isaac_ros_pointcloud_interfaces/include/isaac_ros_pointcloud_interfaces/isaac_ros_pointcloud_interfaces/msg/rosidl_typesupport_fastrtps_c__visibility_control.h\n'}
[16.867493] (isaac_ros_pointcloud_interfaces) StdoutLine: {'line': b'-- Up-to-date: /workspaces/isaac_ros-dev/install/isaac_ros_pointcloud_interfaces/include/isaac_ros_pointcloud_interfaces/isaac_ros_pointcloud_interfaces/msg/detail\n'}
[16.867558] (isaac_ros_pointcloud_interfaces) StdoutLine: {'line': b'-- Installing: /workspaces/isaac_ros-dev/install/isaac_ros_pointcloud_interfaces/include/isaac_ros_pointcloud_interfaces/isaac_ros_pointcloud_interfaces/msg/detail/flat_scan__rosidl_typesupport_fastrtps_c.h\n'}
[16.867651] (isaac_ros_pointcloud_interfaces) StdoutLine: {'line': b'-- Installing: /workspaces/isaac_ros-dev/install/isaac_ros_pointcloud_interfaces/lib/libisaac_ros_pointcloud_interfaces__rosidl_typesupport_fastrtps_c.so\n'}
[16.867903] (isaac_ros_pointcloud_interfaces) StdoutLine: {'line': b'-- Set runtime path of "/workspaces/isaac_ros-dev/install/isaac_ros_pointcloud_interfaces/lib/libisaac_ros_pointcloud_interfaces__rosidl_typesupport_fastrtps_c.so" to ""\n'}
[16.868033] (isaac_ros_pointcloud_interfaces) StdoutLine: {'line': b'-- Up-to-date: /workspaces/isaac_ros-dev/install/isaac_ros_pointcloud_interfaces/include/isaac_ros_pointcloud_interfaces/isaac_ros_pointcloud_interfaces\n'}
[16.868093] (isaac_ros_pointcloud_interfaces) StdoutLine: {'line': b'-- Up-to-date: /workspaces/isaac_ros-dev/install/isaac_ros_pointcloud_interfaces/include/isaac_ros_pointcloud_interfaces/isaac_ros_pointcloud_interfaces/msg\n'}
[16.868149] (isaac_ros_pointcloud_interfaces) StdoutLine: {'line': b'-- Installing: /workspaces/isaac_ros-dev/install/isaac_ros_pointcloud_interfaces/include/isaac_ros_pointcloud_interfaces/isaac_ros_pointcloud_interfaces/msg/rosidl_typesupport_introspection_c__visibility_control.h\n'}
[16.868416] (isaac_ros_pointcloud_interfaces) StdoutLine: {'line': b'-- Up-to-date: /workspaces/isaac_ros-dev/install/isaac_ros_pointcloud_interfaces/include/isaac_ros_pointcloud_interfaces/isaac_ros_pointcloud_interfaces/msg/detail\n'}
[16.868527] (isaac_ros_pointcloud_interfaces) StdoutLine: {'line': b'-- Installing: /workspaces/isaac_ros-dev/install/isaac_ros_pointcloud_interfaces/include/isaac_ros_pointcloud_interfaces/isaac_ros_pointcloud_interfaces/msg/detail/flat_scan__type_support.c\n'}
[16.868586] (isaac_ros_pointcloud_interfaces) StdoutLine: {'line': b'-- Installing: /workspaces/isaac_ros-dev/install/isaac_ros_pointcloud_interfaces/include/isaac_ros_pointcloud_interfaces/isaac_ros_pointcloud_interfaces/msg/detail/flat_scan__rosidl_typesupport_introspection_c.h\n'}
[16.868640] (isaac_ros_pointcloud_interfaces) StdoutLine: {'line': b'-- Installing: /workspaces/isaac_ros-dev/install/isaac_ros_pointcloud_interfaces/lib/libisaac_ros_pointcloud_interfaces__rosidl_typesupport_introspection_c.so\n'}
[16.868835] (isaac_ros_pointcloud_interfaces) StdoutLine: {'line': b'-- Set runtime path of "/workspaces/isaac_ros-dev/install/isaac_ros_pointcloud_interfaces/lib/libisaac_ros_pointcloud_interfaces__rosidl_typesupport_introspection_c.so" to ""\n'}
[16.868926] (isaac_ros_pointcloud_interfaces) StdoutLine: {'line': b'-- Installing: /workspaces/isaac_ros-dev/install/isaac_ros_pointcloud_interfaces/lib/libisaac_ros_pointcloud_interfaces__rosidl_typesupport_c.so\n'}
[16.869190] (isaac_ros_pointcloud_interfaces) StdoutLine: {'line': b'-- Set runtime path of "/workspaces/isaac_ros-dev/install/isaac_ros_pointcloud_interfaces/lib/libisaac_ros_pointcloud_interfaces__rosidl_typesupport_c.so" to ""\n'}
[16.869356] (isaac_ros_pointcloud_interfaces) StdoutLine: {'line': b'-- Up-to-date: /workspaces/isaac_ros-dev/install/isaac_ros_pointcloud_interfaces/include/isaac_ros_pointcloud_interfaces/isaac_ros_pointcloud_interfaces\n'}
[16.869426] (isaac_ros_pointcloud_interfaces) StdoutLine: {'line': b'-- Up-to-date: /workspaces/isaac_ros-dev/install/isaac_ros_pointcloud_interfaces/include/isaac_ros_pointcloud_interfaces/isaac_ros_pointcloud_interfaces/msg\n'}
[16.869528] (isaac_ros_pointcloud_interfaces) StdoutLine: {'line': b'-- Installing: /workspaces/isaac_ros-dev/install/isaac_ros_pointcloud_interfaces/include/isaac_ros_pointcloud_interfaces/isaac_ros_pointcloud_interfaces/msg/flat_scan.hpp\n'}
[16.869582] (isaac_ros_pointcloud_interfaces) StdoutLine: {'line': b'-- Up-to-date: /workspaces/isaac_ros-dev/install/isaac_ros_pointcloud_interfaces/include/isaac_ros_pointcloud_interfaces/isaac_ros_pointcloud_interfaces/msg/detail\n'}
[16.869760] (isaac_ros_pointcloud_interfaces) StdoutLine: {'line': b'-- Installing: /workspaces/isaac_ros-dev/install/isaac_ros_pointcloud_interfaces/include/isaac_ros_pointcloud_interfaces/isaac_ros_pointcloud_interfaces/msg/detail/flat_scan__struct.hpp\n'}
[16.869860] (isaac_ros_pointcloud_interfaces) StdoutLine: {'line': b'-- Installing: /workspaces/isaac_ros-dev/install/isaac_ros_pointcloud_interfaces/include/isaac_ros_pointcloud_interfaces/isaac_ros_pointcloud_interfaces/msg/detail/flat_scan__traits.hpp\n'}
[16.869939] (isaac_ros_pointcloud_interfaces) StdoutLine: {'line': b'-- Installing: /workspaces/isaac_ros-dev/install/isaac_ros_pointcloud_interfaces/include/isaac_ros_pointcloud_interfaces/isaac_ros_pointcloud_interfaces/msg/detail/flat_scan__builder.hpp\n'}
[16.870040] (isaac_ros_pointcloud_interfaces) StdoutLine: {'line': b'-- Up-to-date: /workspaces/isaac_ros-dev/install/isaac_ros_pointcloud_interfaces/include/isaac_ros_pointcloud_interfaces/isaac_ros_pointcloud_interfaces\n'}
[16.870163] (isaac_ros_pointcloud_interfaces) StdoutLine: {'line': b'-- Up-to-date: /workspaces/isaac_ros-dev/install/isaac_ros_pointcloud_interfaces/include/isaac_ros_pointcloud_interfaces/isaac_ros_pointcloud_interfaces/msg\n'}
[16.870254] (isaac_ros_pointcloud_interfaces) StdoutLine: {'line': b'-- Installing: /workspaces/isaac_ros-dev/install/isaac_ros_pointcloud_interfaces/include/isaac_ros_pointcloud_interfaces/isaac_ros_pointcloud_interfaces/msg/rosidl_typesupport_fastrtps_cpp__visibility_control.h\n'}
[16.870311] (isaac_ros_pointcloud_interfaces) StdoutLine: {'line': b'-- Up-to-date: /workspaces/isaac_ros-dev/install/isaac_ros_pointcloud_interfaces/include/isaac_ros_pointcloud_interfaces/isaac_ros_pointcloud_interfaces/msg/detail\n'}
[16.870376] (isaac_ros_pointcloud_interfaces) StdoutLine: {'line': b'-- Installing: /workspaces/isaac_ros-dev/install/isaac_ros_pointcloud_interfaces/include/isaac_ros_pointcloud_interfaces/isaac_ros_pointcloud_interfaces/msg/detail/flat_scan__rosidl_typesupport_fastrtps_cpp.hpp\n'}
[16.870469] (isaac_ros_pointcloud_interfaces) StdoutLine: {'line': b'-- Installing: /workspaces/isaac_ros-dev/install/isaac_ros_pointcloud_interfaces/include/isaac_ros_pointcloud_interfaces/isaac_ros_pointcloud_interfaces/msg/detail/dds_fastrtps\n'}
[16.870523] (isaac_ros_pointcloud_interfaces) StdoutLine: {'line': b'-- Installing: /workspaces/isaac_ros-dev/install/isaac_ros_pointcloud_interfaces/lib/libisaac_ros_pointcloud_interfaces__rosidl_typesupport_fastrtps_cpp.so\n'}
[16.870697] (isaac_ros_pointcloud_interfaces) StdoutLine: {'line': b'-- Set runtime path of "/workspaces/isaac_ros-dev/install/isaac_ros_pointcloud_interfaces/lib/libisaac_ros_pointcloud_interfaces__rosidl_typesupport_fastrtps_cpp.so" to ""\n'}
[16.870780] (isaac_ros_pointcloud_interfaces) StdoutLine: {'line': b'-- Up-to-date: /workspaces/isaac_ros-dev/install/isaac_ros_pointcloud_interfaces/include/isaac_ros_pointcloud_interfaces/isaac_ros_pointcloud_interfaces\n'}
[16.870946] (isaac_ros_pointcloud_interfaces) StdoutLine: {'line': b'-- Up-to-date: /workspaces/isaac_ros-dev/install/isaac_ros_pointcloud_interfaces/include/isaac_ros_pointcloud_interfaces/isaac_ros_pointcloud_interfaces/msg\n'}
[16.871210] (isaac_ros_pointcloud_interfaces) StdoutLine: {'line': b'-- Up-to-date: /workspaces/isaac_ros-dev/install/isaac_ros_pointcloud_interfaces/include/isaac_ros_pointcloud_interfaces/isaac_ros_pointcloud_interfaces/msg/detail\n'}
[16.871311] (isaac_ros_pointcloud_interfaces) StdoutLine: {'line': b'-- Installing: /workspaces/isaac_ros-dev/install/isaac_ros_pointcloud_interfaces/include/isaac_ros_pointcloud_interfaces/isaac_ros_pointcloud_interfaces/msg/detail/flat_scan__type_support.cpp\n'}
[16.871388] (isaac_ros_pointcloud_interfaces) StdoutLine: {'line': b'-- Installing: /workspaces/isaac_ros-dev/install/isaac_ros_pointcloud_interfaces/include/isaac_ros_pointcloud_interfaces/isaac_ros_pointcloud_interfaces/msg/detail/flat_scan__rosidl_typesupport_introspection_cpp.hpp\n'}
[16.871602] (isaac_ros_pointcloud_interfaces) StdoutLine: {'line': b'-- Installing: /workspaces/isaac_ros-dev/install/isaac_ros_pointcloud_interfaces/lib/libisaac_ros_pointcloud_interfaces__rosidl_typesupport_introspection_cpp.so\n'}
[16.871723] (isaac_ros_pointcloud_interfaces) StdoutLine: {'line': b'-- Set runtime path of "/workspaces/isaac_ros-dev/install/isaac_ros_pointcloud_interfaces/lib/libisaac_ros_pointcloud_interfaces__rosidl_typesupport_introspection_cpp.so" to ""\n'}
[16.871784] (isaac_ros_pointcloud_interfaces) StdoutLine: {'line': b'-- Installing: /workspaces/isaac_ros-dev/install/isaac_ros_pointcloud_interfaces/lib/libisaac_ros_pointcloud_interfaces__rosidl_typesupport_cpp.so\n'}
[16.871958] (isaac_ros_pointcloud_interfaces) StdoutLine: {'line': b'-- Set runtime path of "/workspaces/isaac_ros-dev/install/isaac_ros_pointcloud_interfaces/lib/libisaac_ros_pointcloud_interfaces__rosidl_typesupport_cpp.so" to ""\n'}
[16.872075] (isaac_ros_pointcloud_interfaces) StdoutLine: {'line': b'-- Installing: /workspaces/isaac_ros-dev/install/isaac_ros_pointcloud_interfaces/share/isaac_ros_pointcloud_interfaces/environment/pythonpath.sh\n'}
[16.872152] (isaac_ros_pointcloud_interfaces) StdoutLine: {'line': b'-- Installing: /workspaces/isaac_ros-dev/install/isaac_ros_pointcloud_interfaces/share/isaac_ros_pointcloud_interfaces/environment/pythonpath.dsv\n'}
[16.872290] (isaac_ros_pointcloud_interfaces) StdoutLine: {'line': b'-- Installing: /workspaces/isaac_ros-dev/install/isaac_ros_pointcloud_interfaces/lib/python3.8/site-packages/isaac_ros_pointcloud_interfaces-2.1.0-py3.8.egg-info\n'}
[16.872415] (isaac_ros_pointcloud_interfaces) StdoutLine: {'line': b'-- Installing: /workspaces/isaac_ros-dev/install/isaac_ros_pointcloud_interfaces/lib/python3.8/site-packages/isaac_ros_pointcloud_interfaces-2.1.0-py3.8.egg-info/dependency_links.txt\n'}
[16.872559] (isaac_ros_pointcloud_interfaces) StdoutLine: {'line': b'-- Installing: /workspaces/isaac_ros-dev/install/isaac_ros_pointcloud_interfaces/lib/python3.8/site-packages/isaac_ros_pointcloud_interfaces-2.1.0-py3.8.egg-info/top_level.txt\n'}
[16.872846] (isaac_ros_pointcloud_interfaces) StdoutLine: {'line': b'-- Installing: /workspaces/isaac_ros-dev/install/isaac_ros_pointcloud_interfaces/lib/python3.8/site-packages/isaac_ros_pointcloud_interfaces-2.1.0-py3.8.egg-info/SOURCES.txt\n'}
[16.872930] (isaac_ros_pointcloud_interfaces) StdoutLine: {'line': b'-- Installing: /workspaces/isaac_ros-dev/install/isaac_ros_pointcloud_interfaces/lib/python3.8/site-packages/isaac_ros_pointcloud_interfaces-2.1.0-py3.8.egg-info/PKG-INFO\n'}
[16.873054] (isaac_ros_pointcloud_interfaces) StdoutLine: {'line': b'-- Installing: /workspaces/isaac_ros-dev/install/isaac_ros_pointcloud_interfaces/lib/python3.8/site-packages/isaac_ros_pointcloud_interfaces\n'}
[16.873115] (isaac_ros_pointcloud_interfaces) StdoutLine: {'line': b'-- Installing: /workspaces/isaac_ros-dev/install/isaac_ros_pointcloud_interfaces/lib/python3.8/site-packages/isaac_ros_pointcloud_interfaces/isaac_ros_pointcloud_interfaces_s__rosidl_typesupport_c.cpython-38-x86_64-linux-gnu.so\n'}
[16.873208] (isaac_ros_pointcloud_interfaces) StdoutLine: {'line': b'-- Installing: /workspaces/isaac_ros-dev/install/isaac_ros_pointcloud_interfaces/lib/python3.8/site-packages/isaac_ros_pointcloud_interfaces/libisaac_ros_pointcloud_interfaces__rosidl_generator_py.so\n'}
[16.873304] (isaac_ros_pointcloud_interfaces) StdoutLine: {'line': b'-- Installing: /workspaces/isaac_ros-dev/install/isaac_ros_pointcloud_interfaces/lib/python3.8/site-packages/isaac_ros_pointcloud_interfaces/isaac_ros_pointcloud_interfaces_s__rosidl_typesupport_fastrtps_c.cpython-38-x86_64-linux-gnu.so\n'}
[16.873442] (isaac_ros_pointcloud_interfaces) StdoutLine: {'line': b'-- Installing: /workspaces/isaac_ros-dev/install/isaac_ros_pointcloud_interfaces/lib/python3.8/site-packages/isaac_ros_pointcloud_interfaces/__init__.py\n'}
[16.873551] (isaac_ros_pointcloud_interfaces) StdoutLine: {'line': b'-- Installing: /workspaces/isaac_ros-dev/install/isaac_ros_pointcloud_interfaces/lib/python3.8/site-packages/isaac_ros_pointcloud_interfaces/_isaac_ros_pointcloud_interfaces_s.ep.rosidl_typesupport_introspection_c.c\n'}
[16.873670] (isaac_ros_pointcloud_interfaces) StdoutLine: {'line': b'-- Installing: /workspaces/isaac_ros-dev/install/isaac_ros_pointcloud_interfaces/lib/python3.8/site-packages/isaac_ros_pointcloud_interfaces/_isaac_ros_pointcloud_interfaces_s.ep.rosidl_typesupport_c.c\n'}
[16.873791] (isaac_ros_pointcloud_interfaces) StdoutLine: {'line': b'-- Installing: /workspaces/isaac_ros-dev/install/isaac_ros_pointcloud_interfaces/lib/python3.8/site-packages/isaac_ros_pointcloud_interfaces/isaac_ros_pointcloud_interfaces_s__rosidl_typesupport_introspection_c.cpython-38-x86_64-linux-gnu.so\n'}
[16.874080] (isaac_ros_pointcloud_interfaces) StdoutLine: {'line': b'-- Installing: /workspaces/isaac_ros-dev/install/isaac_ros_pointcloud_interfaces/lib/python3.8/site-packages/isaac_ros_pointcloud_interfaces/msg\n'}
[16.874154] (isaac_ros_pointcloud_interfaces) StdoutLine: {'line': b'-- Installing: /workspaces/isaac_ros-dev/install/isaac_ros_pointcloud_interfaces/lib/python3.8/site-packages/isaac_ros_pointcloud_interfaces/msg/_flat_scan_s.c\n'}
[16.874262] (isaac_ros_pointcloud_interfaces) StdoutLine: {'line': b'-- Installing: /workspaces/isaac_ros-dev/install/isaac_ros_pointcloud_interfaces/lib/python3.8/site-packages/isaac_ros_pointcloud_interfaces/msg/_flat_scan.py\n'}
[16.874437] (isaac_ros_pointcloud_interfaces) StdoutLine: {'line': b'-- Installing: /workspaces/isaac_ros-dev/install/isaac_ros_pointcloud_interfaces/lib/python3.8/site-packages/isaac_ros_pointcloud_interfaces/msg/__init__.py\n'}
[16.874492] (isaac_ros_pointcloud_interfaces) StdoutLine: {'line': b'-- Installing: /workspaces/isaac_ros-dev/install/isaac_ros_pointcloud_interfaces/lib/python3.8/site-packages/isaac_ros_pointcloud_interfaces/_isaac_ros_pointcloud_interfaces_s.ep.rosidl_typesupport_fastrtps_c.c\n'}
[16.886559] (isaac_ros_apriltag_interfaces) JobProgress: {'identifier': 'isaac_ros_apriltag_interfaces', 'progress': 'install'}
[16.889325] (isaac_ros_apriltag_interfaces) Command: {'cmd': ['/usr/bin/cmake', '--install', '/workspaces/isaac_ros-dev/build/isaac_ros_apriltag_interfaces'], 'cwd': '/workspaces/isaac_ros-dev/build/isaac_ros_apriltag_interfaces', 'env': OrderedDict([('DALI_BUILD', '5838886'), ('LIBRARY_PATH', '/usr/local/cuda/lib64/stubs:'), ('PYTHONWARNINGS', 'ignore:::setuptools.command.install,ignore:::setuptools.command.easy_install,ignore:::pkg_resources'), ('USER', 'bantalemak'), ('TF_ADJUST_SATURATION_FUSED', '1'), ('JAVA_TOOL_OPTIONS', '-Dfile.encoding=UTF8'), ('CUSOLVER_VERSION', '11.4.1.48'), ('HOSTNAME', 'bantalemak-Legion-5-15ACH6'), ('CUTENSOR_VERSION', '1.6.1.5'), ('SHLVL', '2'), ('LD_LIBRARY_PATH', '/workspaces/isaac_ros-dev/install/isaac_ros_common/lib:/opt/ros/humble/opt/rviz_ogre_vendor/lib:/opt/ros/humble/lib/x86_64-linux-gnu:/opt/ros/humble/lib:/opt/tritonserver/backends/onnxruntime:/usr/local/cuda/compat/lib:/usr/local/nvidia/lib:/usr/local/nvidia/lib64:/opt/tritonserver/lib'), ('HOME', '/home/admin'), ('NVIDIA_TRITON_SERVER_VERSION', '22.09'), ('CUDA_CACHE_DISABLE', '1'), ('ROS_PYTHON_VERSION', '3'), ('CCACHE_UMASK', '000'), ('USER_UID', '1000'), ('ENV', '/etc/shinit_v2'), ('RDMACORE_VERSION', '36.0'), ('NVJPEG_VERSION', '11.9.0.86'), ('NVIDIA_BUILD_ID', '44909143'), ('CUDA_VERSION', '11.8.0.062'), ('CUBLAS_VERSION', '11.11.3.6'), ('NSIGHT_SYSTEMS_VERSION', '2022.3.1.43'), ('ROS_DISTRO', 'humble'), ('OPAL_PREFIX', '/opt/hpcx/ompi'), ('NVIDIA_REQUIRE_CUDA', 'cuda>=9.0'), ('TRT_VERSION', '8.5.0.12'), ('GDRCOPY_VERSION', '2.3'), ('_', '/usr/bin/colcon'), ('ROS_VERSION', '2'), ('NVIDIA_DRIVER_CAPABILITIES', 'all'), ('POLYGRAPHY_VERSION', '0.38.0'), ('CURAND_VERSION', '10.3.0.86'), ('MOFED_VERSION', '5.4-rdmacore36.0'), ('USERNAME', 'admin'), ('TERM', 'xterm'), ('ROS_LOCALHOST_ONLY', '0'), ('QT_X11_NO_MITSHM', '1'), ('PATH', '/opt/ros/humble/bin:/usr/lib/ccache:/opt/tritonserver/bin:/usr/local/mpi/bin:/usr/local/nvidia/bin:/usr/local/cuda/bin:/usr/local/sbin:/usr/local/bin:/usr/sbin:/usr/bin:/sbin:/bin:/usr/local/ucx/bin:/opt/nvidia/tao'), ('FASTRTPS_DEFAULT_PROFILES_FILE', '/usr/local/share/middleware_profiles/rtps_udp_profile.xml'), ('CUDA_DRIVER_VERSION', '520.61.03'), ('_CUDA_COMPAT_STATUS', 'System has unsupported display driver / cuda driver combination (CUDA_ERROR_SYSTEM_DRIVER_MISMATCH) cuInit()=803'), ('DISPLAY', ':1'), ('NVIDIA_PRODUCT_NAME', 'Triton Server'), ('LANG', 'C.UTF-8'), ('RMW_IMPLEMENTATION', 'rmw_fastrtps_cpp'), ('NPP_VERSION', '11.8.0.86'), ('ROS_ROOT', '/opt/ros/humble'), ('CUFFT_VERSION', '10.9.0.58'), ('TF_ENABLE_WINOGRAD_NONFUSED', '1'), ('AMENT_PREFIX_PATH', '/workspaces/isaac_ros-dev/install/isaac_ros_common:/opt/ros/humble'), ('CUDNN_VERSION', '8.6.0.163'), ('NSIGHT_COMPUTE_VERSION', '2022.3.0.22'), ('DALI_VERSION', '1.17.0'), ('DEBIAN_FRONTEND', 'noninteractive'), ('SHELL', '/bin/bash'), ('DCGM_VERSION', '2.2.9'), ('OPENMPI_VERSION', '4.1.4'), ('TRTOSS_VERSION', ''), ('OMPI_MCA_coll_hcoll_enable', '0'), ('CUSPARSE_VERSION', '11.7.5.86'), ('TRITON_SERVER_GPU_ENABLED', '1'), ('TRITON_SERVER_VERSION', '2.26.0'), ('BASH_ENV', '/etc/bash.bashrc'), ('PWD', '/workspaces/isaac_ros-dev/build/isaac_ros_apriltag_interfaces'), ('LC_ALL', 'C.UTF-8'), ('PYTHONPATH', '/opt/ros/humble/lib/python3.8/site-packages'), ('_CUDA_COMPAT_PATH', '/usr/local/cuda/compat'), ('TRITON_SERVER_USER', 'triton-server'), ('TF_ADJUST_HUE_FUSED', '1'), ('NVIDIA_VISIBLE_DEVICES', 'all'), ('NCCL_VERSION', '2.15.1'), ('TZ', 'UTC'), ('USER_GID', '1000'), ('COLCON', '1'), ('OPENUCX_VERSION', '1.14.0'), ('HPCX_VERSION', '2.12.1a0'), ('SHARP_COLL_ENABLE_CUDA', '0'), ('TF_AUTOTUNE_THRESHOLD', '2'), ('CMAKE_PREFIX_PATH', '/workspaces/isaac_ros-dev/install/isaac_ros_common:/opt/ros/humble')]), 'shell': False}
[16.891799] (isaac_ros_nova_interfaces) JobProgress: {'identifier': 'isaac_ros_nova_interfaces', 'progress': 'install'}
[16.892117] (isaac_ros_nova_interfaces) Command: {'cmd': ['/usr/bin/cmake', '--install', '/workspaces/isaac_ros-dev/build/isaac_ros_nova_interfaces'], 'cwd': '/workspaces/isaac_ros-dev/build/isaac_ros_nova_interfaces', 'env': OrderedDict([('DALI_BUILD', '5838886'), ('LIBRARY_PATH', '/usr/local/cuda/lib64/stubs:'), ('PYTHONWARNINGS', 'ignore:::setuptools.command.install,ignore:::setuptools.command.easy_install,ignore:::pkg_resources'), ('USER', 'bantalemak'), ('TF_ADJUST_SATURATION_FUSED', '1'), ('JAVA_TOOL_OPTIONS', '-Dfile.encoding=UTF8'), ('CUSOLVER_VERSION', '11.4.1.48'), ('HOSTNAME', 'bantalemak-Legion-5-15ACH6'), ('CUTENSOR_VERSION', '1.6.1.5'), ('SHLVL', '2'), ('LD_LIBRARY_PATH', '/workspaces/isaac_ros-dev/install/isaac_ros_common/lib:/opt/ros/humble/opt/rviz_ogre_vendor/lib:/opt/ros/humble/lib/x86_64-linux-gnu:/opt/ros/humble/lib:/opt/tritonserver/backends/onnxruntime:/usr/local/cuda/compat/lib:/usr/local/nvidia/lib:/usr/local/nvidia/lib64:/opt/tritonserver/lib'), ('HOME', '/home/admin'), ('NVIDIA_TRITON_SERVER_VERSION', '22.09'), ('CUDA_CACHE_DISABLE', '1'), ('ROS_PYTHON_VERSION', '3'), ('CCACHE_UMASK', '000'), ('USER_UID', '1000'), ('ENV', '/etc/shinit_v2'), ('RDMACORE_VERSION', '36.0'), ('NVJPEG_VERSION', '11.9.0.86'), ('NVIDIA_BUILD_ID', '44909143'), ('CUDA_VERSION', '11.8.0.062'), ('CUBLAS_VERSION', '11.11.3.6'), ('NSIGHT_SYSTEMS_VERSION', '2022.3.1.43'), ('ROS_DISTRO', 'humble'), ('OPAL_PREFIX', '/opt/hpcx/ompi'), ('NVIDIA_REQUIRE_CUDA', 'cuda>=9.0'), ('TRT_VERSION', '8.5.0.12'), ('GDRCOPY_VERSION', '2.3'), ('_', '/usr/bin/colcon'), ('ROS_VERSION', '2'), ('NVIDIA_DRIVER_CAPABILITIES', 'all'), ('POLYGRAPHY_VERSION', '0.38.0'), ('CURAND_VERSION', '10.3.0.86'), ('MOFED_VERSION', '5.4-rdmacore36.0'), ('USERNAME', 'admin'), ('TERM', 'xterm'), ('ROS_LOCALHOST_ONLY', '0'), ('QT_X11_NO_MITSHM', '1'), ('PATH', '/opt/ros/humble/bin:/usr/lib/ccache:/opt/tritonserver/bin:/usr/local/mpi/bin:/usr/local/nvidia/bin:/usr/local/cuda/bin:/usr/local/sbin:/usr/local/bin:/usr/sbin:/usr/bin:/sbin:/bin:/usr/local/ucx/bin:/opt/nvidia/tao'), ('FASTRTPS_DEFAULT_PROFILES_FILE', '/usr/local/share/middleware_profiles/rtps_udp_profile.xml'), ('CUDA_DRIVER_VERSION', '520.61.03'), ('_CUDA_COMPAT_STATUS', 'System has unsupported display driver / cuda driver combination (CUDA_ERROR_SYSTEM_DRIVER_MISMATCH) cuInit()=803'), ('DISPLAY', ':1'), ('NVIDIA_PRODUCT_NAME', 'Triton Server'), ('LANG', 'C.UTF-8'), ('RMW_IMPLEMENTATION', 'rmw_fastrtps_cpp'), ('NPP_VERSION', '11.8.0.86'), ('ROS_ROOT', '/opt/ros/humble'), ('CUFFT_VERSION', '10.9.0.58'), ('TF_ENABLE_WINOGRAD_NONFUSED', '1'), ('AMENT_PREFIX_PATH', '/workspaces/isaac_ros-dev/install/isaac_ros_common:/opt/ros/humble'), ('CUDNN_VERSION', '8.6.0.163'), ('NSIGHT_COMPUTE_VERSION', '2022.3.0.22'), ('DALI_VERSION', '1.17.0'), ('DEBIAN_FRONTEND', 'noninteractive'), ('SHELL', '/bin/bash'), ('DCGM_VERSION', '2.2.9'), ('OPENMPI_VERSION', '4.1.4'), ('TRTOSS_VERSION', ''), ('OMPI_MCA_coll_hcoll_enable', '0'), ('CUSPARSE_VERSION', '11.7.5.86'), ('TRITON_SERVER_GPU_ENABLED', '1'), ('TRITON_SERVER_VERSION', '2.26.0'), ('BASH_ENV', '/etc/bash.bashrc'), ('PWD', '/workspaces/isaac_ros-dev/build/isaac_ros_nova_interfaces'), ('LC_ALL', 'C.UTF-8'), ('PYTHONPATH', '/opt/ros/humble/lib/python3.8/site-packages'), ('_CUDA_COMPAT_PATH', '/usr/local/cuda/compat'), ('TRITON_SERVER_USER', 'triton-server'), ('TF_ADJUST_HUE_FUSED', '1'), ('NVIDIA_VISIBLE_DEVICES', 'all'), ('NCCL_VERSION', '2.15.1'), ('TZ', 'UTC'), ('USER_GID', '1000'), ('COLCON', '1'), ('OPENUCX_VERSION', '1.14.0'), ('HPCX_VERSION', '2.12.1a0'), ('SHARP_COLL_ENABLE_CUDA', '0'), ('TF_AUTOTUNE_THRESHOLD', '2'), ('CMAKE_PREFIX_PATH', '/workspaces/isaac_ros-dev/install/isaac_ros_common:/opt/ros/humble')]), 'shell': False}
[16.894736] (isaac_ros_apriltag_interfaces) StdoutLine: {'line': b'-- Install configuration: "Release"\n'}
[16.895001] (isaac_ros_apriltag_interfaces) StdoutLine: {'line': b'-- Installing: /workspaces/isaac_ros-dev/install/isaac_ros_apriltag_interfaces/share/ament_index/resource_index/rosidl_interfaces/isaac_ros_apriltag_interfaces\n'}
[16.895886] (isaac_ros_apriltag_interfaces) StdoutLine: {'line': b'-- Installing: /workspaces/isaac_ros-dev/install/isaac_ros_apriltag_interfaces/include/isaac_ros_apriltag_interfaces/isaac_ros_apriltag_interfaces\n'}
[16.895995] (isaac_ros_apriltag_interfaces) StdoutLine: {'line': b'-- Installing: /workspaces/isaac_ros-dev/install/isaac_ros_apriltag_interfaces/include/isaac_ros_apriltag_interfaces/isaac_ros_apriltag_interfaces/msg\n'}
[16.896208] (isaac_ros_apriltag_interfaces) StdoutLine: {'line': b'-- Installing: /workspaces/isaac_ros-dev/install/isaac_ros_apriltag_interfaces/include/isaac_ros_apriltag_interfaces/isaac_ros_apriltag_interfaces/msg/april_tag_detection.h\n'}
[16.896289] (isaac_ros_apriltag_interfaces) StdoutLine: {'line': b'-- Installing: /workspaces/isaac_ros-dev/install/isaac_ros_apriltag_interfaces/include/isaac_ros_apriltag_interfaces/isaac_ros_apriltag_interfaces/msg/rosidl_generator_c__visibility_control.h\n'}
[16.896367] (isaac_ros_apriltag_interfaces) StdoutLine: {'line': b'-- Installing: /workspaces/isaac_ros-dev/install/isaac_ros_apriltag_interfaces/include/isaac_ros_apriltag_interfaces/isaac_ros_apriltag_interfaces/msg/april_tag_detection_array.h\n'}
[16.896445] (isaac_ros_apriltag_interfaces) StdoutLine: {'line': b'-- Installing: /workspaces/isaac_ros-dev/install/isaac_ros_apriltag_interfaces/include/isaac_ros_apriltag_interfaces/isaac_ros_apriltag_interfaces/msg/detail\n'}
[16.896666] (isaac_ros_apriltag_interfaces) StdoutLine: {'line': b'-- Installing: /workspaces/isaac_ros-dev/install/isaac_ros_apriltag_interfaces/include/isaac_ros_apriltag_interfaces/isaac_ros_apriltag_interfaces/msg/detail/april_tag_detection_array__struct.h\n'}
[16.896742] (isaac_ros_apriltag_interfaces) StdoutLine: {'line': b'-- Installing: /workspaces/isaac_ros-dev/install/isaac_ros_apriltag_interfaces/include/isaac_ros_apriltag_interfaces/isaac_ros_apriltag_interfaces/msg/detail/april_tag_detection__functions.h\n'}
[16.896801] (isaac_ros_apriltag_interfaces) StdoutLine: {'line': b'-- Installing: /workspaces/isaac_ros-dev/install/isaac_ros_apriltag_interfaces/include/isaac_ros_apriltag_interfaces/isaac_ros_apriltag_interfaces/msg/detail/april_tag_detection_array__functions.c\n'}
[16.896884] (isaac_ros_apriltag_interfaces) StdoutLine: {'line': b'-- Installing: /workspaces/isaac_ros-dev/install/isaac_ros_apriltag_interfaces/include/isaac_ros_apriltag_interfaces/isaac_ros_apriltag_interfaces/msg/detail/april_tag_detection__functions.c\n'}
[16.896944] (isaac_ros_apriltag_interfaces) StdoutLine: {'line': b'-- Installing: /workspaces/isaac_ros-dev/install/isaac_ros_apriltag_interfaces/include/isaac_ros_apriltag_interfaces/isaac_ros_apriltag_interfaces/msg/detail/april_tag_detection__struct.h\n'}
[16.897016] (isaac_ros_apriltag_interfaces) StdoutLine: {'line': b'-- Installing: /workspaces/isaac_ros-dev/install/isaac_ros_apriltag_interfaces/include/isaac_ros_apriltag_interfaces/isaac_ros_apriltag_interfaces/msg/detail/april_tag_detection__type_support.h\n'}
[16.897089] (isaac_ros_apriltag_interfaces) StdoutLine: {'line': b'-- Installing: /workspaces/isaac_ros-dev/install/isaac_ros_apriltag_interfaces/include/isaac_ros_apriltag_interfaces/isaac_ros_apriltag_interfaces/msg/detail/april_tag_detection_array__type_support.h\n'}
[16.897150] (isaac_ros_apriltag_interfaces) StdoutLine: {'line': b'-- Installing: /workspaces/isaac_ros-dev/install/isaac_ros_apriltag_interfaces/include/isaac_ros_apriltag_interfaces/isaac_ros_apriltag_interfaces/msg/detail/april_tag_detection_array__functions.h\n'}
[16.897209] (isaac_ros_apriltag_interfaces) StdoutLine: {'line': b'-- Installing: /workspaces/isaac_ros-dev/install/isaac_ros_apriltag_interfaces/share/isaac_ros_apriltag_interfaces/environment/library_path.sh\n'}
[16.897266] (isaac_ros_apriltag_interfaces) StdoutLine: {'line': b'-- Installing: /workspaces/isaac_ros-dev/install/isaac_ros_apriltag_interfaces/share/isaac_ros_apriltag_interfaces/environment/library_path.dsv\n'}
[16.897458] (isaac_ros_apriltag_interfaces) StdoutLine: {'line': b'-- Installing: /workspaces/isaac_ros-dev/install/isaac_ros_apriltag_interfaces/lib/libisaac_ros_apriltag_interfaces__rosidl_generator_c.so\n'}
[16.897514] (isaac_ros_apriltag_interfaces) StdoutLine: {'line': b'-- Set runtime path of "/workspaces/isaac_ros-dev/install/isaac_ros_apriltag_interfaces/lib/libisaac_ros_apriltag_interfaces__rosidl_generator_c.so" to ""\n'}
[16.897566] (isaac_ros_apriltag_interfaces) StdoutLine: {'line': b'-- Up-to-date: /workspaces/isaac_ros-dev/install/isaac_ros_apriltag_interfaces/include/isaac_ros_apriltag_interfaces/isaac_ros_apriltag_interfaces\n'}
[16.897620] (isaac_ros_apriltag_interfaces) StdoutLine: {'line': b'-- Up-to-date: /workspaces/isaac_ros-dev/install/isaac_ros_apriltag_interfaces/include/isaac_ros_apriltag_interfaces/isaac_ros_apriltag_interfaces/msg\n'}
[16.897674] (isaac_ros_apriltag_interfaces) StdoutLine: {'line': b'-- Installing: /workspaces/isaac_ros-dev/install/isaac_ros_apriltag_interfaces/include/isaac_ros_apriltag_interfaces/isaac_ros_apriltag_interfaces/msg/rosidl_typesupport_fastrtps_c__visibility_control.h\n'}
[16.897781] (isaac_ros_apriltag_interfaces) StdoutLine: {'line': b'-- Up-to-date: /workspaces/isaac_ros-dev/install/isaac_ros_apriltag_interfaces/include/isaac_ros_apriltag_interfaces/isaac_ros_apriltag_interfaces/msg/detail\n'}
[16.897856] (isaac_ros_apriltag_interfaces) StdoutLine: {'line': b'-- Installing: /workspaces/isaac_ros-dev/install/isaac_ros_apriltag_interfaces/include/isaac_ros_apriltag_interfaces/isaac_ros_apriltag_interfaces/msg/detail/april_tag_detection__rosidl_typesupport_fastrtps_c.h\n'}
[16.897945] (isaac_ros_apriltag_interfaces) StdoutLine: {'line': b'-- Installing: /workspaces/isaac_ros-dev/install/isaac_ros_apriltag_interfaces/include/isaac_ros_apriltag_interfaces/isaac_ros_apriltag_interfaces/msg/detail/april_tag_detection_array__rosidl_typesupport_fastrtps_c.h\n'}
[16.898001] (isaac_ros_apriltag_interfaces) StdoutLine: {'line': b'-- Installing: /workspaces/isaac_ros-dev/install/isaac_ros_apriltag_interfaces/lib/libisaac_ros_apriltag_interfaces__rosidl_typesupport_fastrtps_c.so\n'}
[16.898275] (isaac_ros_apriltag_interfaces) StdoutLine: {'line': b'-- Set runtime path of "/workspaces/isaac_ros-dev/install/isaac_ros_apriltag_interfaces/lib/libisaac_ros_apriltag_interfaces__rosidl_typesupport_fastrtps_c.so" to ""\n'}
[16.898395] (isaac_ros_nova_interfaces) StdoutLine: {'line': b'-- Install configuration: "Release"\n'}
[16.898513] (isaac_ros_apriltag_interfaces) StdoutLine: {'line': b'-- Up-to-date: /workspaces/isaac_ros-dev/install/isaac_ros_apriltag_interfaces/include/isaac_ros_apriltag_interfaces/isaac_ros_apriltag_interfaces\n'}
[16.898639] (isaac_ros_nova_interfaces) StdoutLine: {'line': b'-- Installing: /workspaces/isaac_ros-dev/install/isaac_ros_nova_interfaces/share/ament_index/resource_index/rosidl_interfaces/isaac_ros_nova_interfaces\n'}
[16.898708] (isaac_ros_apriltag_interfaces) StdoutLine: {'line': b'-- Up-to-date: /workspaces/isaac_ros-dev/install/isaac_ros_apriltag_interfaces/include/isaac_ros_apriltag_interfaces/isaac_ros_apriltag_interfaces/msg\n'}
[16.898778] (isaac_ros_apriltag_interfaces) StdoutLine: {'line': b'-- Installing: /workspaces/isaac_ros-dev/install/isaac_ros_apriltag_interfaces/include/isaac_ros_apriltag_interfaces/isaac_ros_apriltag_interfaces/msg/april_tag_detection_array.hpp\n'}
[16.899034] (isaac_ros_apriltag_interfaces) StdoutLine: {'line': b'-- Up-to-date: /workspaces/isaac_ros-dev/install/isaac_ros_apriltag_interfaces/include/isaac_ros_apriltag_interfaces/isaac_ros_apriltag_interfaces/msg/detail\n'}
[16.899138] (isaac_ros_apriltag_interfaces) StdoutLine: {'line': b'-- Installing: /workspaces/isaac_ros-dev/install/isaac_ros_apriltag_interfaces/include/isaac_ros_apriltag_interfaces/isaac_ros_apriltag_interfaces/msg/detail/april_tag_detection__struct.hpp\n'}
[16.899221] (isaac_ros_apriltag_interfaces) StdoutLine: {'line': b'-- Installing: /workspaces/isaac_ros-dev/install/isaac_ros_apriltag_interfaces/include/isaac_ros_apriltag_interfaces/isaac_ros_apriltag_interfaces/msg/detail/april_tag_detection_array__builder.hpp\n'}
[16.899296] (isaac_ros_nova_interfaces) StdoutLine: {'line': b'-- Installing: /workspaces/isaac_ros-dev/install/isaac_ros_nova_interfaces/include/isaac_ros_nova_interfaces/isaac_ros_nova_interfaces\n'}
[16.899370] (isaac_ros_nova_interfaces) StdoutLine: {'line': b'-- Installing: /workspaces/isaac_ros-dev/install/isaac_ros_nova_interfaces/include/isaac_ros_nova_interfaces/isaac_ros_nova_interfaces/msg\n'}
[16.899441] (isaac_ros_nova_interfaces) StdoutLine: {'line': b'-- Installing: /workspaces/isaac_ros-dev/install/isaac_ros_nova_interfaces/include/isaac_ros_nova_interfaces/isaac_ros_nova_interfaces/msg/correlated_timestamp.h\n'}
[16.899512] (isaac_ros_apriltag_interfaces) StdoutLine: {'line': b'-- Installing: /workspaces/isaac_ros-dev/install/isaac_ros_apriltag_interfaces/include/isaac_ros_apriltag_interfaces/isaac_ros_apriltag_interfaces/msg/detail/april_tag_detection_array__traits.hpp\n'}
[16.899668] (isaac_ros_nova_interfaces) StdoutLine: {'line': b'-- Installing: /workspaces/isaac_ros-dev/install/isaac_ros_nova_interfaces/include/isaac_ros_nova_interfaces/isaac_ros_nova_interfaces/msg/encoder_ticks.h\n'}
[16.899736] (isaac_ros_apriltag_interfaces) StdoutLine: {'line': b'-- Installing: /workspaces/isaac_ros-dev/install/isaac_ros_apriltag_interfaces/include/isaac_ros_apriltag_interfaces/isaac_ros_apriltag_interfaces/msg/detail/april_tag_detection__traits.hpp\n'}
[16.899944] (isaac_ros_nova_interfaces) StdoutLine: {'line': b'-- Installing: /workspaces/isaac_ros-dev/install/isaac_ros_nova_interfaces/include/isaac_ros_nova_interfaces/isaac_ros_nova_interfaces/msg/rosidl_generator_c__visibility_control.h\n'}
[16.900097] (isaac_ros_apriltag_interfaces) StdoutLine: {'line': b'-- Installing: /workspaces/isaac_ros-dev/install/isaac_ros_apriltag_interfaces/include/isaac_ros_apriltag_interfaces/isaac_ros_apriltag_interfaces/msg/detail/april_tag_detection__builder.hpp\n'}
[16.900163] (isaac_ros_apriltag_interfaces) StdoutLine: {'line': b'-- Installing: /workspaces/isaac_ros-dev/install/isaac_ros_apriltag_interfaces/include/isaac_ros_apriltag_interfaces/isaac_ros_apriltag_interfaces/msg/detail/april_tag_detection_array__struct.hpp\n'}
[16.900275] (isaac_ros_apriltag_interfaces) StdoutLine: {'line': b'-- Installing: /workspaces/isaac_ros-dev/install/isaac_ros_apriltag_interfaces/include/isaac_ros_apriltag_interfaces/isaac_ros_apriltag_interfaces/msg/april_tag_detection.hpp\n'}
[16.900340] (isaac_ros_nova_interfaces) StdoutLine: {'line': b'-- Installing: /workspaces/isaac_ros-dev/install/isaac_ros_nova_interfaces/include/isaac_ros_nova_interfaces/isaac_ros_nova_interfaces/msg/detail\n'}
[16.900419] (isaac_ros_nova_interfaces) StdoutLine: {'line': b'-- Installing: /workspaces/isaac_ros-dev/install/isaac_ros_nova_interfaces/include/isaac_ros_nova_interfaces/isaac_ros_nova_interfaces/msg/detail/correlated_timestamp__functions.h\n'}
[16.900484] (isaac_ros_nova_interfaces) StdoutLine: {'line': b'-- Installing: /workspaces/isaac_ros-dev/install/isaac_ros_nova_interfaces/include/isaac_ros_nova_interfaces/isaac_ros_nova_interfaces/msg/detail/correlated_timestamp__type_support.h\n'}
[16.900553] (isaac_ros_nova_interfaces) StdoutLine: {'line': b'-- Installing: /workspaces/isaac_ros-dev/install/isaac_ros_nova_interfaces/include/isaac_ros_nova_interfaces/isaac_ros_nova_interfaces/msg/detail/correlated_timestamp__functions.c\n'}
[16.900777] (isaac_ros_apriltag_interfaces) StdoutLine: {'line': b'-- Up-to-date: /workspaces/isaac_ros-dev/install/isaac_ros_apriltag_interfaces/include/isaac_ros_apriltag_interfaces/isaac_ros_apriltag_interfaces\n'}
[16.900859] (isaac_ros_apriltag_interfaces) StdoutLine: {'line': b'-- Up-to-date: /workspaces/isaac_ros-dev/install/isaac_ros_apriltag_interfaces/include/isaac_ros_apriltag_interfaces/isaac_ros_apriltag_interfaces/msg\n'}
[16.900973] (isaac_ros_apriltag_interfaces) StdoutLine: {'line': b'-- Installing: /workspaces/isaac_ros-dev/install/isaac_ros_apriltag_interfaces/include/isaac_ros_apriltag_interfaces/isaac_ros_apriltag_interfaces/msg/rosidl_typesupport_fastrtps_cpp__visibility_control.h\n'}
[16.901041] (isaac_ros_apriltag_interfaces) StdoutLine: {'line': b'-- Up-to-date: /workspaces/isaac_ros-dev/install/isaac_ros_apriltag_interfaces/include/isaac_ros_apriltag_interfaces/isaac_ros_apriltag_interfaces/msg/detail\n'}
[16.901154] (isaac_ros_apriltag_interfaces) StdoutLine: {'line': b'-- Installing: /workspaces/isaac_ros-dev/install/isaac_ros_apriltag_interfaces/include/isaac_ros_apriltag_interfaces/isaac_ros_apriltag_interfaces/msg/detail/april_tag_detection__rosidl_typesupport_fastrtps_cpp.hpp\n'}
[16.901241] (isaac_ros_nova_interfaces) StdoutLine: {'line': b'-- Installing: /workspaces/isaac_ros-dev/install/isaac_ros_nova_interfaces/include/isaac_ros_nova_interfaces/isaac_ros_nova_interfaces/msg/detail/encoder_ticks__functions.c\n'}
[16.901380] (isaac_ros_nova_interfaces) StdoutLine: {'line': b'-- Installing: /workspaces/isaac_ros-dev/install/isaac_ros_nova_interfaces/include/isaac_ros_nova_interfaces/isaac_ros_nova_interfaces/msg/detail/encoder_ticks__type_support.h\n'}
[16.901436] (isaac_ros_nova_interfaces) StdoutLine: {'line': b'-- Installing: /workspaces/isaac_ros-dev/install/isaac_ros_nova_interfaces/include/isaac_ros_nova_interfaces/isaac_ros_nova_interfaces/msg/detail/encoder_ticks__functions.h\n'}
[16.901496] (isaac_ros_apriltag_interfaces) StdoutLine: {'line': b'-- Installing: /workspaces/isaac_ros-dev/install/isaac_ros_apriltag_interfaces/include/isaac_ros_apriltag_interfaces/isaac_ros_apriltag_interfaces/msg/detail/dds_fastrtps\n'}
[16.901557] (isaac_ros_nova_interfaces) StdoutLine: {'line': b'-- Installing: /workspaces/isaac_ros-dev/install/isaac_ros_nova_interfaces/include/isaac_ros_nova_interfaces/isaac_ros_nova_interfaces/msg/detail/encoder_ticks__struct.h\n'}
[16.901661] (isaac_ros_nova_interfaces) StdoutLine: {'line': b'-- Installing: /workspaces/isaac_ros-dev/install/isaac_ros_nova_interfaces/include/isaac_ros_nova_interfaces/isaac_ros_nova_interfaces/msg/detail/correlated_timestamp__struct.h\n'}
[16.901987] (isaac_ros_nova_interfaces) StdoutLine: {'line': b'-- Installing: /workspaces/isaac_ros-dev/install/isaac_ros_nova_interfaces/share/isaac_ros_nova_interfaces/environment/library_path.sh\n'}
[16.902056] (isaac_ros_apriltag_interfaces) StdoutLine: {'line': b'-- Installing: /workspaces/isaac_ros-dev/install/isaac_ros_apriltag_interfaces/include/isaac_ros_apriltag_interfaces/isaac_ros_apriltag_interfaces/msg/detail/april_tag_detection_array__rosidl_typesupport_fastrtps_cpp.hpp\n'}
[16.902117] (isaac_ros_apriltag_interfaces) StdoutLine: {'line': b'-- Installing: /workspaces/isaac_ros-dev/install/isaac_ros_apriltag_interfaces/lib/libisaac_ros_apriltag_interfaces__rosidl_typesupport_fastrtps_cpp.so\n'}
[16.902169] (isaac_ros_nova_interfaces) StdoutLine: {'line': b'-- Installing: /workspaces/isaac_ros-dev/install/isaac_ros_nova_interfaces/share/isaac_ros_nova_interfaces/environment/library_path.dsv\n'}
[16.902318] (isaac_ros_apriltag_interfaces) StdoutLine: {'line': b'-- Set runtime path of "/workspaces/isaac_ros-dev/install/isaac_ros_apriltag_interfaces/lib/libisaac_ros_apriltag_interfaces__rosidl_typesupport_fastrtps_cpp.so" to ""\n'}
[16.902403] (isaac_ros_apriltag_interfaces) StdoutLine: {'line': b'-- Up-to-date: /workspaces/isaac_ros-dev/install/isaac_ros_apriltag_interfaces/include/isaac_ros_apriltag_interfaces/isaac_ros_apriltag_interfaces\n'}
[16.902505] (isaac_ros_apriltag_interfaces) StdoutLine: {'line': b'-- Up-to-date: /workspaces/isaac_ros-dev/install/isaac_ros_apriltag_interfaces/include/isaac_ros_apriltag_interfaces/isaac_ros_apriltag_interfaces/msg\n'}
[16.902574] (isaac_ros_apriltag_interfaces) StdoutLine: {'line': b'-- Installing: /workspaces/isaac_ros-dev/install/isaac_ros_apriltag_interfaces/include/isaac_ros_apriltag_interfaces/isaac_ros_apriltag_interfaces/msg/rosidl_typesupport_introspection_c__visibility_control.h\n'}
[16.902723] (-) TimerEvent: {}
[16.902919] (isaac_ros_apriltag_interfaces) StdoutLine: {'line': b'-- Up-to-date: /workspaces/isaac_ros-dev/install/isaac_ros_apriltag_interfaces/include/isaac_ros_apriltag_interfaces/isaac_ros_apriltag_interfaces/msg/detail\n'}
[16.903026] (isaac_ros_nova_interfaces) StdoutLine: {'line': b'-- Installing: /workspaces/isaac_ros-dev/install/isaac_ros_nova_interfaces/lib/libisaac_ros_nova_interfaces__rosidl_generator_c.so\n'}
[16.903113] (isaac_ros_apriltag_interfaces) StdoutLine: {'line': b'-- Installing: /workspaces/isaac_ros-dev/install/isaac_ros_apriltag_interfaces/include/isaac_ros_apriltag_interfaces/isaac_ros_apriltag_interfaces/msg/detail/april_tag_detection_array__rosidl_typesupport_introspection_c.h\n'}
[16.903282] (isaac_ros_nova_interfaces) StdoutLine: {'line': b'-- Set runtime path of "/workspaces/isaac_ros-dev/install/isaac_ros_nova_interfaces/lib/libisaac_ros_nova_interfaces__rosidl_generator_c.so" to ""\n'}
[16.903364] (isaac_ros_nova_interfaces) StdoutLine: {'line': b'-- Up-to-date: /workspaces/isaac_ros-dev/install/isaac_ros_nova_interfaces/include/isaac_ros_nova_interfaces/isaac_ros_nova_interfaces\n'}
[16.903435] (isaac_ros_nova_interfaces) StdoutLine: {'line': b'-- Up-to-date: /workspaces/isaac_ros-dev/install/isaac_ros_nova_interfaces/include/isaac_ros_nova_interfaces/isaac_ros_nova_interfaces/msg\n'}
[16.903500] (isaac_ros_apriltag_interfaces) StdoutLine: {'line': b'-- Installing: /workspaces/isaac_ros-dev/install/isaac_ros_apriltag_interfaces/include/isaac_ros_apriltag_interfaces/isaac_ros_apriltag_interfaces/msg/detail/april_tag_detection__type_support.c\n'}
[16.903882] (isaac_ros_nova_interfaces) StdoutLine: {'line': b'-- Installing: /workspaces/isaac_ros-dev/install/isaac_ros_nova_interfaces/include/isaac_ros_nova_interfaces/isaac_ros_nova_interfaces/msg/rosidl_typesupport_fastrtps_c__visibility_control.h\n'}
[16.903952] (isaac_ros_apriltag_interfaces) StdoutLine: {'line': b'-- Installing: /workspaces/isaac_ros-dev/install/isaac_ros_apriltag_interfaces/include/isaac_ros_apriltag_interfaces/isaac_ros_apriltag_interfaces/msg/detail/april_tag_detection_array__type_support.c\n'}
[16.904044] (isaac_ros_apriltag_interfaces) StdoutLine: {'line': b'-- Installing: /workspaces/isaac_ros-dev/install/isaac_ros_apriltag_interfaces/include/isaac_ros_apriltag_interfaces/isaac_ros_apriltag_interfaces/msg/detail/april_tag_detection__rosidl_typesupport_introspection_c.h\n'}
[16.904105] (isaac_ros_nova_interfaces) StdoutLine: {'line': b'-- Up-to-date: /workspaces/isaac_ros-dev/install/isaac_ros_nova_interfaces/include/isaac_ros_nova_interfaces/isaac_ros_nova_interfaces/msg/detail\n'}
[16.904177] (isaac_ros_nova_interfaces) StdoutLine: {'line': b'-- Installing: /workspaces/isaac_ros-dev/install/isaac_ros_nova_interfaces/include/isaac_ros_nova_interfaces/isaac_ros_nova_interfaces/msg/detail/encoder_ticks__rosidl_typesupport_fastrtps_c.h\n'}
[16.904242] (isaac_ros_nova_interfaces) StdoutLine: {'line': b'-- Installing: /workspaces/isaac_ros-dev/install/isaac_ros_nova_interfaces/include/isaac_ros_nova_interfaces/isaac_ros_nova_interfaces/msg/detail/correlated_timestamp__rosidl_typesupport_fastrtps_c.h\n'}
[16.904304] (isaac_ros_apriltag_interfaces) StdoutLine: {'line': b'-- Installing: /workspaces/isaac_ros-dev/install/isaac_ros_apriltag_interfaces/lib/libisaac_ros_apriltag_interfaces__rosidl_typesupport_introspection_c.so\n'}
[16.904375] (isaac_ros_nova_interfaces) StdoutLine: {'line': b'-- Installing: /workspaces/isaac_ros-dev/install/isaac_ros_nova_interfaces/lib/libisaac_ros_nova_interfaces__rosidl_typesupport_fastrtps_c.so\n'}
[16.904436] (isaac_ros_apriltag_interfaces) StdoutLine: {'line': b'-- Set runtime path of "/workspaces/isaac_ros-dev/install/isaac_ros_apriltag_interfaces/lib/libisaac_ros_apriltag_interfaces__rosidl_typesupport_introspection_c.so" to ""\n'}
[16.904507] (isaac_ros_apriltag_interfaces) StdoutLine: {'line': b'-- Installing: /workspaces/isaac_ros-dev/install/isaac_ros_apriltag_interfaces/lib/libisaac_ros_apriltag_interfaces__rosidl_typesupport_c.so\n'}
[16.904575] (isaac_ros_nova_interfaces) StdoutLine: {'line': b'-- Set runtime path of "/workspaces/isaac_ros-dev/install/isaac_ros_nova_interfaces/lib/libisaac_ros_nova_interfaces__rosidl_typesupport_fastrtps_c.so" to ""\n'}
[16.904648] (isaac_ros_nova_interfaces) StdoutLine: {'line': b'-- Up-to-date: /workspaces/isaac_ros-dev/install/isaac_ros_nova_interfaces/include/isaac_ros_nova_interfaces/isaac_ros_nova_interfaces\n'}
[16.904712] (isaac_ros_nova_interfaces) StdoutLine: {'line': b'-- Up-to-date: /workspaces/isaac_ros-dev/install/isaac_ros_nova_interfaces/include/isaac_ros_nova_interfaces/isaac_ros_nova_interfaces/msg\n'}
[16.904774] (isaac_ros_nova_interfaces) StdoutLine: {'line': b'-- Installing: /workspaces/isaac_ros-dev/install/isaac_ros_nova_interfaces/include/isaac_ros_nova_interfaces/isaac_ros_nova_interfaces/msg/encoder_ticks.hpp\n'}
[16.904914] (isaac_ros_nova_interfaces) StdoutLine: {'line': b'-- Up-to-date: /workspaces/isaac_ros-dev/install/isaac_ros_nova_interfaces/include/isaac_ros_nova_interfaces/isaac_ros_nova_interfaces/msg/detail\n'}
[16.904989] (isaac_ros_apriltag_interfaces) StdoutLine: {'line': b'-- Set runtime path of "/workspaces/isaac_ros-dev/install/isaac_ros_apriltag_interfaces/lib/libisaac_ros_apriltag_interfaces__rosidl_typesupport_c.so" to ""\n'}
[16.905056] (isaac_ros_apriltag_interfaces) StdoutLine: {'line': b'-- Up-to-date: /workspaces/isaac_ros-dev/install/isaac_ros_apriltag_interfaces/include/isaac_ros_apriltag_interfaces/isaac_ros_apriltag_interfaces\n'}
[16.905114] (isaac_ros_apriltag_interfaces) StdoutLine: {'line': b'-- Up-to-date: /workspaces/isaac_ros-dev/install/isaac_ros_apriltag_interfaces/include/isaac_ros_apriltag_interfaces/isaac_ros_apriltag_interfaces/msg\n'}
[16.905341] (isaac_ros_apriltag_interfaces) StdoutLine: {'line': b'-- Up-to-date: /workspaces/isaac_ros-dev/install/isaac_ros_apriltag_interfaces/include/isaac_ros_apriltag_interfaces/isaac_ros_apriltag_interfaces/msg/detail\n'}
[16.905462] (isaac_ros_apriltag_interfaces) StdoutLine: {'line': b'-- Installing: /workspaces/isaac_ros-dev/install/isaac_ros_apriltag_interfaces/include/isaac_ros_apriltag_interfaces/isaac_ros_apriltag_interfaces/msg/detail/april_tag_detection__rosidl_typesupport_introspection_cpp.hpp\n'}
[16.905546] (isaac_ros_nova_interfaces) StdoutLine: {'line': b'-- Installing: /workspaces/isaac_ros-dev/install/isaac_ros_nova_interfaces/include/isaac_ros_nova_interfaces/isaac_ros_nova_interfaces/msg/detail/encoder_ticks__traits.hpp\n'}
[16.905611] (isaac_ros_nova_interfaces) StdoutLine: {'line': b'-- Installing: /workspaces/isaac_ros-dev/install/isaac_ros_nova_interfaces/include/isaac_ros_nova_interfaces/isaac_ros_nova_interfaces/msg/detail/encoder_ticks__builder.hpp\n'}
[16.905674] (isaac_ros_nova_interfaces) StdoutLine: {'line': b'-- Installing: /workspaces/isaac_ros-dev/install/isaac_ros_nova_interfaces/include/isaac_ros_nova_interfaces/isaac_ros_nova_interfaces/msg/detail/correlated_timestamp__traits.hpp\n'}
[16.905737] (isaac_ros_nova_interfaces) StdoutLine: {'line': b'-- Installing: /workspaces/isaac_ros-dev/install/isaac_ros_nova_interfaces/include/isaac_ros_nova_interfaces/isaac_ros_nova_interfaces/msg/detail/correlated_timestamp__struct.hpp\n'}
[16.905919] (isaac_ros_nova_interfaces) StdoutLine: {'line': b'-- Installing: /workspaces/isaac_ros-dev/install/isaac_ros_nova_interfaces/include/isaac_ros_nova_interfaces/isaac_ros_nova_interfaces/msg/detail/encoder_ticks__struct.hpp\n'}
[16.906026] (isaac_ros_apriltag_interfaces) StdoutLine: {'line': b'-- Installing: /workspaces/isaac_ros-dev/install/isaac_ros_apriltag_interfaces/include/isaac_ros_apriltag_interfaces/isaac_ros_apriltag_interfaces/msg/detail/april_tag_detection__type_support.cpp\n'}
[16.906131] (isaac_ros_apriltag_interfaces) StdoutLine: {'line': b'-- Installing: /workspaces/isaac_ros-dev/install/isaac_ros_apriltag_interfaces/include/isaac_ros_apriltag_interfaces/isaac_ros_apriltag_interfaces/msg/detail/april_tag_detection_array__rosidl_typesupport_introspection_cpp.hpp\n'}
[16.906221] (isaac_ros_apriltag_interfaces) StdoutLine: {'line': b'-- Installing: /workspaces/isaac_ros-dev/install/isaac_ros_apriltag_interfaces/include/isaac_ros_apriltag_interfaces/isaac_ros_apriltag_interfaces/msg/detail/april_tag_detection_array__type_support.cpp\n'}
[16.906309] (isaac_ros_nova_interfaces) StdoutLine: {'line': b'-- Installing: /workspaces/isaac_ros-dev/install/isaac_ros_nova_interfaces/include/isaac_ros_nova_interfaces/isaac_ros_nova_interfaces/msg/detail/correlated_timestamp__builder.hpp\n'}
[16.906429] (isaac_ros_apriltag_interfaces) StdoutLine: {'line': b'-- Installing: /workspaces/isaac_ros-dev/install/isaac_ros_apriltag_interfaces/lib/libisaac_ros_apriltag_interfaces__rosidl_typesupport_introspection_cpp.so\n'}
[16.906654] (isaac_ros_nova_interfaces) StdoutLine: {'line': b'-- Installing: /workspaces/isaac_ros-dev/install/isaac_ros_nova_interfaces/include/isaac_ros_nova_interfaces/isaac_ros_nova_interfaces/msg/correlated_timestamp.hpp\n'}
[16.906732] (isaac_ros_nova_interfaces) StdoutLine: {'line': b'-- Up-to-date: /workspaces/isaac_ros-dev/install/isaac_ros_nova_interfaces/include/isaac_ros_nova_interfaces/isaac_ros_nova_interfaces\n'}
[16.906806] (isaac_ros_nova_interfaces) StdoutLine: {'line': b'-- Up-to-date: /workspaces/isaac_ros-dev/install/isaac_ros_nova_interfaces/include/isaac_ros_nova_interfaces/isaac_ros_nova_interfaces/msg\n'}
[16.906902] (isaac_ros_pointcloud_interfaces) StdoutLine: {'line': b"Listing '/workspaces/isaac_ros-dev/install/isaac_ros_pointcloud_interfaces/lib/python3.8/site-packages/isaac_ros_pointcloud_interfaces'...\n"}
[16.907001] (isaac_ros_pointcloud_interfaces) StdoutLine: {'line': b"Compiling '/workspaces/isaac_ros-dev/install/isaac_ros_pointcloud_interfaces/lib/python3.8/site-packages/isaac_ros_pointcloud_interfaces/__init__.py'...\n"}
[16.907108] (isaac_ros_pointcloud_interfaces) StdoutLine: {'line': b"Listing '/workspaces/isaac_ros-dev/install/isaac_ros_pointcloud_interfaces/lib/python3.8/site-packages/isaac_ros_pointcloud_interfaces/msg'...\n"}
[16.907203] (isaac_ros_pointcloud_interfaces) StdoutLine: {'line': b"Compiling '/workspaces/isaac_ros-dev/install/isaac_ros_pointcloud_interfaces/lib/python3.8/site-packages/isaac_ros_pointcloud_interfaces/msg/__init__.py'...\n"}
[16.907274] (isaac_ros_pointcloud_interfaces) StdoutLine: {'line': b"Compiling '/workspaces/isaac_ros-dev/install/isaac_ros_pointcloud_interfaces/lib/python3.8/site-packages/isaac_ros_pointcloud_interfaces/msg/_flat_scan.py'...\n"}
[16.907406] (isaac_ros_nova_interfaces) StdoutLine: {'line': b'-- Installing: /workspaces/isaac_ros-dev/install/isaac_ros_nova_interfaces/include/isaac_ros_nova_interfaces/isaac_ros_nova_interfaces/msg/rosidl_typesupport_fastrtps_cpp__visibility_control.h\n'}
[16.907497] (isaac_ros_apriltag_interfaces) StdoutLine: {'line': b'-- Set runtime path of "/workspaces/isaac_ros-dev/install/isaac_ros_apriltag_interfaces/lib/libisaac_ros_apriltag_interfaces__rosidl_typesupport_introspection_cpp.so" to ""\n'}
[16.907591] (isaac_ros_apriltag_interfaces) StdoutLine: {'line': b'-- Installing: /workspaces/isaac_ros-dev/install/isaac_ros_apriltag_interfaces/lib/libisaac_ros_apriltag_interfaces__rosidl_typesupport_cpp.so\n'}
[16.907678] (isaac_ros_nova_interfaces) StdoutLine: {'line': b'-- Up-to-date: /workspaces/isaac_ros-dev/install/isaac_ros_nova_interfaces/include/isaac_ros_nova_interfaces/isaac_ros_nova_interfaces/msg/detail\n'}
[16.907762] (isaac_ros_nova_interfaces) StdoutLine: {'line': b'-- Installing: /workspaces/isaac_ros-dev/install/isaac_ros_nova_interfaces/include/isaac_ros_nova_interfaces/isaac_ros_nova_interfaces/msg/detail/encoder_ticks__rosidl_typesupport_fastrtps_cpp.hpp\n'}
[16.907864] (isaac_ros_nova_interfaces) StdoutLine: {'line': b'-- Installing: /workspaces/isaac_ros-dev/install/isaac_ros_nova_interfaces/include/isaac_ros_nova_interfaces/isaac_ros_nova_interfaces/msg/detail/correlated_timestamp__rosidl_typesupport_fastrtps_cpp.hpp\n'}
[16.907966] (isaac_ros_nova_interfaces) StdoutLine: {'line': b'-- Installing: /workspaces/isaac_ros-dev/install/isaac_ros_nova_interfaces/include/isaac_ros_nova_interfaces/isaac_ros_nova_interfaces/msg/detail/dds_fastrtps\n'}
[16.908064] (isaac_ros_apriltag_interfaces) StdoutLine: {'line': b'-- Set runtime path of "/workspaces/isaac_ros-dev/install/isaac_ros_apriltag_interfaces/lib/libisaac_ros_apriltag_interfaces__rosidl_typesupport_cpp.so" to ""\n'}
[16.908164] (isaac_ros_apriltag_interfaces) StdoutLine: {'line': b'-- Installing: /workspaces/isaac_ros-dev/install/isaac_ros_apriltag_interfaces/share/isaac_ros_apriltag_interfaces/environment/pythonpath.sh\n'}
[16.908252] (isaac_ros_apriltag_interfaces) StdoutLine: {'line': b'-- Installing: /workspaces/isaac_ros-dev/install/isaac_ros_apriltag_interfaces/share/isaac_ros_apriltag_interfaces/environment/pythonpath.dsv\n'}
[16.908336] (isaac_ros_apriltag_interfaces) StdoutLine: {'line': b'-- Installing: /workspaces/isaac_ros-dev/install/isaac_ros_apriltag_interfaces/lib/python3.8/site-packages/isaac_ros_apriltag_interfaces-2.1.0-py3.8.egg-info\n'}
[16.908438] (isaac_ros_apriltag_interfaces) StdoutLine: {'line': b'-- Installing: /workspaces/isaac_ros-dev/install/isaac_ros_apriltag_interfaces/lib/python3.8/site-packages/isaac_ros_apriltag_interfaces-2.1.0-py3.8.egg-info/dependency_links.txt\n'}
[16.908530] (isaac_ros_apriltag_interfaces) StdoutLine: {'line': b'-- Installing: /workspaces/isaac_ros-dev/install/isaac_ros_apriltag_interfaces/lib/python3.8/site-packages/isaac_ros_apriltag_interfaces-2.1.0-py3.8.egg-info/top_level.txt\n'}
[16.908611] (isaac_ros_apriltag_interfaces) StdoutLine: {'line': b'-- Installing: /workspaces/isaac_ros-dev/install/isaac_ros_apriltag_interfaces/lib/python3.8/site-packages/isaac_ros_apriltag_interfaces-2.1.0-py3.8.egg-info/SOURCES.txt\n'}
[16.909039] (isaac_ros_apriltag_interfaces) StdoutLine: {'line': b'-- Installing: /workspaces/isaac_ros-dev/install/isaac_ros_apriltag_interfaces/lib/python3.8/site-packages/isaac_ros_apriltag_interfaces-2.1.0-py3.8.egg-info/PKG-INFO\n'}
[16.909129] (isaac_ros_apriltag_interfaces) StdoutLine: {'line': b'-- Installing: /workspaces/isaac_ros-dev/install/isaac_ros_apriltag_interfaces/lib/python3.8/site-packages/isaac_ros_apriltag_interfaces\n'}
[16.909215] (isaac_ros_apriltag_interfaces) StdoutLine: {'line': b'-- Installing: /workspaces/isaac_ros-dev/install/isaac_ros_apriltag_interfaces/lib/python3.8/site-packages/isaac_ros_apriltag_interfaces/_isaac_ros_apriltag_interfaces_s.ep.rosidl_typesupport_introspection_c.c\n'}
[16.909295] (isaac_ros_nova_interfaces) StdoutLine: {'line': b'-- Installing: /workspaces/isaac_ros-dev/install/isaac_ros_nova_interfaces/lib/libisaac_ros_nova_interfaces__rosidl_typesupport_fastrtps_cpp.so\n'}
[16.909370] (isaac_ros_nova_interfaces) StdoutLine: {'line': b'-- Set runtime path of "/workspaces/isaac_ros-dev/install/isaac_ros_nova_interfaces/lib/libisaac_ros_nova_interfaces__rosidl_typesupport_fastrtps_cpp.so" to ""\n'}
[16.909451] (isaac_ros_nova_interfaces) StdoutLine: {'line': b'-- Up-to-date: /workspaces/isaac_ros-dev/install/isaac_ros_nova_interfaces/include/isaac_ros_nova_interfaces/isaac_ros_nova_interfaces\n'}
[16.909522] (isaac_ros_nova_interfaces) StdoutLine: {'line': b'-- Up-to-date: /workspaces/isaac_ros-dev/install/isaac_ros_nova_interfaces/include/isaac_ros_nova_interfaces/isaac_ros_nova_interfaces/msg\n'}
[16.909744] (isaac_ros_nova_interfaces) StdoutLine: {'line': b'-- Installing: /workspaces/isaac_ros-dev/install/isaac_ros_nova_interfaces/include/isaac_ros_nova_interfaces/isaac_ros_nova_interfaces/msg/rosidl_typesupport_introspection_c__visibility_control.h\n'}
[16.909832] (isaac_ros_nova_interfaces) StdoutLine: {'line': b'-- Up-to-date: /workspaces/isaac_ros-dev/install/isaac_ros_nova_interfaces/include/isaac_ros_nova_interfaces/isaac_ros_nova_interfaces/msg/detail\n'}
[16.909911] (isaac_ros_nova_interfaces) StdoutLine: {'line': b'-- Installing: /workspaces/isaac_ros-dev/install/isaac_ros_nova_interfaces/include/isaac_ros_nova_interfaces/isaac_ros_nova_interfaces/msg/detail/correlated_timestamp__rosidl_typesupport_introspection_c.h\n'}
[16.909987] (isaac_ros_nova_interfaces) StdoutLine: {'line': b'-- Installing: /workspaces/isaac_ros-dev/install/isaac_ros_nova_interfaces/include/isaac_ros_nova_interfaces/isaac_ros_nova_interfaces/msg/detail/encoder_ticks__type_support.c\n'}
[16.910061] (isaac_ros_nova_interfaces) StdoutLine: {'line': b'-- Installing: /workspaces/isaac_ros-dev/install/isaac_ros_nova_interfaces/include/isaac_ros_nova_interfaces/isaac_ros_nova_interfaces/msg/detail/correlated_timestamp__type_support.c\n'}
[16.910135] (isaac_ros_nova_interfaces) StdoutLine: {'line': b'-- Installing: /workspaces/isaac_ros-dev/install/isaac_ros_nova_interfaces/include/isaac_ros_nova_interfaces/isaac_ros_nova_interfaces/msg/detail/encoder_ticks__rosidl_typesupport_introspection_c.h\n'}
[16.910208] (isaac_ros_apriltag_interfaces) StdoutLine: {'line': b'-- Installing: /workspaces/isaac_ros-dev/install/isaac_ros_apriltag_interfaces/lib/python3.8/site-packages/isaac_ros_apriltag_interfaces/_isaac_ros_apriltag_interfaces_s.ep.rosidl_typesupport_c.c\n'}
[16.910282] (isaac_ros_apriltag_interfaces) StdoutLine: {'line': b'-- Installing: /workspaces/isaac_ros-dev/install/isaac_ros_apriltag_interfaces/lib/python3.8/site-packages/isaac_ros_apriltag_interfaces/isaac_ros_apriltag_interfaces_s__rosidl_typesupport_c.cpython-38-x86_64-linux-gnu.so\n'}
[16.910356] (isaac_ros_nova_interfaces) StdoutLine: {'line': b'-- Installing: /workspaces/isaac_ros-dev/install/isaac_ros_nova_interfaces/lib/libisaac_ros_nova_interfaces__rosidl_typesupport_introspection_c.so\n'}
[16.910428] (isaac_ros_nova_interfaces) StdoutLine: {'line': b'-- Set runtime path of "/workspaces/isaac_ros-dev/install/isaac_ros_nova_interfaces/lib/libisaac_ros_nova_interfaces__rosidl_typesupport_introspection_c.so" to ""\n'}
[16.910509] (isaac_ros_apriltag_interfaces) StdoutLine: {'line': b'-- Installing: /workspaces/isaac_ros-dev/install/isaac_ros_apriltag_interfaces/lib/python3.8/site-packages/isaac_ros_apriltag_interfaces/isaac_ros_apriltag_interfaces_s__rosidl_typesupport_introspection_c.cpython-38-x86_64-linux-gnu.so\n'}
[16.910582] (isaac_ros_apriltag_interfaces) StdoutLine: {'line': b'-- Installing: /workspaces/isaac_ros-dev/install/isaac_ros_apriltag_interfaces/lib/python3.8/site-packages/isaac_ros_apriltag_interfaces/libisaac_ros_apriltag_interfaces__rosidl_generator_py.so\n'}
[16.910655] (isaac_ros_nova_interfaces) StdoutLine: {'line': b'-- Installing: /workspaces/isaac_ros-dev/install/isaac_ros_nova_interfaces/lib/libisaac_ros_nova_interfaces__rosidl_typesupport_c.so\n'}
[16.910719] (isaac_ros_nova_interfaces) StdoutLine: {'line': b'-- Set runtime path of "/workspaces/isaac_ros-dev/install/isaac_ros_nova_interfaces/lib/libisaac_ros_nova_interfaces__rosidl_typesupport_c.so" to ""\n'}
[16.910792] (isaac_ros_nova_interfaces) StdoutLine: {'line': b'-- Up-to-date: /workspaces/isaac_ros-dev/install/isaac_ros_nova_interfaces/include/isaac_ros_nova_interfaces/isaac_ros_nova_interfaces\n'}
[16.910982] (isaac_ros_nova_interfaces) StdoutLine: {'line': b'-- Up-to-date: /workspaces/isaac_ros-dev/install/isaac_ros_nova_interfaces/include/isaac_ros_nova_interfaces/isaac_ros_nova_interfaces/msg\n'}
[16.911064] (isaac_ros_nova_interfaces) StdoutLine: {'line': b'-- Up-to-date: /workspaces/isaac_ros-dev/install/isaac_ros_nova_interfaces/include/isaac_ros_nova_interfaces/isaac_ros_nova_interfaces/msg/detail\n'}
[16.911234] (isaac_ros_nova_interfaces) StdoutLine: {'line': b'-- Installing: /workspaces/isaac_ros-dev/install/isaac_ros_nova_interfaces/include/isaac_ros_nova_interfaces/isaac_ros_nova_interfaces/msg/detail/correlated_timestamp__rosidl_typesupport_introspection_cpp.hpp\n'}
[16.911322] (isaac_ros_nova_interfaces) StdoutLine: {'line': b'-- Installing: /workspaces/isaac_ros-dev/install/isaac_ros_nova_interfaces/include/isaac_ros_nova_interfaces/isaac_ros_nova_interfaces/msg/detail/correlated_timestamp__type_support.cpp\n'}
[16.911386] (isaac_ros_apriltag_interfaces) StdoutLine: {'line': b'-- Installing: /workspaces/isaac_ros-dev/install/isaac_ros_apriltag_interfaces/lib/python3.8/site-packages/isaac_ros_apriltag_interfaces/_isaac_ros_apriltag_interfaces_s.ep.rosidl_typesupport_fastrtps_c.c\n'}
[16.911470] (isaac_ros_apriltag_interfaces) StdoutLine: {'line': b'-- Installing: /workspaces/isaac_ros-dev/install/isaac_ros_apriltag_interfaces/lib/python3.8/site-packages/isaac_ros_apriltag_interfaces/__init__.py\n'}
[16.911552] (isaac_ros_apriltag_interfaces) StdoutLine: {'line': b'-- Installing: /workspaces/isaac_ros-dev/install/isaac_ros_apriltag_interfaces/lib/python3.8/site-packages/isaac_ros_apriltag_interfaces/isaac_ros_apriltag_interfaces_s__rosidl_typesupport_fastrtps_c.cpython-38-x86_64-linux-gnu.so\n'}
[16.911623] (isaac_ros_apriltag_interfaces) StdoutLine: {'line': b'-- Installing: /workspaces/isaac_ros-dev/install/isaac_ros_apriltag_interfaces/lib/python3.8/site-packages/isaac_ros_apriltag_interfaces/msg\n'}
[16.911783] (isaac_ros_apriltag_interfaces) StdoutLine: {'line': b'-- Installing: /workspaces/isaac_ros-dev/install/isaac_ros_apriltag_interfaces/lib/python3.8/site-packages/isaac_ros_apriltag_interfaces/msg/_april_tag_detection_s.c\n'}
[16.911885] (isaac_ros_apriltag_interfaces) StdoutLine: {'line': b'-- Installing: /workspaces/isaac_ros-dev/install/isaac_ros_apriltag_interfaces/lib/python3.8/site-packages/isaac_ros_apriltag_interfaces/msg/_april_tag_detection.py\n'}
[16.911971] (isaac_ros_apriltag_interfaces) StdoutLine: {'line': b'-- Installing: /workspaces/isaac_ros-dev/install/isaac_ros_apriltag_interfaces/lib/python3.8/site-packages/isaac_ros_apriltag_interfaces/msg/_april_tag_detection_array.py\n'}
[16.912044] (isaac_ros_apriltag_interfaces) StdoutLine: {'line': b'-- Installing: /workspaces/isaac_ros-dev/install/isaac_ros_apriltag_interfaces/lib/python3.8/site-packages/isaac_ros_apriltag_interfaces/msg/_april_tag_detection_array_s.c\n'}
[16.912150] (isaac_ros_apriltag_interfaces) StdoutLine: {'line': b'-- Installing: /workspaces/isaac_ros-dev/install/isaac_ros_apriltag_interfaces/lib/python3.8/site-packages/isaac_ros_apriltag_interfaces/msg/__init__.py\n'}
[16.912238] (isaac_ros_nova_interfaces) StdoutLine: {'line': b'-- Installing: /workspaces/isaac_ros-dev/install/isaac_ros_nova_interfaces/include/isaac_ros_nova_interfaces/isaac_ros_nova_interfaces/msg/detail/encoder_ticks__rosidl_typesupport_introspection_cpp.hpp\n'}
[16.912302] (isaac_ros_nova_interfaces) StdoutLine: {'line': b'-- Installing: /workspaces/isaac_ros-dev/install/isaac_ros_nova_interfaces/include/isaac_ros_nova_interfaces/isaac_ros_nova_interfaces/msg/detail/encoder_ticks__type_support.cpp\n'}
[16.912365] (isaac_ros_nova_interfaces) StdoutLine: {'line': b'-- Installing: /workspaces/isaac_ros-dev/install/isaac_ros_nova_interfaces/lib/libisaac_ros_nova_interfaces__rosidl_typesupport_introspection_cpp.so\n'}
[16.912451] (isaac_ros_nova_interfaces) StdoutLine: {'line': b'-- Set runtime path of "/workspaces/isaac_ros-dev/install/isaac_ros_nova_interfaces/lib/libisaac_ros_nova_interfaces__rosidl_typesupport_introspection_cpp.so" to ""\n'}
[16.912610] (isaac_ros_nova_interfaces) StdoutLine: {'line': b'-- Installing: /workspaces/isaac_ros-dev/install/isaac_ros_nova_interfaces/lib/libisaac_ros_nova_interfaces__rosidl_typesupport_cpp.so\n'}
[16.912668] (isaac_ros_nova_interfaces) StdoutLine: {'line': b'-- Set runtime path of "/workspaces/isaac_ros-dev/install/isaac_ros_nova_interfaces/lib/libisaac_ros_nova_interfaces__rosidl_typesupport_cpp.so" to ""\n'}
[16.912720] (isaac_ros_nova_interfaces) StdoutLine: {'line': b'-- Installing: /workspaces/isaac_ros-dev/install/isaac_ros_nova_interfaces/share/isaac_ros_nova_interfaces/environment/pythonpath.sh\n'}
[16.912793] (isaac_ros_nova_interfaces) StdoutLine: {'line': b'-- Installing: /workspaces/isaac_ros-dev/install/isaac_ros_nova_interfaces/share/isaac_ros_nova_interfaces/environment/pythonpath.dsv\n'}
[16.912864] (isaac_ros_nova_interfaces) StdoutLine: {'line': b'-- Installing: /workspaces/isaac_ros-dev/install/isaac_ros_nova_interfaces/lib/python3.8/site-packages/isaac_ros_nova_interfaces-2.1.0-py3.8.egg-info\n'}
[16.912923] (isaac_ros_nova_interfaces) StdoutLine: {'line': b'-- Installing: /workspaces/isaac_ros-dev/install/isaac_ros_nova_interfaces/lib/python3.8/site-packages/isaac_ros_nova_interfaces-2.1.0-py3.8.egg-info/dependency_links.txt\n'}
[16.912994] (isaac_ros_nova_interfaces) StdoutLine: {'line': b'-- Installing: /workspaces/isaac_ros-dev/install/isaac_ros_nova_interfaces/lib/python3.8/site-packages/isaac_ros_nova_interfaces-2.1.0-py3.8.egg-info/top_level.txt\n'}
[16.913046] (isaac_ros_nova_interfaces) StdoutLine: {'line': b'-- Installing: /workspaces/isaac_ros-dev/install/isaac_ros_nova_interfaces/lib/python3.8/site-packages/isaac_ros_nova_interfaces-2.1.0-py3.8.egg-info/SOURCES.txt\n'}
[16.913098] (isaac_ros_nova_interfaces) StdoutLine: {'line': b'-- Installing: /workspaces/isaac_ros-dev/install/isaac_ros_nova_interfaces/lib/python3.8/site-packages/isaac_ros_nova_interfaces-2.1.0-py3.8.egg-info/PKG-INFO\n'}
[16.913163] (isaac_ros_nova_interfaces) StdoutLine: {'line': b'-- Installing: /workspaces/isaac_ros-dev/install/isaac_ros_nova_interfaces/lib/python3.8/site-packages/isaac_ros_nova_interfaces\n'}
[16.913213] (isaac_ros_pointcloud_interfaces) StdoutLine: {'line': b'-- Installing: /workspaces/isaac_ros-dev/install/isaac_ros_pointcloud_interfaces/lib/python3.8/site-packages/isaac_ros_pointcloud_interfaces/isaac_ros_pointcloud_interfaces_s__rosidl_typesupport_fastrtps_c.cpython-38-x86_64-linux-gnu.so\n'}
[16.913272] (isaac_ros_pointcloud_interfaces) StdoutLine: {'line': b'-- Set runtime path of "/workspaces/isaac_ros-dev/install/isaac_ros_pointcloud_interfaces/lib/python3.8/site-packages/isaac_ros_pointcloud_interfaces/isaac_ros_pointcloud_interfaces_s__rosidl_typesupport_fastrtps_c.cpython-38-x86_64-linux-gnu.so" to ""\n'}
[16.913324] (isaac_ros_pointcloud_interfaces) StdoutLine: {'line': b'-- Installing: /workspaces/isaac_ros-dev/install/isaac_ros_pointcloud_interfaces/lib/python3.8/site-packages/isaac_ros_pointcloud_interfaces/isaac_ros_pointcloud_interfaces_s__rosidl_typesupport_introspection_c.cpython-38-x86_64-linux-gnu.so\n'}
[16.913382] (isaac_ros_nova_interfaces) StdoutLine: {'line': b'-- Installing: /workspaces/isaac_ros-dev/install/isaac_ros_nova_interfaces/lib/python3.8/site-packages/isaac_ros_nova_interfaces/_isaac_ros_nova_interfaces_s.ep.rosidl_typesupport_introspection_c.c\n'}
[16.913433] (isaac_ros_nova_interfaces) StdoutLine: {'line': b'-- Installing: /workspaces/isaac_ros-dev/install/isaac_ros_nova_interfaces/lib/python3.8/site-packages/isaac_ros_nova_interfaces/isaac_ros_nova_interfaces_s__rosidl_typesupport_introspection_c.cpython-38-x86_64-linux-gnu.so\n'}
[16.913483] (isaac_ros_pointcloud_interfaces) StdoutLine: {'line': b'-- Set runtime path of "/workspaces/isaac_ros-dev/install/isaac_ros_pointcloud_interfaces/lib/python3.8/site-packages/isaac_ros_pointcloud_interfaces/isaac_ros_pointcloud_interfaces_s__rosidl_typesupport_introspection_c.cpython-38-x86_64-linux-gnu.so" to ""\n'}
[16.913534] (isaac_ros_nova_interfaces) StdoutLine: {'line': b'-- Installing: /workspaces/isaac_ros-dev/install/isaac_ros_nova_interfaces/lib/python3.8/site-packages/isaac_ros_nova_interfaces/isaac_ros_nova_interfaces_s__rosidl_typesupport_c.cpython-38-x86_64-linux-gnu.so\n'}
[16.913584] (isaac_ros_nova_interfaces) StdoutLine: {'line': b'-- Installing: /workspaces/isaac_ros-dev/install/isaac_ros_nova_interfaces/lib/python3.8/site-packages/isaac_ros_nova_interfaces/_isaac_ros_nova_interfaces_s.ep.rosidl_typesupport_c.c\n'}
[16.913633] (isaac_ros_nova_interfaces) StdoutLine: {'line': b'-- Installing: /workspaces/isaac_ros-dev/install/isaac_ros_nova_interfaces/lib/python3.8/site-packages/isaac_ros_nova_interfaces/_isaac_ros_nova_interfaces_s.ep.rosidl_typesupport_fastrtps_c.c\n'}
[16.913682] (isaac_ros_nova_interfaces) StdoutLine: {'line': b'-- Installing: /workspaces/isaac_ros-dev/install/isaac_ros_nova_interfaces/lib/python3.8/site-packages/isaac_ros_nova_interfaces/libisaac_ros_nova_interfaces__rosidl_generator_py.so\n'}
[16.913744] (isaac_ros_nova_interfaces) StdoutLine: {'line': b'-- Installing: /workspaces/isaac_ros-dev/install/isaac_ros_nova_interfaces/lib/python3.8/site-packages/isaac_ros_nova_interfaces/__init__.py\n'}
[16.913795] (isaac_ros_nova_interfaces) StdoutLine: {'line': b'-- Installing: /workspaces/isaac_ros-dev/install/isaac_ros_nova_interfaces/lib/python3.8/site-packages/isaac_ros_nova_interfaces/msg\n'}
[16.913927] (isaac_ros_nova_interfaces) StdoutLine: {'line': b'-- Installing: /workspaces/isaac_ros-dev/install/isaac_ros_nova_interfaces/lib/python3.8/site-packages/isaac_ros_nova_interfaces/msg/_correlated_timestamp.py\n'}
[16.914033] (isaac_ros_nova_interfaces) StdoutLine: {'line': b'-- Installing: /workspaces/isaac_ros-dev/install/isaac_ros_nova_interfaces/lib/python3.8/site-packages/isaac_ros_nova_interfaces/msg/_encoder_ticks.py\n'}
[16.914110] (isaac_ros_nova_interfaces) StdoutLine: {'line': b'-- Installing: /workspaces/isaac_ros-dev/install/isaac_ros_nova_interfaces/lib/python3.8/site-packages/isaac_ros_nova_interfaces/msg/_correlated_timestamp_s.c\n'}
[16.914299] (isaac_ros_nova_interfaces) StdoutLine: {'line': b'-- Installing: /workspaces/isaac_ros-dev/install/isaac_ros_nova_interfaces/lib/python3.8/site-packages/isaac_ros_nova_interfaces/msg/__init__.py\n'}
[16.914362] (isaac_ros_nova_interfaces) StdoutLine: {'line': b'-- Installing: /workspaces/isaac_ros-dev/install/isaac_ros_nova_interfaces/lib/python3.8/site-packages/isaac_ros_nova_interfaces/msg/_encoder_ticks_s.c\n'}
[16.914416] (isaac_ros_nova_interfaces) StdoutLine: {'line': b'-- Installing: /workspaces/isaac_ros-dev/install/isaac_ros_nova_interfaces/lib/python3.8/site-packages/isaac_ros_nova_interfaces/isaac_ros_nova_interfaces_s__rosidl_typesupport_fastrtps_c.cpython-38-x86_64-linux-gnu.so\n'}
[16.914470] (isaac_ros_pointcloud_interfaces) StdoutLine: {'line': b'-- Installing: /workspaces/isaac_ros-dev/install/isaac_ros_pointcloud_interfaces/lib/python3.8/site-packages/isaac_ros_pointcloud_interfaces/isaac_ros_pointcloud_interfaces_s__rosidl_typesupport_c.cpython-38-x86_64-linux-gnu.so\n'}
[16.914583] (isaac_ros_pointcloud_interfaces) StdoutLine: {'line': b'-- Set runtime path of "/workspaces/isaac_ros-dev/install/isaac_ros_pointcloud_interfaces/lib/python3.8/site-packages/isaac_ros_pointcloud_interfaces/isaac_ros_pointcloud_interfaces_s__rosidl_typesupport_c.cpython-38-x86_64-linux-gnu.so" to ""\n'}
[16.914645] (isaac_ros_pointcloud_interfaces) StdoutLine: {'line': b'-- Installing: /workspaces/isaac_ros-dev/install/isaac_ros_pointcloud_interfaces/lib/libisaac_ros_pointcloud_interfaces__rosidl_generator_py.so\n'}
[16.914708] (isaac_ros_pointcloud_interfaces) StdoutLine: {'line': b'-- Set runtime path of "/workspaces/isaac_ros-dev/install/isaac_ros_pointcloud_interfaces/lib/libisaac_ros_pointcloud_interfaces__rosidl_generator_py.so" to ""\n'}
[16.914761] (isaac_ros_pointcloud_interfaces) StdoutLine: {'line': b'-- Installing: /workspaces/isaac_ros-dev/install/isaac_ros_pointcloud_interfaces/share/isaac_ros_pointcloud_interfaces/msg/FlatScan.idl\n'}
[16.914827] (isaac_ros_pointcloud_interfaces) StdoutLine: {'line': b'-- Installing: /workspaces/isaac_ros-dev/install/isaac_ros_pointcloud_interfaces/share/isaac_ros_pointcloud_interfaces/msg/FlatScan.msg\n'}
[16.914908] (isaac_ros_pointcloud_interfaces) StdoutLine: {'line': b'-- Installing: /workspaces/isaac_ros-dev/install/isaac_ros_pointcloud_interfaces/share/ament_index/resource_index/package_run_dependencies/isaac_ros_pointcloud_interfaces\n'}
[16.915005] (isaac_ros_pointcloud_interfaces) StdoutLine: {'line': b'-- Installing: /workspaces/isaac_ros-dev/install/isaac_ros_pointcloud_interfaces/share/ament_index/resource_index/parent_prefix_path/isaac_ros_pointcloud_interfaces\n'}
[16.915058] (isaac_ros_pointcloud_interfaces) StdoutLine: {'line': b'-- Installing: /workspaces/isaac_ros-dev/install/isaac_ros_pointcloud_interfaces/share/isaac_ros_pointcloud_interfaces/environment/ament_prefix_path.sh\n'}
[16.915133] (isaac_ros_pointcloud_interfaces) StdoutLine: {'line': b'-- Installing: /workspaces/isaac_ros-dev/install/isaac_ros_pointcloud_interfaces/share/isaac_ros_pointcloud_interfaces/environment/ament_prefix_path.dsv\n'}
[16.915185] (isaac_ros_pointcloud_interfaces) StdoutLine: {'line': b'-- Installing: /workspaces/isaac_ros-dev/install/isaac_ros_pointcloud_interfaces/share/isaac_ros_pointcloud_interfaces/environment/path.sh\n'}
[16.915235] (isaac_ros_pointcloud_interfaces) StdoutLine: {'line': b'-- Installing: /workspaces/isaac_ros-dev/install/isaac_ros_pointcloud_interfaces/share/isaac_ros_pointcloud_interfaces/environment/path.dsv\n'}
[16.915310] (isaac_ros_pointcloud_interfaces) StdoutLine: {'line': b'-- Installing: /workspaces/isaac_ros-dev/install/isaac_ros_pointcloud_interfaces/share/isaac_ros_pointcloud_interfaces/local_setup.bash\n'}
[16.915363] (isaac_ros_pointcloud_interfaces) StdoutLine: {'line': b'-- Installing: /workspaces/isaac_ros-dev/install/isaac_ros_pointcloud_interfaces/share/isaac_ros_pointcloud_interfaces/local_setup.sh\n'}
[16.915414] (isaac_ros_pointcloud_interfaces) StdoutLine: {'line': b'-- Installing: /workspaces/isaac_ros-dev/install/isaac_ros_pointcloud_interfaces/share/isaac_ros_pointcloud_interfaces/local_setup.zsh\n'}
[16.915484] (isaac_ros_pointcloud_interfaces) StdoutLine: {'line': b'-- Installing: /workspaces/isaac_ros-dev/install/isaac_ros_pointcloud_interfaces/share/isaac_ros_pointcloud_interfaces/local_setup.dsv\n'}
[16.915534] (isaac_ros_pointcloud_interfaces) StdoutLine: {'line': b'-- Installing: /workspaces/isaac_ros-dev/install/isaac_ros_pointcloud_interfaces/share/isaac_ros_pointcloud_interfaces/package.dsv\n'}
[16.915585] (isaac_ros_pointcloud_interfaces) StdoutLine: {'line': b'-- Installing: /workspaces/isaac_ros-dev/install/isaac_ros_pointcloud_interfaces/share/ament_index/resource_index/packages/isaac_ros_pointcloud_interfaces\n'}
[16.915644] (isaac_ros_pointcloud_interfaces) StdoutLine: {'line': b'-- Installing: /workspaces/isaac_ros-dev/install/isaac_ros_pointcloud_interfaces/share/isaac_ros_pointcloud_interfaces/cmake/export_isaac_ros_pointcloud_interfaces__rosidl_generator_cExport.cmake\n'}
[16.915726] (isaac_ros_pointcloud_interfaces) StdoutLine: {'line': b'-- Installing: /workspaces/isaac_ros-dev/install/isaac_ros_pointcloud_interfaces/share/isaac_ros_pointcloud_interfaces/cmake/export_isaac_ros_pointcloud_interfaces__rosidl_generator_cExport-release.cmake\n'}
[16.915782] (isaac_ros_pointcloud_interfaces) StdoutLine: {'line': b'-- Installing: /workspaces/isaac_ros-dev/install/isaac_ros_pointcloud_interfaces/share/isaac_ros_pointcloud_interfaces/cmake/export_isaac_ros_pointcloud_interfaces__rosidl_typesupport_fastrtps_cExport.cmake\n'}
[16.915871] (isaac_ros_pointcloud_interfaces) StdoutLine: {'line': b'-- Installing: /workspaces/isaac_ros-dev/install/isaac_ros_pointcloud_interfaces/share/isaac_ros_pointcloud_interfaces/cmake/export_isaac_ros_pointcloud_interfaces__rosidl_typesupport_fastrtps_cExport-release.cmake\n'}
[16.915946] (isaac_ros_pointcloud_interfaces) StdoutLine: {'line': b'-- Installing: /workspaces/isaac_ros-dev/install/isaac_ros_pointcloud_interfaces/share/isaac_ros_pointcloud_interfaces/cmake/isaac_ros_pointcloud_interfaces__rosidl_typesupport_introspection_cExport.cmake\n'}
[16.916014] (isaac_ros_pointcloud_interfaces) StdoutLine: {'line': b'-- Installing: /workspaces/isaac_ros-dev/install/isaac_ros_pointcloud_interfaces/share/isaac_ros_pointcloud_interfaces/cmake/isaac_ros_pointcloud_interfaces__rosidl_typesupport_introspection_cExport-release.cmake\n'}
[16.916088] (isaac_ros_pointcloud_interfaces) StdoutLine: {'line': b'-- Installing: /workspaces/isaac_ros-dev/install/isaac_ros_pointcloud_interfaces/share/isaac_ros_pointcloud_interfaces/cmake/isaac_ros_pointcloud_interfaces__rosidl_typesupport_cExport.cmake\n'}
[16.916201] (isaac_ros_pointcloud_interfaces) StdoutLine: {'line': b'-- Installing: /workspaces/isaac_ros-dev/install/isaac_ros_pointcloud_interfaces/share/isaac_ros_pointcloud_interfaces/cmake/isaac_ros_pointcloud_interfaces__rosidl_typesupport_cExport-release.cmake\n'}
[16.916345] (isaac_ros_pointcloud_interfaces) StdoutLine: {'line': b'-- Installing: /workspaces/isaac_ros-dev/install/isaac_ros_pointcloud_interfaces/share/isaac_ros_pointcloud_interfaces/cmake/export_isaac_ros_pointcloud_interfaces__rosidl_generator_cppExport.cmake\n'}
[16.916413] (isaac_ros_pointcloud_interfaces) StdoutLine: {'line': b'-- Installing: /workspaces/isaac_ros-dev/install/isaac_ros_pointcloud_interfaces/share/isaac_ros_pointcloud_interfaces/cmake/export_isaac_ros_pointcloud_interfaces__rosidl_typesupport_fastrtps_cppExport.cmake\n'}
[16.916469] (isaac_ros_pointcloud_interfaces) StdoutLine: {'line': b'-- Installing: /workspaces/isaac_ros-dev/install/isaac_ros_pointcloud_interfaces/share/isaac_ros_pointcloud_interfaces/cmake/export_isaac_ros_pointcloud_interfaces__rosidl_typesupport_fastrtps_cppExport-release.cmake\n'}
[16.916522] (isaac_ros_pointcloud_interfaces) StdoutLine: {'line': b'-- Installing: /workspaces/isaac_ros-dev/install/isaac_ros_pointcloud_interfaces/share/isaac_ros_pointcloud_interfaces/cmake/isaac_ros_pointcloud_interfaces__rosidl_typesupport_introspection_cppExport.cmake\n'}
[16.916610] (isaac_ros_pointcloud_interfaces) StdoutLine: {'line': b'-- Installing: /workspaces/isaac_ros-dev/install/isaac_ros_pointcloud_interfaces/share/isaac_ros_pointcloud_interfaces/cmake/isaac_ros_pointcloud_interfaces__rosidl_typesupport_introspection_cppExport-release.cmake\n'}
[16.916661] (isaac_ros_pointcloud_interfaces) StdoutLine: {'line': b'-- Installing: /workspaces/isaac_ros-dev/install/isaac_ros_pointcloud_interfaces/share/isaac_ros_pointcloud_interfaces/cmake/isaac_ros_pointcloud_interfaces__rosidl_typesupport_cppExport.cmake\n'}
[16.916711] (isaac_ros_pointcloud_interfaces) StdoutLine: {'line': b'-- Installing: /workspaces/isaac_ros-dev/install/isaac_ros_pointcloud_interfaces/share/isaac_ros_pointcloud_interfaces/cmake/isaac_ros_pointcloud_interfaces__rosidl_typesupport_cppExport-release.cmake\n'}
[16.916761] (isaac_ros_pointcloud_interfaces) StdoutLine: {'line': b'-- Installing: /workspaces/isaac_ros-dev/install/isaac_ros_pointcloud_interfaces/share/isaac_ros_pointcloud_interfaces/cmake/export_isaac_ros_pointcloud_interfaces__rosidl_generator_pyExport.cmake\n'}
[16.916825] (isaac_ros_pointcloud_interfaces) StdoutLine: {'line': b'-- Installing: /workspaces/isaac_ros-dev/install/isaac_ros_pointcloud_interfaces/share/isaac_ros_pointcloud_interfaces/cmake/export_isaac_ros_pointcloud_interfaces__rosidl_generator_pyExport-release.cmake\n'}
[16.916896] (isaac_ros_pointcloud_interfaces) StdoutLine: {'line': b'-- Installing: /workspaces/isaac_ros-dev/install/isaac_ros_pointcloud_interfaces/share/isaac_ros_pointcloud_interfaces/cmake/rosidl_cmake-extras.cmake\n'}
[16.916975] (isaac_ros_pointcloud_interfaces) StdoutLine: {'line': b'-- Installing: /workspaces/isaac_ros-dev/install/isaac_ros_pointcloud_interfaces/share/isaac_ros_pointcloud_interfaces/cmake/ament_cmake_export_dependencies-extras.cmake\n'}
[16.917027] (isaac_ros_pointcloud_interfaces) StdoutLine: {'line': b'-- Installing: /workspaces/isaac_ros-dev/install/isaac_ros_pointcloud_interfaces/share/isaac_ros_pointcloud_interfaces/cmake/ament_cmake_export_include_directories-extras.cmake\n'}
[16.917078] (isaac_ros_pointcloud_interfaces) StdoutLine: {'line': b'-- Installing: /workspaces/isaac_ros-dev/install/isaac_ros_pointcloud_interfaces/share/isaac_ros_pointcloud_interfaces/cmake/ament_cmake_export_libraries-extras.cmake\n'}
[16.917150] (isaac_ros_pointcloud_interfaces) StdoutLine: {'line': b'-- Installing: /workspaces/isaac_ros-dev/install/isaac_ros_pointcloud_interfaces/share/isaac_ros_pointcloud_interfaces/cmake/ament_cmake_export_targets-extras.cmake\n'}
[16.917200] (isaac_ros_pointcloud_interfaces) StdoutLine: {'line': b'-- Installing: /workspaces/isaac_ros-dev/install/isaac_ros_pointcloud_interfaces/share/isaac_ros_pointcloud_interfaces/cmake/rosidl_cmake_export_typesupport_targets-extras.cmake\n'}
[16.917250] (isaac_ros_pointcloud_interfaces) StdoutLine: {'line': b'-- Installing: /workspaces/isaac_ros-dev/install/isaac_ros_pointcloud_interfaces/share/isaac_ros_pointcloud_interfaces/cmake/rosidl_cmake_export_typesupport_libraries-extras.cmake\n'}
[16.917333] (isaac_ros_pointcloud_interfaces) StdoutLine: {'line': b'-- Installing: /workspaces/isaac_ros-dev/install/isaac_ros_pointcloud_interfaces/share/isaac_ros_pointcloud_interfaces/cmake/isaac_ros_pointcloud_interfacesConfig.cmake\n'}
[16.917536] (isaac_ros_pointcloud_interfaces) StdoutLine: {'line': b'-- Installing: /workspaces/isaac_ros-dev/install/isaac_ros_pointcloud_interfaces/share/isaac_ros_pointcloud_interfaces/cmake/isaac_ros_pointcloud_interfacesConfig-version.cmake\n'}
[16.917763] (isaac_ros_pointcloud_interfaces) StdoutLine: {'line': b'-- Installing: /workspaces/isaac_ros-dev/install/isaac_ros_pointcloud_interfaces/share/isaac_ros_pointcloud_interfaces/package.xml\n'}
[16.919885] (isaac_ros_pointcloud_interfaces) CommandEnded: {'returncode': 0}
[16.936606] (isaac_ros_apriltag_interfaces) StdoutLine: {'line': b"Listing '/workspaces/isaac_ros-dev/install/isaac_ros_apriltag_interfaces/lib/python3.8/site-packages/isaac_ros_apriltag_interfaces'...\n"}
[16.936753] (isaac_ros_apriltag_interfaces) StdoutLine: {'line': b"Compiling '/workspaces/isaac_ros-dev/install/isaac_ros_apriltag_interfaces/lib/python3.8/site-packages/isaac_ros_apriltag_interfaces/__init__.py'...\n"}
[16.936846] (isaac_ros_apriltag_interfaces) StdoutLine: {'line': b"Listing '/workspaces/isaac_ros-dev/install/isaac_ros_apriltag_interfaces/lib/python3.8/site-packages/isaac_ros_apriltag_interfaces/msg'...\n"}
[16.936932] (isaac_ros_apriltag_interfaces) StdoutLine: {'line': b"Compiling '/workspaces/isaac_ros-dev/install/isaac_ros_apriltag_interfaces/lib/python3.8/site-packages/isaac_ros_apriltag_interfaces/msg/__init__.py'...\n"}
[16.937171] (isaac_ros_apriltag_interfaces) StdoutLine: {'line': b"Compiling '/workspaces/isaac_ros-dev/install/isaac_ros_apriltag_interfaces/lib/python3.8/site-packages/isaac_ros_apriltag_interfaces/msg/_april_tag_detection.py'...\n"}
[16.937283] (isaac_ros_apriltag_interfaces) StdoutLine: {'line': b"Compiling '/workspaces/isaac_ros-dev/install/isaac_ros_apriltag_interfaces/lib/python3.8/site-packages/isaac_ros_apriltag_interfaces/msg/_april_tag_detection_array.py'...\n"}
[16.940893] (isaac_ros_nova_interfaces) StdoutLine: {'line': b"Listing '/workspaces/isaac_ros-dev/install/isaac_ros_nova_interfaces/lib/python3.8/site-packages/isaac_ros_nova_interfaces'...\n"}
[16.941227] (isaac_ros_nova_interfaces) StdoutLine: {'line': b"Compiling '/workspaces/isaac_ros-dev/install/isaac_ros_nova_interfaces/lib/python3.8/site-packages/isaac_ros_nova_interfaces/__init__.py'...\n"}
[16.941308] (isaac_ros_nova_interfaces) StdoutLine: {'line': b"Listing '/workspaces/isaac_ros-dev/install/isaac_ros_nova_interfaces/lib/python3.8/site-packages/isaac_ros_nova_interfaces/msg'...\n"}
[16.941392] (isaac_ros_nova_interfaces) StdoutLine: {'line': b"Compiling '/workspaces/isaac_ros-dev/install/isaac_ros_nova_interfaces/lib/python3.8/site-packages/isaac_ros_nova_interfaces/msg/__init__.py'...\n"}
[16.941472] (isaac_ros_nova_interfaces) StdoutLine: {'line': b"Compiling '/workspaces/isaac_ros-dev/install/isaac_ros_nova_interfaces/lib/python3.8/site-packages/isaac_ros_nova_interfaces/msg/_correlated_timestamp.py'...\n"}
[16.941541] (isaac_ros_nova_interfaces) StdoutLine: {'line': b"Compiling '/workspaces/isaac_ros-dev/install/isaac_ros_nova_interfaces/lib/python3.8/site-packages/isaac_ros_nova_interfaces/msg/_encoder_ticks.py'...\n"}
[16.941612] (isaac_ros_apriltag_interfaces) StdoutLine: {'line': b'-- Installing: /workspaces/isaac_ros-dev/install/isaac_ros_apriltag_interfaces/lib/python3.8/site-packages/isaac_ros_apriltag_interfaces/isaac_ros_apriltag_interfaces_s__rosidl_typesupport_fastrtps_c.cpython-38-x86_64-linux-gnu.so\n'}
[16.941692] (isaac_ros_apriltag_interfaces) StdoutLine: {'line': b'-- Set runtime path of "/workspaces/isaac_ros-dev/install/isaac_ros_apriltag_interfaces/lib/python3.8/site-packages/isaac_ros_apriltag_interfaces/isaac_ros_apriltag_interfaces_s__rosidl_typesupport_fastrtps_c.cpython-38-x86_64-linux-gnu.so" to ""\n'}
[16.941821] (isaac_ros_apriltag_interfaces) StdoutLine: {'line': b'-- Installing: /workspaces/isaac_ros-dev/install/isaac_ros_apriltag_interfaces/lib/python3.8/site-packages/isaac_ros_apriltag_interfaces/isaac_ros_apriltag_interfaces_s__rosidl_typesupport_introspection_c.cpython-38-x86_64-linux-gnu.so\n'}
[16.941902] (isaac_ros_apriltag_interfaces) StdoutLine: {'line': b'-- Set runtime path of "/workspaces/isaac_ros-dev/install/isaac_ros_apriltag_interfaces/lib/python3.8/site-packages/isaac_ros_apriltag_interfaces/isaac_ros_apriltag_interfaces_s__rosidl_typesupport_introspection_c.cpython-38-x86_64-linux-gnu.so" to ""\n'}
[16.942008] (isaac_ros_apriltag_interfaces) StdoutLine: {'line': b'-- Installing: /workspaces/isaac_ros-dev/install/isaac_ros_apriltag_interfaces/lib/python3.8/site-packages/isaac_ros_apriltag_interfaces/isaac_ros_apriltag_interfaces_s__rosidl_typesupport_c.cpython-38-x86_64-linux-gnu.so\n'}
[16.942104] (isaac_ros_apriltag_interfaces) StdoutLine: {'line': b'-- Set runtime path of "/workspaces/isaac_ros-dev/install/isaac_ros_apriltag_interfaces/lib/python3.8/site-packages/isaac_ros_apriltag_interfaces/isaac_ros_apriltag_interfaces_s__rosidl_typesupport_c.cpython-38-x86_64-linux-gnu.so" to ""\n'}
[16.942461] (isaac_ros_apriltag_interfaces) StdoutLine: {'line': b'-- Installing: /workspaces/isaac_ros-dev/install/isaac_ros_apriltag_interfaces/lib/libisaac_ros_apriltag_interfaces__rosidl_generator_py.so\n'}
[16.942693] (isaac_ros_apriltag_interfaces) StdoutLine: {'line': b'-- Set runtime path of "/workspaces/isaac_ros-dev/install/isaac_ros_apriltag_interfaces/lib/libisaac_ros_apriltag_interfaces__rosidl_generator_py.so" to ""\n'}
[16.942825] (isaac_ros_apriltag_interfaces) StdoutLine: {'line': b'-- Installing: /workspaces/isaac_ros-dev/install/isaac_ros_apriltag_interfaces/share/isaac_ros_apriltag_interfaces/msg/AprilTagDetection.idl\n'}
[16.943096] (isaac_ros_apriltag_interfaces) StdoutLine: {'line': b'-- Installing: /workspaces/isaac_ros-dev/install/isaac_ros_apriltag_interfaces/share/isaac_ros_apriltag_interfaces/msg/AprilTagDetectionArray.idl\n'}
[16.943376] (isaac_ros_apriltag_interfaces) StdoutLine: {'line': b'-- Installing: /workspaces/isaac_ros-dev/install/isaac_ros_apriltag_interfaces/share/isaac_ros_apriltag_interfaces/msg/AprilTagDetection.msg\n'}
[16.943474] (isaac_ros_apriltag_interfaces) StdoutLine: {'line': b'-- Installing: /workspaces/isaac_ros-dev/install/isaac_ros_apriltag_interfaces/share/isaac_ros_apriltag_interfaces/msg/AprilTagDetectionArray.msg\n'}
[16.943686] (isaac_ros_apriltag_interfaces) StdoutLine: {'line': b'-- Installing: /workspaces/isaac_ros-dev/install/isaac_ros_apriltag_interfaces/share/ament_index/resource_index/package_run_dependencies/isaac_ros_apriltag_interfaces\n'}
[16.943794] (isaac_ros_apriltag_interfaces) StdoutLine: {'line': b'-- Installing: /workspaces/isaac_ros-dev/install/isaac_ros_apriltag_interfaces/share/ament_index/resource_index/parent_prefix_path/isaac_ros_apriltag_interfaces\n'}
[16.943963] (isaac_ros_apriltag_interfaces) StdoutLine: {'line': b'-- Installing: /workspaces/isaac_ros-dev/install/isaac_ros_apriltag_interfaces/share/isaac_ros_apriltag_interfaces/environment/ament_prefix_path.sh\n'}
[16.944157] (isaac_ros_apriltag_interfaces) StdoutLine: {'line': b'-- Installing: /workspaces/isaac_ros-dev/install/isaac_ros_apriltag_interfaces/share/isaac_ros_apriltag_interfaces/environment/ament_prefix_path.dsv\n'}
[16.944428] (isaac_ros_apriltag_interfaces) StdoutLine: {'line': b'-- Installing: /workspaces/isaac_ros-dev/install/isaac_ros_apriltag_interfaces/share/isaac_ros_apriltag_interfaces/environment/path.sh\n'}
[16.944714] (isaac_ros_nova_interfaces) StdoutLine: {'line': b'-- Installing: /workspaces/isaac_ros-dev/install/isaac_ros_nova_interfaces/lib/python3.8/site-packages/isaac_ros_nova_interfaces/isaac_ros_nova_interfaces_s__rosidl_typesupport_fastrtps_c.cpython-38-x86_64-linux-gnu.so\n'}
[16.944840] (isaac_ros_apriltag_interfaces) StdoutLine: {'line': b'-- Installing: /workspaces/isaac_ros-dev/install/isaac_ros_apriltag_interfaces/share/isaac_ros_apriltag_interfaces/environment/path.dsv\n'}
[16.944981] (isaac_ros_apriltag_interfaces) StdoutLine: {'line': b'-- Installing: /workspaces/isaac_ros-dev/install/isaac_ros_apriltag_interfaces/share/isaac_ros_apriltag_interfaces/local_setup.bash\n'}
[16.945218] (isaac_ros_nova_interfaces) StdoutLine: {'line': b'-- Set runtime path of "/workspaces/isaac_ros-dev/install/isaac_ros_nova_interfaces/lib/python3.8/site-packages/isaac_ros_nova_interfaces/isaac_ros_nova_interfaces_s__rosidl_typesupport_fastrtps_c.cpython-38-x86_64-linux-gnu.so" to ""\n'}
[16.945333] (isaac_ros_nova_interfaces) StdoutLine: {'line': b'-- Installing: /workspaces/isaac_ros-dev/install/isaac_ros_nova_interfaces/lib/python3.8/site-packages/isaac_ros_nova_interfaces/isaac_ros_nova_interfaces_s__rosidl_typesupport_introspection_c.cpython-38-x86_64-linux-gnu.so\n'}
[16.945434] (isaac_ros_apriltag_interfaces) StdoutLine: {'line': b'-- Installing: /workspaces/isaac_ros-dev/install/isaac_ros_apriltag_interfaces/share/isaac_ros_apriltag_interfaces/local_setup.sh\n'}
[16.945528] (isaac_ros_apriltag_interfaces) StdoutLine: {'line': b'-- Installing: /workspaces/isaac_ros-dev/install/isaac_ros_apriltag_interfaces/share/isaac_ros_apriltag_interfaces/local_setup.zsh\n'}
[16.945738] (isaac_ros_nova_interfaces) StdoutLine: {'line': b'-- Set runtime path of "/workspaces/isaac_ros-dev/install/isaac_ros_nova_interfaces/lib/python3.8/site-packages/isaac_ros_nova_interfaces/isaac_ros_nova_interfaces_s__rosidl_typesupport_introspection_c.cpython-38-x86_64-linux-gnu.so" to ""\n'}
[16.945855] (isaac_ros_nova_interfaces) StdoutLine: {'line': b'-- Installing: /workspaces/isaac_ros-dev/install/isaac_ros_nova_interfaces/lib/python3.8/site-packages/isaac_ros_nova_interfaces/isaac_ros_nova_interfaces_s__rosidl_typesupport_c.cpython-38-x86_64-linux-gnu.so\n'}
[16.946009] (isaac_ros_nova_interfaces) StdoutLine: {'line': b'-- Set runtime path of "/workspaces/isaac_ros-dev/install/isaac_ros_nova_interfaces/lib/python3.8/site-packages/isaac_ros_nova_interfaces/isaac_ros_nova_interfaces_s__rosidl_typesupport_c.cpython-38-x86_64-linux-gnu.so" to ""\n'}
[16.946154] (isaac_ros_apriltag_interfaces) StdoutLine: {'line': b'-- Installing: /workspaces/isaac_ros-dev/install/isaac_ros_apriltag_interfaces/share/isaac_ros_apriltag_interfaces/local_setup.dsv\n'}
[16.946259] (isaac_ros_apriltag_interfaces) StdoutLine: {'line': b'-- Installing: /workspaces/isaac_ros-dev/install/isaac_ros_apriltag_interfaces/share/isaac_ros_apriltag_interfaces/package.dsv\n'}
[16.946349] (isaac_ros_apriltag_interfaces) StdoutLine: {'line': b'-- Installing: /workspaces/isaac_ros-dev/install/isaac_ros_apriltag_interfaces/share/ament_index/resource_index/packages/isaac_ros_apriltag_interfaces\n'}
[16.946453] (isaac_ros_nova_interfaces) StdoutLine: {'line': b'-- Installing: /workspaces/isaac_ros-dev/install/isaac_ros_nova_interfaces/lib/libisaac_ros_nova_interfaces__rosidl_generator_py.so\n'}
[16.946692] (isaac_ros_apriltag_interfaces) StdoutLine: {'line': b'-- Installing: /workspaces/isaac_ros-dev/install/isaac_ros_apriltag_interfaces/share/isaac_ros_apriltag_interfaces/cmake/export_isaac_ros_apriltag_interfaces__rosidl_generator_cExport.cmake\n'}
[16.946797] (isaac_ros_apriltag_interfaces) StdoutLine: {'line': b'-- Installing: /workspaces/isaac_ros-dev/install/isaac_ros_apriltag_interfaces/share/isaac_ros_apriltag_interfaces/cmake/export_isaac_ros_apriltag_interfaces__rosidl_generator_cExport-release.cmake\n'}
[16.947198] (isaac_ros_apriltag_interfaces) StdoutLine: {'line': b'-- Installing: /workspaces/isaac_ros-dev/install/isaac_ros_apriltag_interfaces/share/isaac_ros_apriltag_interfaces/cmake/export_isaac_ros_apriltag_interfaces__rosidl_typesupport_fastrtps_cExport.cmake\n'}
[16.947986] (isaac_ros_nova_interfaces) StdoutLine: {'line': b'-- Set runtime path of "/workspaces/isaac_ros-dev/install/isaac_ros_nova_interfaces/lib/libisaac_ros_nova_interfaces__rosidl_generator_py.so" to ""\n'}
[16.948107] (isaac_ros_nova_interfaces) StdoutLine: {'line': b'-- Installing: /workspaces/isaac_ros-dev/install/isaac_ros_nova_interfaces/share/isaac_ros_nova_interfaces/msg/CorrelatedTimestamp.idl\n'}
[16.948206] (isaac_ros_nova_interfaces) StdoutLine: {'line': b'-- Installing: /workspaces/isaac_ros-dev/install/isaac_ros_nova_interfaces/share/isaac_ros_nova_interfaces/msg/EncoderTicks.idl\n'}
[16.948347] (isaac_ros_nova_interfaces) StdoutLine: {'line': b'-- Installing: /workspaces/isaac_ros-dev/install/isaac_ros_nova_interfaces/share/isaac_ros_nova_interfaces/msg/CorrelatedTimestamp.msg\n'}
[16.948496] (isaac_ros_nova_interfaces) StdoutLine: {'line': b'-- Installing: /workspaces/isaac_ros-dev/install/isaac_ros_nova_interfaces/share/isaac_ros_nova_interfaces/msg/EncoderTicks.msg\n'}
[16.948625] (isaac_ros_apriltag_interfaces) StdoutLine: {'line': b'-- Installing: /workspaces/isaac_ros-dev/install/isaac_ros_apriltag_interfaces/share/isaac_ros_apriltag_interfaces/cmake/export_isaac_ros_apriltag_interfaces__rosidl_typesupport_fastrtps_cExport-release.cmake\n'}
[16.948728] (isaac_ros_nova_interfaces) StdoutLine: {'line': b'-- Installing: /workspaces/isaac_ros-dev/install/isaac_ros_nova_interfaces/share/ament_index/resource_index/package_run_dependencies/isaac_ros_nova_interfaces\n'}
[16.948831] (isaac_ros_apriltag_interfaces) StdoutLine: {'line': b'-- Installing: /workspaces/isaac_ros-dev/install/isaac_ros_apriltag_interfaces/share/isaac_ros_apriltag_interfaces/cmake/export_isaac_ros_apriltag_interfaces__rosidl_generator_cppExport.cmake\n'}
[16.948958] (isaac_ros_apriltag_interfaces) StdoutLine: {'line': b'-- Installing: /workspaces/isaac_ros-dev/install/isaac_ros_apriltag_interfaces/share/isaac_ros_apriltag_interfaces/cmake/export_isaac_ros_apriltag_interfaces__rosidl_typesupport_fastrtps_cppExport.cmake\n'}
[16.949037] (isaac_ros_nova_interfaces) StdoutLine: {'line': b'-- Installing: /workspaces/isaac_ros-dev/install/isaac_ros_nova_interfaces/share/ament_index/resource_index/parent_prefix_path/isaac_ros_nova_interfaces\n'}
[16.949107] (isaac_ros_apriltag_interfaces) StdoutLine: {'line': b'-- Installing: /workspaces/isaac_ros-dev/install/isaac_ros_apriltag_interfaces/share/isaac_ros_apriltag_interfaces/cmake/export_isaac_ros_apriltag_interfaces__rosidl_typesupport_fastrtps_cppExport-release.cmake\n'}
[16.949211] (isaac_ros_apriltag_interfaces) StdoutLine: {'line': b'-- Installing: /workspaces/isaac_ros-dev/install/isaac_ros_apriltag_interfaces/share/isaac_ros_apriltag_interfaces/cmake/isaac_ros_apriltag_interfaces__rosidl_typesupport_introspection_cExport.cmake\n'}
[16.949280] (isaac_ros_nova_interfaces) StdoutLine: {'line': b'-- Installing: /workspaces/isaac_ros-dev/install/isaac_ros_nova_interfaces/share/isaac_ros_nova_interfaces/environment/ament_prefix_path.sh\n'}
[16.949336] (isaac_ros_nova_interfaces) StdoutLine: {'line': b'-- Installing: /workspaces/isaac_ros-dev/install/isaac_ros_nova_interfaces/share/isaac_ros_nova_interfaces/environment/ament_prefix_path.dsv\n'}
[16.949392] (isaac_ros_apriltag_interfaces) StdoutLine: {'line': b'-- Installing: /workspaces/isaac_ros-dev/install/isaac_ros_apriltag_interfaces/share/isaac_ros_apriltag_interfaces/cmake/isaac_ros_apriltag_interfaces__rosidl_typesupport_introspection_cExport-release.cmake\n'}
[16.949477] (isaac_ros_nova_interfaces) StdoutLine: {'line': b'-- Installing: /workspaces/isaac_ros-dev/install/isaac_ros_nova_interfaces/share/isaac_ros_nova_interfaces/environment/path.sh\n'}
[16.949543] (isaac_ros_apriltag_interfaces) StdoutLine: {'line': b'-- Installing: /workspaces/isaac_ros-dev/install/isaac_ros_apriltag_interfaces/share/isaac_ros_apriltag_interfaces/cmake/isaac_ros_apriltag_interfaces__rosidl_typesupport_cExport.cmake\n'}
[16.949608] (isaac_ros_apriltag_interfaces) StdoutLine: {'line': b'-- Installing: /workspaces/isaac_ros-dev/install/isaac_ros_apriltag_interfaces/share/isaac_ros_apriltag_interfaces/cmake/isaac_ros_apriltag_interfaces__rosidl_typesupport_cExport-release.cmake\n'}
[16.949700] (isaac_ros_nova_interfaces) StdoutLine: {'line': b'-- Installing: /workspaces/isaac_ros-dev/install/isaac_ros_nova_interfaces/share/isaac_ros_nova_interfaces/environment/path.dsv\n'}
[16.949758] (isaac_ros_nova_interfaces) StdoutLine: {'line': b'-- Installing: /workspaces/isaac_ros-dev/install/isaac_ros_nova_interfaces/share/isaac_ros_nova_interfaces/local_setup.bash\n'}
[16.949828] (isaac_ros_nova_interfaces) StdoutLine: {'line': b'-- Installing: /workspaces/isaac_ros-dev/install/isaac_ros_nova_interfaces/share/isaac_ros_nova_interfaces/local_setup.sh\n'}
[16.949907] (isaac_ros_nova_interfaces) StdoutLine: {'line': b'-- Installing: /workspaces/isaac_ros-dev/install/isaac_ros_nova_interfaces/share/isaac_ros_nova_interfaces/local_setup.zsh\n'}
[16.949974] (isaac_ros_apriltag_interfaces) StdoutLine: {'line': b'-- Installing: /workspaces/isaac_ros-dev/install/isaac_ros_apriltag_interfaces/share/isaac_ros_apriltag_interfaces/cmake/isaac_ros_apriltag_interfaces__rosidl_typesupport_introspection_cppExport.cmake\n'}
[16.950044] (isaac_ros_nova_interfaces) StdoutLine: {'line': b'-- Installing: /workspaces/isaac_ros-dev/install/isaac_ros_nova_interfaces/share/isaac_ros_nova_interfaces/local_setup.dsv\n'}
[16.950324] (isaac_ros_nova_interfaces) StdoutLine: {'line': b'-- Installing: /workspaces/isaac_ros-dev/install/isaac_ros_nova_interfaces/share/isaac_ros_nova_interfaces/package.dsv\n'}
[16.950410] (isaac_ros_nova_interfaces) StdoutLine: {'line': b'-- Installing: /workspaces/isaac_ros-dev/install/isaac_ros_nova_interfaces/share/ament_index/resource_index/packages/isaac_ros_nova_interfaces\n'}
[16.950533] (isaac_ros_nova_interfaces) StdoutLine: {'line': b'-- Installing: /workspaces/isaac_ros-dev/install/isaac_ros_nova_interfaces/share/isaac_ros_nova_interfaces/cmake/export_isaac_ros_nova_interfaces__rosidl_generator_cExport.cmake\n'}
[16.950604] (isaac_ros_nova_interfaces) StdoutLine: {'line': b'-- Installing: /workspaces/isaac_ros-dev/install/isaac_ros_nova_interfaces/share/isaac_ros_nova_interfaces/cmake/export_isaac_ros_nova_interfaces__rosidl_generator_cExport-release.cmake\n'}
[16.950700] (isaac_ros_nova_interfaces) StdoutLine: {'line': b'-- Installing: /workspaces/isaac_ros-dev/install/isaac_ros_nova_interfaces/share/isaac_ros_nova_interfaces/cmake/export_isaac_ros_nova_interfaces__rosidl_typesupport_fastrtps_cExport.cmake\n'}
[16.950844] (isaac_ros_nova_interfaces) StdoutLine: {'line': b'-- Installing: /workspaces/isaac_ros-dev/install/isaac_ros_nova_interfaces/share/isaac_ros_nova_interfaces/cmake/export_isaac_ros_nova_interfaces__rosidl_typesupport_fastrtps_cExport-release.cmake\n'}
[16.950912] (isaac_ros_nova_interfaces) StdoutLine: {'line': b'-- Installing: /workspaces/isaac_ros-dev/install/isaac_ros_nova_interfaces/share/isaac_ros_nova_interfaces/cmake/export_isaac_ros_nova_interfaces__rosidl_generator_cppExport.cmake\n'}
[16.950970] (isaac_ros_nova_interfaces) StdoutLine: {'line': b'-- Installing: /workspaces/isaac_ros-dev/install/isaac_ros_nova_interfaces/share/isaac_ros_nova_interfaces/cmake/export_isaac_ros_nova_interfaces__rosidl_typesupport_fastrtps_cppExport.cmake\n'}
[16.951027] (isaac_ros_apriltag_interfaces) StdoutLine: {'line': b'-- Installing: /workspaces/isaac_ros-dev/install/isaac_ros_apriltag_interfaces/share/isaac_ros_apriltag_interfaces/cmake/isaac_ros_apriltag_interfaces__rosidl_typesupport_introspection_cppExport-release.cmake\n'}
[16.951088] (isaac_ros_apriltag_interfaces) StdoutLine: {'line': b'-- Installing: /workspaces/isaac_ros-dev/install/isaac_ros_apriltag_interfaces/share/isaac_ros_apriltag_interfaces/cmake/isaac_ros_apriltag_interfaces__rosidl_typesupport_cppExport.cmake\n'}
[16.951154] (isaac_ros_apriltag_interfaces) StdoutLine: {'line': b'-- Installing: /workspaces/isaac_ros-dev/install/isaac_ros_apriltag_interfaces/share/isaac_ros_apriltag_interfaces/cmake/isaac_ros_apriltag_interfaces__rosidl_typesupport_cppExport-release.cmake\n'}
[16.951282] (isaac_ros_apriltag_interfaces) StdoutLine: {'line': b'-- Installing: /workspaces/isaac_ros-dev/install/isaac_ros_apriltag_interfaces/share/isaac_ros_apriltag_interfaces/cmake/export_isaac_ros_apriltag_interfaces__rosidl_generator_pyExport.cmake\n'}
[16.951369] (isaac_ros_apriltag_interfaces) StdoutLine: {'line': b'-- Installing: /workspaces/isaac_ros-dev/install/isaac_ros_apriltag_interfaces/share/isaac_ros_apriltag_interfaces/cmake/export_isaac_ros_apriltag_interfaces__rosidl_generator_pyExport-release.cmake\n'}
[16.951428] (isaac_ros_apriltag_interfaces) StdoutLine: {'line': b'-- Installing: /workspaces/isaac_ros-dev/install/isaac_ros_apriltag_interfaces/share/isaac_ros_apriltag_interfaces/cmake/rosidl_cmake-extras.cmake\n'}
[16.951487] (isaac_ros_apriltag_interfaces) StdoutLine: {'line': b'-- Installing: /workspaces/isaac_ros-dev/install/isaac_ros_apriltag_interfaces/share/isaac_ros_apriltag_interfaces/cmake/ament_cmake_export_dependencies-extras.cmake\n'}
[16.951554] (isaac_ros_apriltag_interfaces) StdoutLine: {'line': b'-- Installing: /workspaces/isaac_ros-dev/install/isaac_ros_apriltag_interfaces/share/isaac_ros_apriltag_interfaces/cmake/ament_cmake_export_include_directories-extras.cmake\n'}
[16.951918] (isaac_ros_apriltag_interfaces) StdoutLine: {'line': b'-- Installing: /workspaces/isaac_ros-dev/install/isaac_ros_apriltag_interfaces/share/isaac_ros_apriltag_interfaces/cmake/ament_cmake_export_libraries-extras.cmake\n'}
[16.952123] (isaac_ros_apriltag_interfaces) StdoutLine: {'line': b'-- Installing: /workspaces/isaac_ros-dev/install/isaac_ros_apriltag_interfaces/share/isaac_ros_apriltag_interfaces/cmake/ament_cmake_export_targets-extras.cmake\n'}
[16.952204] (isaac_ros_apriltag_interfaces) StdoutLine: {'line': b'-- Installing: /workspaces/isaac_ros-dev/install/isaac_ros_apriltag_interfaces/share/isaac_ros_apriltag_interfaces/cmake/rosidl_cmake_export_typesupport_targets-extras.cmake\n'}
[16.952281] (isaac_ros_apriltag_interfaces) StdoutLine: {'line': b'-- Installing: /workspaces/isaac_ros-dev/install/isaac_ros_apriltag_interfaces/share/isaac_ros_apriltag_interfaces/cmake/rosidl_cmake_export_typesupport_libraries-extras.cmake\n'}
[16.952354] (isaac_ros_apriltag_interfaces) StdoutLine: {'line': b'-- Installing: /workspaces/isaac_ros-dev/install/isaac_ros_apriltag_interfaces/share/isaac_ros_apriltag_interfaces/cmake/isaac_ros_apriltag_interfacesConfig.cmake\n'}
[16.952866] (isaac_ros_apriltag_interfaces) StdoutLine: {'line': b'-- Installing: /workspaces/isaac_ros-dev/install/isaac_ros_apriltag_interfaces/share/isaac_ros_apriltag_interfaces/cmake/isaac_ros_apriltag_interfacesConfig-version.cmake\n'}
[16.953136] (isaac_ros_apriltag_interfaces) StdoutLine: {'line': b'-- Installing: /workspaces/isaac_ros-dev/install/isaac_ros_apriltag_interfaces/share/isaac_ros_apriltag_interfaces/package.xml\n'}
[16.953215] (isaac_ros_nova_interfaces) StdoutLine: {'line': b'-- Installing: /workspaces/isaac_ros-dev/install/isaac_ros_nova_interfaces/share/isaac_ros_nova_interfaces/cmake/export_isaac_ros_nova_interfaces__rosidl_typesupport_fastrtps_cppExport-release.cmake\n'}
[16.953292] (isaac_ros_nova_interfaces) StdoutLine: {'line': b'-- Installing: /workspaces/isaac_ros-dev/install/isaac_ros_nova_interfaces/share/isaac_ros_nova_interfaces/cmake/isaac_ros_nova_interfaces__rosidl_typesupport_introspection_cExport.cmake\n'}
[16.953369] (isaac_ros_nova_interfaces) StdoutLine: {'line': b'-- Installing: /workspaces/isaac_ros-dev/install/isaac_ros_nova_interfaces/share/isaac_ros_nova_interfaces/cmake/isaac_ros_nova_interfaces__rosidl_typesupport_introspection_cExport-release.cmake\n'}
[16.953526] (isaac_ros_nova_interfaces) StdoutLine: {'line': b'-- Installing: /workspaces/isaac_ros-dev/install/isaac_ros_nova_interfaces/share/isaac_ros_nova_interfaces/cmake/isaac_ros_nova_interfaces__rosidl_typesupport_cExport.cmake\n'}
[16.953815] (isaac_ros_nova_interfaces) StdoutLine: {'line': b'-- Installing: /workspaces/isaac_ros-dev/install/isaac_ros_nova_interfaces/share/isaac_ros_nova_interfaces/cmake/isaac_ros_nova_interfaces__rosidl_typesupport_cExport-release.cmake\n'}
[16.953903] (isaac_ros_nova_interfaces) StdoutLine: {'line': b'-- Installing: /workspaces/isaac_ros-dev/install/isaac_ros_nova_interfaces/share/isaac_ros_nova_interfaces/cmake/isaac_ros_nova_interfaces__rosidl_typesupport_introspection_cppExport.cmake\n'}
[16.953980] (isaac_ros_nova_interfaces) StdoutLine: {'line': b'-- Installing: /workspaces/isaac_ros-dev/install/isaac_ros_nova_interfaces/share/isaac_ros_nova_interfaces/cmake/isaac_ros_nova_interfaces__rosidl_typesupport_introspection_cppExport-release.cmake\n'}
[16.954059] (isaac_ros_nova_interfaces) StdoutLine: {'line': b'-- Installing: /workspaces/isaac_ros-dev/install/isaac_ros_nova_interfaces/share/isaac_ros_nova_interfaces/cmake/isaac_ros_nova_interfaces__rosidl_typesupport_cppExport.cmake\n'}
[16.954136] (isaac_ros_nova_interfaces) StdoutLine: {'line': b'-- Installing: /workspaces/isaac_ros-dev/install/isaac_ros_nova_interfaces/share/isaac_ros_nova_interfaces/cmake/isaac_ros_nova_interfaces__rosidl_typesupport_cppExport-release.cmake\n'}
[16.954208] (isaac_ros_nova_interfaces) StdoutLine: {'line': b'-- Installing: /workspaces/isaac_ros-dev/install/isaac_ros_nova_interfaces/share/isaac_ros_nova_interfaces/cmake/export_isaac_ros_nova_interfaces__rosidl_generator_pyExport.cmake\n'}
[16.954281] (isaac_ros_nova_interfaces) StdoutLine: {'line': b'-- Installing: /workspaces/isaac_ros-dev/install/isaac_ros_nova_interfaces/share/isaac_ros_nova_interfaces/cmake/export_isaac_ros_nova_interfaces__rosidl_generator_pyExport-release.cmake\n'}
[16.954353] (isaac_ros_nova_interfaces) StdoutLine: {'line': b'-- Installing: /workspaces/isaac_ros-dev/install/isaac_ros_nova_interfaces/share/isaac_ros_nova_interfaces/cmake/rosidl_cmake-extras.cmake\n'}
[16.954421] (isaac_ros_nova_interfaces) StdoutLine: {'line': b'-- Installing: /workspaces/isaac_ros-dev/install/isaac_ros_nova_interfaces/share/isaac_ros_nova_interfaces/cmake/ament_cmake_export_dependencies-extras.cmake\n'}
[16.954490] (isaac_ros_nova_interfaces) StdoutLine: {'line': b'-- Installing: /workspaces/isaac_ros-dev/install/isaac_ros_nova_interfaces/share/isaac_ros_nova_interfaces/cmake/ament_cmake_export_include_directories-extras.cmake\n'}
[16.954560] (isaac_ros_nova_interfaces) StdoutLine: {'line': b'-- Installing: /workspaces/isaac_ros-dev/install/isaac_ros_nova_interfaces/share/isaac_ros_nova_interfaces/cmake/ament_cmake_export_libraries-extras.cmake\n'}
[16.954640] (isaac_ros_nova_interfaces) StdoutLine: {'line': b'-- Installing: /workspaces/isaac_ros-dev/install/isaac_ros_nova_interfaces/share/isaac_ros_nova_interfaces/cmake/ament_cmake_export_targets-extras.cmake\n'}
[16.954714] (isaac_ros_nova_interfaces) StdoutLine: {'line': b'-- Installing: /workspaces/isaac_ros-dev/install/isaac_ros_nova_interfaces/share/isaac_ros_nova_interfaces/cmake/rosidl_cmake_export_typesupport_targets-extras.cmake\n'}
[16.954790] (isaac_ros_nova_interfaces) StdoutLine: {'line': b'-- Installing: /workspaces/isaac_ros-dev/install/isaac_ros_nova_interfaces/share/isaac_ros_nova_interfaces/cmake/rosidl_cmake_export_typesupport_libraries-extras.cmake\n'}
[16.954892] (isaac_ros_nova_interfaces) StdoutLine: {'line': b'-- Installing: /workspaces/isaac_ros-dev/install/isaac_ros_nova_interfaces/share/isaac_ros_nova_interfaces/cmake/isaac_ros_nova_interfacesConfig.cmake\n'}
[16.954969] (isaac_ros_nova_interfaces) StdoutLine: {'line': b'-- Installing: /workspaces/isaac_ros-dev/install/isaac_ros_nova_interfaces/share/isaac_ros_nova_interfaces/cmake/isaac_ros_nova_interfacesConfig-version.cmake\n'}
[16.955130] (isaac_ros_nova_interfaces) StdoutLine: {'line': b'-- Installing: /workspaces/isaac_ros-dev/install/isaac_ros_nova_interfaces/share/isaac_ros_nova_interfaces/package.xml\n'}
[17.002973] (-) TimerEvent: {}
[17.003977] (isaac_ros_apriltag_interfaces) CommandEnded: {'returncode': 0}
[17.070733] (isaac_ros_nova_interfaces) CommandEnded: {'returncode': 0}
[17.103060] (-) TimerEvent: {}
[17.140139] (isaac_ros_tensor_list_interfaces) JobProgress: {'identifier': 'isaac_ros_tensor_list_interfaces', 'progress': 'install'}
[17.142098] (isaac_ros_tensor_list_interfaces) Command: {'cmd': ['/usr/bin/cmake', '--install', '/workspaces/isaac_ros-dev/build/isaac_ros_tensor_list_interfaces'], 'cwd': '/workspaces/isaac_ros-dev/build/isaac_ros_tensor_list_interfaces', 'env': OrderedDict([('DALI_BUILD', '5838886'), ('LIBRARY_PATH', '/usr/local/cuda/lib64/stubs:'), ('PYTHONWARNINGS', 'ignore:::setuptools.command.install,ignore:::setuptools.command.easy_install,ignore:::pkg_resources'), ('USER', 'bantalemak'), ('TF_ADJUST_SATURATION_FUSED', '1'), ('JAVA_TOOL_OPTIONS', '-Dfile.encoding=UTF8'), ('CUSOLVER_VERSION', '11.4.1.48'), ('HOSTNAME', 'bantalemak-Legion-5-15ACH6'), ('CUTENSOR_VERSION', '1.6.1.5'), ('SHLVL', '2'), ('LD_LIBRARY_PATH', '/workspaces/isaac_ros-dev/install/isaac_ros_common/lib:/opt/ros/humble/opt/rviz_ogre_vendor/lib:/opt/ros/humble/lib/x86_64-linux-gnu:/opt/ros/humble/lib:/opt/tritonserver/backends/onnxruntime:/usr/local/cuda/compat/lib:/usr/local/nvidia/lib:/usr/local/nvidia/lib64:/opt/tritonserver/lib'), ('HOME', '/home/admin'), ('NVIDIA_TRITON_SERVER_VERSION', '22.09'), ('CUDA_CACHE_DISABLE', '1'), ('ROS_PYTHON_VERSION', '3'), ('CCACHE_UMASK', '000'), ('USER_UID', '1000'), ('ENV', '/etc/shinit_v2'), ('RDMACORE_VERSION', '36.0'), ('NVJPEG_VERSION', '11.9.0.86'), ('NVIDIA_BUILD_ID', '44909143'), ('CUDA_VERSION', '11.8.0.062'), ('CUBLAS_VERSION', '11.11.3.6'), ('NSIGHT_SYSTEMS_VERSION', '2022.3.1.43'), ('ROS_DISTRO', 'humble'), ('OPAL_PREFIX', '/opt/hpcx/ompi'), ('NVIDIA_REQUIRE_CUDA', 'cuda>=9.0'), ('TRT_VERSION', '8.5.0.12'), ('GDRCOPY_VERSION', '2.3'), ('_', '/usr/bin/colcon'), ('ROS_VERSION', '2'), ('NVIDIA_DRIVER_CAPABILITIES', 'all'), ('POLYGRAPHY_VERSION', '0.38.0'), ('CURAND_VERSION', '10.3.0.86'), ('MOFED_VERSION', '5.4-rdmacore36.0'), ('USERNAME', 'admin'), ('TERM', 'xterm'), ('ROS_LOCALHOST_ONLY', '0'), ('QT_X11_NO_MITSHM', '1'), ('PATH', '/opt/ros/humble/bin:/usr/lib/ccache:/opt/tritonserver/bin:/usr/local/mpi/bin:/usr/local/nvidia/bin:/usr/local/cuda/bin:/usr/local/sbin:/usr/local/bin:/usr/sbin:/usr/bin:/sbin:/bin:/usr/local/ucx/bin:/opt/nvidia/tao'), ('FASTRTPS_DEFAULT_PROFILES_FILE', '/usr/local/share/middleware_profiles/rtps_udp_profile.xml'), ('CUDA_DRIVER_VERSION', '520.61.03'), ('_CUDA_COMPAT_STATUS', 'System has unsupported display driver / cuda driver combination (CUDA_ERROR_SYSTEM_DRIVER_MISMATCH) cuInit()=803'), ('DISPLAY', ':1'), ('NVIDIA_PRODUCT_NAME', 'Triton Server'), ('LANG', 'C.UTF-8'), ('RMW_IMPLEMENTATION', 'rmw_fastrtps_cpp'), ('NPP_VERSION', '11.8.0.86'), ('ROS_ROOT', '/opt/ros/humble'), ('CUFFT_VERSION', '10.9.0.58'), ('TF_ENABLE_WINOGRAD_NONFUSED', '1'), ('AMENT_PREFIX_PATH', '/workspaces/isaac_ros-dev/install/isaac_ros_common:/opt/ros/humble'), ('CUDNN_VERSION', '8.6.0.163'), ('NSIGHT_COMPUTE_VERSION', '2022.3.0.22'), ('DALI_VERSION', '1.17.0'), ('DEBIAN_FRONTEND', 'noninteractive'), ('SHELL', '/bin/bash'), ('DCGM_VERSION', '2.2.9'), ('OPENMPI_VERSION', '4.1.4'), ('TRTOSS_VERSION', ''), ('OMPI_MCA_coll_hcoll_enable', '0'), ('CUSPARSE_VERSION', '11.7.5.86'), ('TRITON_SERVER_GPU_ENABLED', '1'), ('TRITON_SERVER_VERSION', '2.26.0'), ('BASH_ENV', '/etc/bash.bashrc'), ('PWD', '/workspaces/isaac_ros-dev/build/isaac_ros_tensor_list_interfaces'), ('LC_ALL', 'C.UTF-8'), ('PYTHONPATH', '/opt/ros/humble/lib/python3.8/site-packages'), ('_CUDA_COMPAT_PATH', '/usr/local/cuda/compat'), ('TRITON_SERVER_USER', 'triton-server'), ('TF_ADJUST_HUE_FUSED', '1'), ('NVIDIA_VISIBLE_DEVICES', 'all'), ('NCCL_VERSION', '2.15.1'), ('TZ', 'UTC'), ('USER_GID', '1000'), ('COLCON', '1'), ('OPENUCX_VERSION', '1.14.0'), ('HPCX_VERSION', '2.12.1a0'), ('SHARP_COLL_ENABLE_CUDA', '0'), ('TF_AUTOTUNE_THRESHOLD', '2'), ('CMAKE_PREFIX_PATH', '/workspaces/isaac_ros-dev/install/isaac_ros_common:/opt/ros/humble')]), 'shell': False}
[17.203197] (-) TimerEvent: {}
[17.222699] (isaac_ros_pointcloud_interfaces) JobEnded: {'identifier': 'isaac_ros_pointcloud_interfaces', 'rc': 0}
[17.224324] (isaac_ros_tensor_list_interfaces) StdoutLine: {'line': b'-- Install configuration: "Release"\n'}
[17.224448] (isaac_ros_tensor_list_interfaces) StdoutLine: {'line': b'-- Installing: /workspaces/isaac_ros-dev/install/isaac_ros_tensor_list_interfaces/share/ament_index/resource_index/rosidl_interfaces/isaac_ros_tensor_list_interfaces\n'}
[17.224630] (isaac_ros_tensor_list_interfaces) StdoutLine: {'line': b'-- Installing: /workspaces/isaac_ros-dev/install/isaac_ros_tensor_list_interfaces/include/isaac_ros_tensor_list_interfaces/isaac_ros_tensor_list_interfaces\n'}
[17.224724] (isaac_ros_tensor_list_interfaces) StdoutLine: {'line': b'-- Installing: /workspaces/isaac_ros-dev/install/isaac_ros_tensor_list_interfaces/include/isaac_ros_tensor_list_interfaces/isaac_ros_tensor_list_interfaces/msg\n'}
[17.224790] (isaac_ros_tensor_list_interfaces) StdoutLine: {'line': b'-- Installing: /workspaces/isaac_ros-dev/install/isaac_ros_tensor_list_interfaces/include/isaac_ros_tensor_list_interfaces/isaac_ros_tensor_list_interfaces/msg/tensor_list.h\n'}
[17.224868] (isaac_ros_tensor_list_interfaces) StdoutLine: {'line': b'-- Installing: /workspaces/isaac_ros-dev/install/isaac_ros_tensor_list_interfaces/include/isaac_ros_tensor_list_interfaces/isaac_ros_tensor_list_interfaces/msg/tensor_shape.h\n'}
[17.224978] (isaac_ros_tensor_list_interfaces) StdoutLine: {'line': b'-- Installing: /workspaces/isaac_ros-dev/install/isaac_ros_tensor_list_interfaces/include/isaac_ros_tensor_list_interfaces/isaac_ros_tensor_list_interfaces/msg/rosidl_generator_c__visibility_control.h\n'}
[17.225039] (isaac_ros_tensor_list_interfaces) StdoutLine: {'line': b'-- Installing: /workspaces/isaac_ros-dev/install/isaac_ros_tensor_list_interfaces/include/isaac_ros_tensor_list_interfaces/isaac_ros_tensor_list_interfaces/msg/tensor.h\n'}
[17.225094] (isaac_ros_tensor_list_interfaces) StdoutLine: {'line': b'-- Installing: /workspaces/isaac_ros-dev/install/isaac_ros_tensor_list_interfaces/include/isaac_ros_tensor_list_interfaces/isaac_ros_tensor_list_interfaces/msg/detail\n'}
[17.225157] (isaac_ros_tensor_list_interfaces) StdoutLine: {'line': b'-- Installing: /workspaces/isaac_ros-dev/install/isaac_ros_tensor_list_interfaces/include/isaac_ros_tensor_list_interfaces/isaac_ros_tensor_list_interfaces/msg/detail/tensor_shape__type_support.h\n'}
[17.225263] (isaac_ros_tensor_list_interfaces) StdoutLine: {'line': b'-- Installing: /workspaces/isaac_ros-dev/install/isaac_ros_tensor_list_interfaces/include/isaac_ros_tensor_list_interfaces/isaac_ros_tensor_list_interfaces/msg/detail/tensor_list__functions.c\n'}
[17.225459] (isaac_ros_tensor_list_interfaces) StdoutLine: {'line': b'-- Installing: /workspaces/isaac_ros-dev/install/isaac_ros_tensor_list_interfaces/include/isaac_ros_tensor_list_interfaces/isaac_ros_tensor_list_interfaces/msg/detail/tensor_list__struct.h\n'}
[17.225597] (isaac_ros_tensor_list_interfaces) StdoutLine: {'line': b'-- Installing: /workspaces/isaac_ros-dev/install/isaac_ros_tensor_list_interfaces/include/isaac_ros_tensor_list_interfaces/isaac_ros_tensor_list_interfaces/msg/detail/tensor_shape__struct.h\n'}
[17.225656] (isaac_ros_tensor_list_interfaces) StdoutLine: {'line': b'-- Installing: /workspaces/isaac_ros-dev/install/isaac_ros_tensor_list_interfaces/include/isaac_ros_tensor_list_interfaces/isaac_ros_tensor_list_interfaces/msg/detail/tensor_shape__functions.c\n'}
[17.225720] (isaac_ros_tensor_list_interfaces) StdoutLine: {'line': b'-- Installing: /workspaces/isaac_ros-dev/install/isaac_ros_tensor_list_interfaces/include/isaac_ros_tensor_list_interfaces/isaac_ros_tensor_list_interfaces/msg/detail/tensor_list__type_support.h\n'}
[17.225775] (isaac_ros_tensor_list_interfaces) StdoutLine: {'line': b'-- Installing: /workspaces/isaac_ros-dev/install/isaac_ros_tensor_list_interfaces/include/isaac_ros_tensor_list_interfaces/isaac_ros_tensor_list_interfaces/msg/detail/tensor__type_support.h\n'}
[17.226142] (isaac_ros_tensor_list_interfaces) StdoutLine: {'line': b'-- Installing: /workspaces/isaac_ros-dev/install/isaac_ros_tensor_list_interfaces/include/isaac_ros_tensor_list_interfaces/isaac_ros_tensor_list_interfaces/msg/detail/tensor__struct.h\n'}
[17.226231] (isaac_ros_tensor_list_interfaces) StdoutLine: {'line': b'-- Installing: /workspaces/isaac_ros-dev/install/isaac_ros_tensor_list_interfaces/include/isaac_ros_tensor_list_interfaces/isaac_ros_tensor_list_interfaces/msg/detail/tensor__functions.h\n'}
[17.226305] (isaac_ros_tensor_list_interfaces) StdoutLine: {'line': b'-- Installing: /workspaces/isaac_ros-dev/install/isaac_ros_tensor_list_interfaces/include/isaac_ros_tensor_list_interfaces/isaac_ros_tensor_list_interfaces/msg/detail/tensor__functions.c\n'}
[17.226373] (isaac_ros_tensor_list_interfaces) StdoutLine: {'line': b'-- Installing: /workspaces/isaac_ros-dev/install/isaac_ros_tensor_list_interfaces/include/isaac_ros_tensor_list_interfaces/isaac_ros_tensor_list_interfaces/msg/detail/tensor_list__functions.h\n'}
[17.226460] (isaac_ros_tensor_list_interfaces) StdoutLine: {'line': b'-- Installing: /workspaces/isaac_ros-dev/install/isaac_ros_tensor_list_interfaces/include/isaac_ros_tensor_list_interfaces/isaac_ros_tensor_list_interfaces/msg/detail/tensor_shape__functions.h\n'}
[17.226535] (isaac_ros_tensor_list_interfaces) StdoutLine: {'line': b'-- Installing: /workspaces/isaac_ros-dev/install/isaac_ros_tensor_list_interfaces/share/isaac_ros_tensor_list_interfaces/environment/library_path.sh\n'}
[17.226640] (isaac_ros_tensor_list_interfaces) StdoutLine: {'line': b'-- Installing: /workspaces/isaac_ros-dev/install/isaac_ros_tensor_list_interfaces/share/isaac_ros_tensor_list_interfaces/environment/library_path.dsv\n'}
[17.226714] (isaac_ros_tensor_list_interfaces) StdoutLine: {'line': b'-- Installing: /workspaces/isaac_ros-dev/install/isaac_ros_tensor_list_interfaces/lib/libisaac_ros_tensor_list_interfaces__rosidl_generator_c.so\n'}
[17.226780] (isaac_ros_tensor_list_interfaces) StdoutLine: {'line': b'-- Set runtime path of "/workspaces/isaac_ros-dev/install/isaac_ros_tensor_list_interfaces/lib/libisaac_ros_tensor_list_interfaces__rosidl_generator_c.so" to ""\n'}
[17.226854] (isaac_ros_tensor_list_interfaces) StdoutLine: {'line': b'-- Up-to-date: /workspaces/isaac_ros-dev/install/isaac_ros_tensor_list_interfaces/include/isaac_ros_tensor_list_interfaces/isaac_ros_tensor_list_interfaces\n'}
[17.226917] (isaac_ros_tensor_list_interfaces) StdoutLine: {'line': b'-- Up-to-date: /workspaces/isaac_ros-dev/install/isaac_ros_tensor_list_interfaces/include/isaac_ros_tensor_list_interfaces/isaac_ros_tensor_list_interfaces/msg\n'}
[17.226972] (isaac_ros_tensor_list_interfaces) StdoutLine: {'line': b'-- Installing: /workspaces/isaac_ros-dev/install/isaac_ros_tensor_list_interfaces/include/isaac_ros_tensor_list_interfaces/isaac_ros_tensor_list_interfaces/msg/rosidl_typesupport_fastrtps_c__visibility_control.h\n'}
[17.227160] (isaac_ros_tensor_list_interfaces) StdoutLine: {'line': b'-- Up-to-date: /workspaces/isaac_ros-dev/install/isaac_ros_tensor_list_interfaces/include/isaac_ros_tensor_list_interfaces/isaac_ros_tensor_list_interfaces/msg/detail\n'}
[17.227226] (isaac_ros_tensor_list_interfaces) StdoutLine: {'line': b'-- Installing: /workspaces/isaac_ros-dev/install/isaac_ros_tensor_list_interfaces/include/isaac_ros_tensor_list_interfaces/isaac_ros_tensor_list_interfaces/msg/detail/tensor_list__rosidl_typesupport_fastrtps_c.h\n'}
[17.227292] (isaac_ros_tensor_list_interfaces) StdoutLine: {'line': b'-- Installing: /workspaces/isaac_ros-dev/install/isaac_ros_tensor_list_interfaces/include/isaac_ros_tensor_list_interfaces/isaac_ros_tensor_list_interfaces/msg/detail/tensor__rosidl_typesupport_fastrtps_c.h\n'}
[17.227354] (isaac_ros_tensor_list_interfaces) StdoutLine: {'line': b'-- Installing: /workspaces/isaac_ros-dev/install/isaac_ros_tensor_list_interfaces/include/isaac_ros_tensor_list_interfaces/isaac_ros_tensor_list_interfaces/msg/detail/tensor_shape__rosidl_typesupport_fastrtps_c.h\n'}
[17.227421] (isaac_ros_tensor_list_interfaces) StdoutLine: {'line': b'-- Installing: /workspaces/isaac_ros-dev/install/isaac_ros_tensor_list_interfaces/lib/libisaac_ros_tensor_list_interfaces__rosidl_typesupport_fastrtps_c.so\n'}
[17.227488] (isaac_ros_tensor_list_interfaces) StdoutLine: {'line': b'-- Set runtime path of "/workspaces/isaac_ros-dev/install/isaac_ros_tensor_list_interfaces/lib/libisaac_ros_tensor_list_interfaces__rosidl_typesupport_fastrtps_c.so" to ""\n'}
[17.227546] (isaac_ros_tensor_list_interfaces) StdoutLine: {'line': b'-- Up-to-date: /workspaces/isaac_ros-dev/install/isaac_ros_tensor_list_interfaces/include/isaac_ros_tensor_list_interfaces/isaac_ros_tensor_list_interfaces\n'}
[17.227612] (isaac_ros_tensor_list_interfaces) StdoutLine: {'line': b'-- Up-to-date: /workspaces/isaac_ros-dev/install/isaac_ros_tensor_list_interfaces/include/isaac_ros_tensor_list_interfaces/isaac_ros_tensor_list_interfaces/msg\n'}
[17.227678] (isaac_ros_tensor_list_interfaces) StdoutLine: {'line': b'-- Installing: /workspaces/isaac_ros-dev/install/isaac_ros_tensor_list_interfaces/include/isaac_ros_tensor_list_interfaces/isaac_ros_tensor_list_interfaces/msg/tensor_list.hpp\n'}
[17.227743] (isaac_ros_tensor_list_interfaces) StdoutLine: {'line': b'-- Installing: /workspaces/isaac_ros-dev/install/isaac_ros_tensor_list_interfaces/include/isaac_ros_tensor_list_interfaces/isaac_ros_tensor_list_interfaces/msg/tensor_shape.hpp\n'}
[17.227815] (isaac_ros_tensor_list_interfaces) StdoutLine: {'line': b'-- Up-to-date: /workspaces/isaac_ros-dev/install/isaac_ros_tensor_list_interfaces/include/isaac_ros_tensor_list_interfaces/isaac_ros_tensor_list_interfaces/msg/detail\n'}
[17.227903] (isaac_ros_tensor_list_interfaces) StdoutLine: {'line': b'-- Installing: /workspaces/isaac_ros-dev/install/isaac_ros_tensor_list_interfaces/include/isaac_ros_tensor_list_interfaces/isaac_ros_tensor_list_interfaces/msg/detail/tensor_shape__struct.hpp\n'}
[17.227973] (isaac_ros_tensor_list_interfaces) StdoutLine: {'line': b'-- Installing: /workspaces/isaac_ros-dev/install/isaac_ros_tensor_list_interfaces/include/isaac_ros_tensor_list_interfaces/isaac_ros_tensor_list_interfaces/msg/detail/tensor_list__traits.hpp\n'}
[17.228032] (isaac_ros_tensor_list_interfaces) StdoutLine: {'line': b'-- Installing: /workspaces/isaac_ros-dev/install/isaac_ros_tensor_list_interfaces/include/isaac_ros_tensor_list_interfaces/isaac_ros_tensor_list_interfaces/msg/detail/tensor_shape__builder.hpp\n'}
[17.228098] (isaac_ros_tensor_list_interfaces) StdoutLine: {'line': b'-- Installing: /workspaces/isaac_ros-dev/install/isaac_ros_tensor_list_interfaces/include/isaac_ros_tensor_list_interfaces/isaac_ros_tensor_list_interfaces/msg/detail/tensor_shape__traits.hpp\n'}
[17.228164] (isaac_ros_tensor_list_interfaces) StdoutLine: {'line': b'-- Installing: /workspaces/isaac_ros-dev/install/isaac_ros_tensor_list_interfaces/include/isaac_ros_tensor_list_interfaces/isaac_ros_tensor_list_interfaces/msg/detail/tensor_list__builder.hpp\n'}
[17.228289] (isaac_ros_tensor_list_interfaces) StdoutLine: {'line': b'-- Installing: /workspaces/isaac_ros-dev/install/isaac_ros_tensor_list_interfaces/include/isaac_ros_tensor_list_interfaces/isaac_ros_tensor_list_interfaces/msg/detail/tensor__builder.hpp\n'}
[17.228368] (isaac_ros_tensor_list_interfaces) StdoutLine: {'line': b'-- Installing: /workspaces/isaac_ros-dev/install/isaac_ros_tensor_list_interfaces/include/isaac_ros_tensor_list_interfaces/isaac_ros_tensor_list_interfaces/msg/detail/tensor_list__struct.hpp\n'}
[17.228436] (isaac_ros_tensor_list_interfaces) StdoutLine: {'line': b'-- Installing: /workspaces/isaac_ros-dev/install/isaac_ros_tensor_list_interfaces/include/isaac_ros_tensor_list_interfaces/isaac_ros_tensor_list_interfaces/msg/detail/tensor__traits.hpp\n'}
[17.228503] (isaac_ros_tensor_list_interfaces) StdoutLine: {'line': b'-- Installing: /workspaces/isaac_ros-dev/install/isaac_ros_tensor_list_interfaces/include/isaac_ros_tensor_list_interfaces/isaac_ros_tensor_list_interfaces/msg/detail/tensor__struct.hpp\n'}
[17.228569] (isaac_ros_tensor_list_interfaces) StdoutLine: {'line': b'-- Installing: /workspaces/isaac_ros-dev/install/isaac_ros_tensor_list_interfaces/include/isaac_ros_tensor_list_interfaces/isaac_ros_tensor_list_interfaces/msg/tensor.hpp\n'}
[17.228636] (isaac_ros_tensor_list_interfaces) StdoutLine: {'line': b'-- Up-to-date: /workspaces/isaac_ros-dev/install/isaac_ros_tensor_list_interfaces/include/isaac_ros_tensor_list_interfaces/isaac_ros_tensor_list_interfaces\n'}
[17.228705] (isaac_ros_tensor_list_interfaces) StdoutLine: {'line': b'-- Up-to-date: /workspaces/isaac_ros-dev/install/isaac_ros_tensor_list_interfaces/include/isaac_ros_tensor_list_interfaces/isaac_ros_tensor_list_interfaces/msg\n'}
[17.228772] (isaac_ros_tensor_list_interfaces) StdoutLine: {'line': b'-- Installing: /workspaces/isaac_ros-dev/install/isaac_ros_tensor_list_interfaces/include/isaac_ros_tensor_list_interfaces/isaac_ros_tensor_list_interfaces/msg/rosidl_typesupport_fastrtps_cpp__visibility_control.h\n'}
[17.228854] (isaac_ros_tensor_list_interfaces) StdoutLine: {'line': b'-- Up-to-date: /workspaces/isaac_ros-dev/install/isaac_ros_tensor_list_interfaces/include/isaac_ros_tensor_list_interfaces/isaac_ros_tensor_list_interfaces/msg/detail\n'}
[17.228918] (isaac_ros_tensor_list_interfaces) StdoutLine: {'line': b'-- Installing: /workspaces/isaac_ros-dev/install/isaac_ros_tensor_list_interfaces/include/isaac_ros_tensor_list_interfaces/isaac_ros_tensor_list_interfaces/msg/detail/tensor_list__rosidl_typesupport_fastrtps_cpp.hpp\n'}
[17.228986] (isaac_ros_tensor_list_interfaces) StdoutLine: {'line': b'-- Installing: /workspaces/isaac_ros-dev/install/isaac_ros_tensor_list_interfaces/include/isaac_ros_tensor_list_interfaces/isaac_ros_tensor_list_interfaces/msg/detail/tensor__rosidl_typesupport_fastrtps_cpp.hpp\n'}
[17.229055] (isaac_ros_tensor_list_interfaces) StdoutLine: {'line': b'-- Installing: /workspaces/isaac_ros-dev/install/isaac_ros_tensor_list_interfaces/include/isaac_ros_tensor_list_interfaces/isaac_ros_tensor_list_interfaces/msg/detail/tensor_shape__rosidl_typesupport_fastrtps_cpp.hpp\n'}
[17.229122] (isaac_ros_tensor_list_interfaces) StdoutLine: {'line': b'-- Installing: /workspaces/isaac_ros-dev/install/isaac_ros_tensor_list_interfaces/include/isaac_ros_tensor_list_interfaces/isaac_ros_tensor_list_interfaces/msg/detail/dds_fastrtps\n'}
[17.229186] (isaac_ros_tensor_list_interfaces) StdoutLine: {'line': b'-- Installing: /workspaces/isaac_ros-dev/install/isaac_ros_tensor_list_interfaces/lib/libisaac_ros_tensor_list_interfaces__rosidl_typesupport_fastrtps_cpp.so\n'}
[17.229243] (isaac_ros_tensor_list_interfaces) StdoutLine: {'line': b'-- Set runtime path of "/workspaces/isaac_ros-dev/install/isaac_ros_tensor_list_interfaces/lib/libisaac_ros_tensor_list_interfaces__rosidl_typesupport_fastrtps_cpp.so" to ""\n'}
[17.229385] (isaac_ros_tensor_list_interfaces) StdoutLine: {'line': b'-- Up-to-date: /workspaces/isaac_ros-dev/install/isaac_ros_tensor_list_interfaces/include/isaac_ros_tensor_list_interfaces/isaac_ros_tensor_list_interfaces\n'}
[17.229453] (isaac_ros_tensor_list_interfaces) StdoutLine: {'line': b'-- Up-to-date: /workspaces/isaac_ros-dev/install/isaac_ros_tensor_list_interfaces/include/isaac_ros_tensor_list_interfaces/isaac_ros_tensor_list_interfaces/msg\n'}
[17.229510] (isaac_ros_tensor_list_interfaces) StdoutLine: {'line': b'-- Installing: /workspaces/isaac_ros-dev/install/isaac_ros_tensor_list_interfaces/include/isaac_ros_tensor_list_interfaces/isaac_ros_tensor_list_interfaces/msg/rosidl_typesupport_introspection_c__visibility_control.h\n'}
[17.229576] (isaac_ros_tensor_list_interfaces) StdoutLine: {'line': b'-- Up-to-date: /workspaces/isaac_ros-dev/install/isaac_ros_tensor_list_interfaces/include/isaac_ros_tensor_list_interfaces/isaac_ros_tensor_list_interfaces/msg/detail\n'}
[17.229643] (isaac_ros_tensor_list_interfaces) StdoutLine: {'line': b'-- Installing: /workspaces/isaac_ros-dev/install/isaac_ros_tensor_list_interfaces/include/isaac_ros_tensor_list_interfaces/isaac_ros_tensor_list_interfaces/msg/detail/tensor__type_support.c\n'}
[17.229700] (isaac_ros_tensor_list_interfaces) StdoutLine: {'line': b'-- Installing: /workspaces/isaac_ros-dev/install/isaac_ros_tensor_list_interfaces/include/isaac_ros_tensor_list_interfaces/isaac_ros_tensor_list_interfaces/msg/detail/tensor_list__rosidl_typesupport_introspection_c.h\n'}
[17.229780] (isaac_ros_tensor_list_interfaces) StdoutLine: {'line': b'-- Installing: /workspaces/isaac_ros-dev/install/isaac_ros_tensor_list_interfaces/include/isaac_ros_tensor_list_interfaces/isaac_ros_tensor_list_interfaces/msg/detail/tensor_shape__rosidl_typesupport_introspection_c.h\n'}
[17.229906] (isaac_ros_tensor_list_interfaces) StdoutLine: {'line': b'-- Installing: /workspaces/isaac_ros-dev/install/isaac_ros_tensor_list_interfaces/include/isaac_ros_tensor_list_interfaces/isaac_ros_tensor_list_interfaces/msg/detail/tensor__rosidl_typesupport_introspection_c.h\n'}
[17.229987] (isaac_ros_tensor_list_interfaces) StdoutLine: {'line': b'-- Installing: /workspaces/isaac_ros-dev/install/isaac_ros_tensor_list_interfaces/include/isaac_ros_tensor_list_interfaces/isaac_ros_tensor_list_interfaces/msg/detail/tensor_shape__type_support.c\n'}
[17.230060] (isaac_ros_tensor_list_interfaces) StdoutLine: {'line': b'-- Installing: /workspaces/isaac_ros-dev/install/isaac_ros_tensor_list_interfaces/include/isaac_ros_tensor_list_interfaces/isaac_ros_tensor_list_interfaces/msg/detail/tensor_list__type_support.c\n'}
[17.230169] (isaac_ros_tensor_list_interfaces) StdoutLine: {'line': b'-- Installing: /workspaces/isaac_ros-dev/install/isaac_ros_tensor_list_interfaces/lib/libisaac_ros_tensor_list_interfaces__rosidl_typesupport_introspection_c.so\n'}
[17.230325] (isaac_ros_tensor_list_interfaces) StdoutLine: {'line': b'-- Set runtime path of "/workspaces/isaac_ros-dev/install/isaac_ros_tensor_list_interfaces/lib/libisaac_ros_tensor_list_interfaces__rosidl_typesupport_introspection_c.so" to ""\n'}
[17.230448] (isaac_ros_tensor_list_interfaces) StdoutLine: {'line': b'-- Installing: /workspaces/isaac_ros-dev/install/isaac_ros_tensor_list_interfaces/lib/libisaac_ros_tensor_list_interfaces__rosidl_typesupport_c.so\n'}
[17.230523] (isaac_ros_tensor_list_interfaces) StdoutLine: {'line': b'-- Set runtime path of "/workspaces/isaac_ros-dev/install/isaac_ros_tensor_list_interfaces/lib/libisaac_ros_tensor_list_interfaces__rosidl_typesupport_c.so" to ""\n'}
[17.230579] (isaac_ros_tensor_list_interfaces) StdoutLine: {'line': b'-- Up-to-date: /workspaces/isaac_ros-dev/install/isaac_ros_tensor_list_interfaces/include/isaac_ros_tensor_list_interfaces/isaac_ros_tensor_list_interfaces\n'}
[17.230659] (isaac_ros_tensor_list_interfaces) StdoutLine: {'line': b'-- Up-to-date: /workspaces/isaac_ros-dev/install/isaac_ros_tensor_list_interfaces/include/isaac_ros_tensor_list_interfaces/isaac_ros_tensor_list_interfaces/msg\n'}
[17.230720] (isaac_ros_tensor_list_interfaces) StdoutLine: {'line': b'-- Up-to-date: /workspaces/isaac_ros-dev/install/isaac_ros_tensor_list_interfaces/include/isaac_ros_tensor_list_interfaces/isaac_ros_tensor_list_interfaces/msg/detail\n'}
[17.230925] (isaac_ros_tensor_list_interfaces) StdoutLine: {'line': b'-- Installing: /workspaces/isaac_ros-dev/install/isaac_ros_tensor_list_interfaces/include/isaac_ros_tensor_list_interfaces/isaac_ros_tensor_list_interfaces/msg/detail/tensor_shape__rosidl_typesupport_introspection_cpp.hpp\n'}
[17.230992] (isaac_ros_tensor_list_interfaces) StdoutLine: {'line': b'-- Installing: /workspaces/isaac_ros-dev/install/isaac_ros_tensor_list_interfaces/include/isaac_ros_tensor_list_interfaces/isaac_ros_tensor_list_interfaces/msg/detail/tensor_list__rosidl_typesupport_introspection_cpp.hpp\n'}
[17.231078] (isaac_ros_tensor_list_interfaces) StdoutLine: {'line': b'-- Installing: /workspaces/isaac_ros-dev/install/isaac_ros_tensor_list_interfaces/include/isaac_ros_tensor_list_interfaces/isaac_ros_tensor_list_interfaces/msg/detail/tensor__rosidl_typesupport_introspection_cpp.hpp\n'}
[17.231173] (isaac_ros_tensor_list_interfaces) StdoutLine: {'line': b'-- Installing: /workspaces/isaac_ros-dev/install/isaac_ros_tensor_list_interfaces/include/isaac_ros_tensor_list_interfaces/isaac_ros_tensor_list_interfaces/msg/detail/tensor__type_support.cpp\n'}
[17.231303] (isaac_ros_tensor_list_interfaces) StdoutLine: {'line': b'-- Installing: /workspaces/isaac_ros-dev/install/isaac_ros_tensor_list_interfaces/include/isaac_ros_tensor_list_interfaces/isaac_ros_tensor_list_interfaces/msg/detail/tensor_list__type_support.cpp\n'}
[17.231404] (isaac_ros_tensor_list_interfaces) StdoutLine: {'line': b'-- Installing: /workspaces/isaac_ros-dev/install/isaac_ros_tensor_list_interfaces/include/isaac_ros_tensor_list_interfaces/isaac_ros_tensor_list_interfaces/msg/detail/tensor_shape__type_support.cpp\n'}
[17.231596] (isaac_ros_tensor_list_interfaces) StdoutLine: {'line': b'-- Installing: /workspaces/isaac_ros-dev/install/isaac_ros_tensor_list_interfaces/lib/libisaac_ros_tensor_list_interfaces__rosidl_typesupport_introspection_cpp.so\n'}
[17.231672] (isaac_ros_tensor_list_interfaces) StdoutLine: {'line': b'-- Set runtime path of "/workspaces/isaac_ros-dev/install/isaac_ros_tensor_list_interfaces/lib/libisaac_ros_tensor_list_interfaces__rosidl_typesupport_introspection_cpp.so" to ""\n'}
[17.231727] (isaac_ros_tensor_list_interfaces) StdoutLine: {'line': b'-- Installing: /workspaces/isaac_ros-dev/install/isaac_ros_tensor_list_interfaces/lib/libisaac_ros_tensor_list_interfaces__rosidl_typesupport_cpp.so\n'}
[17.231885] (isaac_ros_tensor_list_interfaces) StdoutLine: {'line': b'-- Set runtime path of "/workspaces/isaac_ros-dev/install/isaac_ros_tensor_list_interfaces/lib/libisaac_ros_tensor_list_interfaces__rosidl_typesupport_cpp.so" to ""\n'}
[17.231951] (isaac_ros_tensor_list_interfaces) StdoutLine: {'line': b'-- Installing: /workspaces/isaac_ros-dev/install/isaac_ros_tensor_list_interfaces/share/isaac_ros_tensor_list_interfaces/environment/pythonpath.sh\n'}
[17.232032] (isaac_ros_tensor_list_interfaces) StdoutLine: {'line': b'-- Installing: /workspaces/isaac_ros-dev/install/isaac_ros_tensor_list_interfaces/share/isaac_ros_tensor_list_interfaces/environment/pythonpath.dsv\n'}
[17.232139] (isaac_ros_tensor_list_interfaces) StdoutLine: {'line': b'-- Installing: /workspaces/isaac_ros-dev/install/isaac_ros_tensor_list_interfaces/lib/python3.8/site-packages/isaac_ros_tensor_list_interfaces-2.1.0-py3.8.egg-info\n'}
[17.232202] (isaac_ros_tensor_list_interfaces) StdoutLine: {'line': b'-- Installing: /workspaces/isaac_ros-dev/install/isaac_ros_tensor_list_interfaces/lib/python3.8/site-packages/isaac_ros_tensor_list_interfaces-2.1.0-py3.8.egg-info/dependency_links.txt\n'}
[17.232262] (isaac_ros_tensor_list_interfaces) StdoutLine: {'line': b'-- Installing: /workspaces/isaac_ros-dev/install/isaac_ros_tensor_list_interfaces/lib/python3.8/site-packages/isaac_ros_tensor_list_interfaces-2.1.0-py3.8.egg-info/top_level.txt\n'}
[17.232410] (isaac_ros_tensor_list_interfaces) StdoutLine: {'line': b'-- Installing: /workspaces/isaac_ros-dev/install/isaac_ros_tensor_list_interfaces/lib/python3.8/site-packages/isaac_ros_tensor_list_interfaces-2.1.0-py3.8.egg-info/SOURCES.txt\n'}
[17.232472] (isaac_ros_tensor_list_interfaces) StdoutLine: {'line': b'-- Installing: /workspaces/isaac_ros-dev/install/isaac_ros_tensor_list_interfaces/lib/python3.8/site-packages/isaac_ros_tensor_list_interfaces-2.1.0-py3.8.egg-info/PKG-INFO\n'}
[17.232546] (isaac_ros_tensor_list_interfaces) StdoutLine: {'line': b'-- Installing: /workspaces/isaac_ros-dev/install/isaac_ros_tensor_list_interfaces/lib/python3.8/site-packages/isaac_ros_tensor_list_interfaces\n'}
[17.232620] (isaac_ros_tensor_list_interfaces) StdoutLine: {'line': b'-- Installing: /workspaces/isaac_ros-dev/install/isaac_ros_tensor_list_interfaces/lib/python3.8/site-packages/isaac_ros_tensor_list_interfaces/isaac_ros_tensor_list_interfaces_s__rosidl_typesupport_fastrtps_c.cpython-38-x86_64-linux-gnu.so\n'}
[17.232684] (isaac_ros_tensor_list_interfaces) StdoutLine: {'line': b'-- Installing: /workspaces/isaac_ros-dev/install/isaac_ros_tensor_list_interfaces/lib/python3.8/site-packages/isaac_ros_tensor_list_interfaces/isaac_ros_tensor_list_interfaces_s__rosidl_typesupport_introspection_c.cpython-38-x86_64-linux-gnu.so\n'}
[17.232743] (isaac_ros_tensor_list_interfaces) StdoutLine: {'line': b'-- Installing: /workspaces/isaac_ros-dev/install/isaac_ros_tensor_list_interfaces/lib/python3.8/site-packages/isaac_ros_tensor_list_interfaces/_isaac_ros_tensor_list_interfaces_s.ep.rosidl_typesupport_introspection_c.c\n'}
[17.232849] (isaac_ros_tensor_list_interfaces) StdoutLine: {'line': b'-- Installing: /workspaces/isaac_ros-dev/install/isaac_ros_tensor_list_interfaces/lib/python3.8/site-packages/isaac_ros_tensor_list_interfaces/_isaac_ros_tensor_list_interfaces_s.ep.rosidl_typesupport_c.c\n'}
[17.232911] (isaac_ros_tensor_list_interfaces) StdoutLine: {'line': b'-- Installing: /workspaces/isaac_ros-dev/install/isaac_ros_tensor_list_interfaces/lib/python3.8/site-packages/isaac_ros_tensor_list_interfaces/__init__.py\n'}
[17.232973] (isaac_ros_tensor_list_interfaces) StdoutLine: {'line': b'-- Installing: /workspaces/isaac_ros-dev/install/isaac_ros_tensor_list_interfaces/lib/python3.8/site-packages/isaac_ros_tensor_list_interfaces/_isaac_ros_tensor_list_interfaces_s.ep.rosidl_typesupport_fastrtps_c.c\n'}
[17.233037] (isaac_ros_tensor_list_interfaces) StdoutLine: {'line': b'-- Installing: /workspaces/isaac_ros-dev/install/isaac_ros_tensor_list_interfaces/lib/python3.8/site-packages/isaac_ros_tensor_list_interfaces/isaac_ros_tensor_list_interfaces_s__rosidl_typesupport_c.cpython-38-x86_64-linux-gnu.so\n'}
[17.233097] (isaac_ros_tensor_list_interfaces) StdoutLine: {'line': b'-- Installing: /workspaces/isaac_ros-dev/install/isaac_ros_tensor_list_interfaces/lib/python3.8/site-packages/isaac_ros_tensor_list_interfaces/libisaac_ros_tensor_list_interfaces__rosidl_generator_py.so\n'}
[17.233156] (isaac_ros_tensor_list_interfaces) StdoutLine: {'line': b'-- Installing: /workspaces/isaac_ros-dev/install/isaac_ros_tensor_list_interfaces/lib/python3.8/site-packages/isaac_ros_tensor_list_interfaces/msg\n'}
[17.233215] (isaac_ros_tensor_list_interfaces) StdoutLine: {'line': b'-- Installing: /workspaces/isaac_ros-dev/install/isaac_ros_tensor_list_interfaces/lib/python3.8/site-packages/isaac_ros_tensor_list_interfaces/msg/_tensor_shape_s.c\n'}
[17.233273] (isaac_ros_tensor_list_interfaces) StdoutLine: {'line': b'-- Installing: /workspaces/isaac_ros-dev/install/isaac_ros_tensor_list_interfaces/lib/python3.8/site-packages/isaac_ros_tensor_list_interfaces/msg/_tensor.py\n'}
[17.233385] (isaac_ros_tensor_list_interfaces) StdoutLine: {'line': b'-- Installing: /workspaces/isaac_ros-dev/install/isaac_ros_tensor_list_interfaces/lib/python3.8/site-packages/isaac_ros_tensor_list_interfaces/msg/_tensor_list_s.c\n'}
[17.233446] (isaac_ros_tensor_list_interfaces) StdoutLine: {'line': b'-- Installing: /workspaces/isaac_ros-dev/install/isaac_ros_tensor_list_interfaces/lib/python3.8/site-packages/isaac_ros_tensor_list_interfaces/msg/_tensor_shape.py\n'}
[17.233550] (isaac_ros_tensor_list_interfaces) StdoutLine: {'line': b'-- Installing: /workspaces/isaac_ros-dev/install/isaac_ros_tensor_list_interfaces/lib/python3.8/site-packages/isaac_ros_tensor_list_interfaces/msg/_tensor_s.c\n'}
[17.233614] (isaac_ros_tensor_list_interfaces) StdoutLine: {'line': b'-- Installing: /workspaces/isaac_ros-dev/install/isaac_ros_tensor_list_interfaces/lib/python3.8/site-packages/isaac_ros_tensor_list_interfaces/msg/__init__.py\n'}
[17.233673] (isaac_ros_tensor_list_interfaces) StdoutLine: {'line': b'-- Installing: /workspaces/isaac_ros-dev/install/isaac_ros_tensor_list_interfaces/lib/python3.8/site-packages/isaac_ros_tensor_list_interfaces/msg/_tensor_list.py\n'}
[17.255884] (isaac_ros_tensor_list_interfaces) StdoutLine: {'line': b"Listing '/workspaces/isaac_ros-dev/install/isaac_ros_tensor_list_interfaces/lib/python3.8/site-packages/isaac_ros_tensor_list_interfaces'...\n"}
[17.256082] (isaac_ros_tensor_list_interfaces) StdoutLine: {'line': b"Compiling '/workspaces/isaac_ros-dev/install/isaac_ros_tensor_list_interfaces/lib/python3.8/site-packages/isaac_ros_tensor_list_interfaces/__init__.py'...\n"}
[17.256156] (isaac_ros_tensor_list_interfaces) StdoutLine: {'line': b"Listing '/workspaces/isaac_ros-dev/install/isaac_ros_tensor_list_interfaces/lib/python3.8/site-packages/isaac_ros_tensor_list_interfaces/msg'...\n"}
[17.256222] (isaac_ros_tensor_list_interfaces) StdoutLine: {'line': b"Compiling '/workspaces/isaac_ros-dev/install/isaac_ros_tensor_list_interfaces/lib/python3.8/site-packages/isaac_ros_tensor_list_interfaces/msg/__init__.py'...\n"}
[17.256287] (isaac_ros_tensor_list_interfaces) StdoutLine: {'line': b"Compiling '/workspaces/isaac_ros-dev/install/isaac_ros_tensor_list_interfaces/lib/python3.8/site-packages/isaac_ros_tensor_list_interfaces/msg/_tensor.py'...\n"}
[17.256426] (isaac_ros_tensor_list_interfaces) StdoutLine: {'line': b"Compiling '/workspaces/isaac_ros-dev/install/isaac_ros_tensor_list_interfaces/lib/python3.8/site-packages/isaac_ros_tensor_list_interfaces/msg/_tensor_list.py'...\n"}
[17.256534] (isaac_ros_tensor_list_interfaces) StdoutLine: {'line': b"Compiling '/workspaces/isaac_ros-dev/install/isaac_ros_tensor_list_interfaces/lib/python3.8/site-packages/isaac_ros_tensor_list_interfaces/msg/_tensor_shape.py'...\n"}
[17.259373] (isaac_ros_tensor_list_interfaces) StdoutLine: {'line': b'-- Installing: /workspaces/isaac_ros-dev/install/isaac_ros_tensor_list_interfaces/lib/python3.8/site-packages/isaac_ros_tensor_list_interfaces/isaac_ros_tensor_list_interfaces_s__rosidl_typesupport_fastrtps_c.cpython-38-x86_64-linux-gnu.so\n'}
[17.259692] (isaac_ros_tensor_list_interfaces) StdoutLine: {'line': b'-- Set runtime path of "/workspaces/isaac_ros-dev/install/isaac_ros_tensor_list_interfaces/lib/python3.8/site-packages/isaac_ros_tensor_list_interfaces/isaac_ros_tensor_list_interfaces_s__rosidl_typesupport_fastrtps_c.cpython-38-x86_64-linux-gnu.so" to ""\n'}
[17.259933] (isaac_ros_tensor_list_interfaces) StdoutLine: {'line': b'-- Installing: /workspaces/isaac_ros-dev/install/isaac_ros_tensor_list_interfaces/lib/python3.8/site-packages/isaac_ros_tensor_list_interfaces/isaac_ros_tensor_list_interfaces_s__rosidl_typesupport_introspection_c.cpython-38-x86_64-linux-gnu.so\n'}
[17.260276] (isaac_ros_tensor_list_interfaces) StdoutLine: {'line': b'-- Set runtime path of "/workspaces/isaac_ros-dev/install/isaac_ros_tensor_list_interfaces/lib/python3.8/site-packages/isaac_ros_tensor_list_interfaces/isaac_ros_tensor_list_interfaces_s__rosidl_typesupport_introspection_c.cpython-38-x86_64-linux-gnu.so" to ""\n'}
[17.260464] (isaac_ros_tensor_list_interfaces) StdoutLine: {'line': b'-- Installing: /workspaces/isaac_ros-dev/install/isaac_ros_tensor_list_interfaces/lib/python3.8/site-packages/isaac_ros_tensor_list_interfaces/isaac_ros_tensor_list_interfaces_s__rosidl_typesupport_c.cpython-38-x86_64-linux-gnu.so\n'}
[17.260786] (isaac_ros_tensor_list_interfaces) StdoutLine: {'line': b'-- Set runtime path of "/workspaces/isaac_ros-dev/install/isaac_ros_tensor_list_interfaces/lib/python3.8/site-packages/isaac_ros_tensor_list_interfaces/isaac_ros_tensor_list_interfaces_s__rosidl_typesupport_c.cpython-38-x86_64-linux-gnu.so" to ""\n'}
[17.260913] (isaac_ros_tensor_list_interfaces) StdoutLine: {'line': b'-- Installing: /workspaces/isaac_ros-dev/install/isaac_ros_tensor_list_interfaces/lib/libisaac_ros_tensor_list_interfaces__rosidl_generator_py.so\n'}
[17.261227] (isaac_ros_tensor_list_interfaces) StdoutLine: {'line': b'-- Set runtime path of "/workspaces/isaac_ros-dev/install/isaac_ros_tensor_list_interfaces/lib/libisaac_ros_tensor_list_interfaces__rosidl_generator_py.so" to ""\n'}
[17.261298] (isaac_ros_tensor_list_interfaces) StdoutLine: {'line': b'-- Installing: /workspaces/isaac_ros-dev/install/isaac_ros_tensor_list_interfaces/share/isaac_ros_tensor_list_interfaces/msg/TensorShape.idl\n'}
[17.261589] (isaac_ros_tensor_list_interfaces) StdoutLine: {'line': b'-- Installing: /workspaces/isaac_ros-dev/install/isaac_ros_tensor_list_interfaces/share/isaac_ros_tensor_list_interfaces/msg/Tensor.idl\n'}
[17.261670] (isaac_ros_tensor_list_interfaces) StdoutLine: {'line': b'-- Installing: /workspaces/isaac_ros-dev/install/isaac_ros_tensor_list_interfaces/share/isaac_ros_tensor_list_interfaces/msg/TensorList.idl\n'}
[17.261890] (isaac_ros_tensor_list_interfaces) StdoutLine: {'line': b'-- Installing: /workspaces/isaac_ros-dev/install/isaac_ros_tensor_list_interfaces/share/isaac_ros_tensor_list_interfaces/msg/TensorShape.msg\n'}
[17.262096] (isaac_ros_tensor_list_interfaces) StdoutLine: {'line': b'-- Installing: /workspaces/isaac_ros-dev/install/isaac_ros_tensor_list_interfaces/share/isaac_ros_tensor_list_interfaces/msg/Tensor.msg\n'}
[17.262217] (isaac_ros_tensor_list_interfaces) StdoutLine: {'line': b'-- Installing: /workspaces/isaac_ros-dev/install/isaac_ros_tensor_list_interfaces/share/isaac_ros_tensor_list_interfaces/msg/TensorList.msg\n'}
[17.262284] (isaac_ros_tensor_list_interfaces) StdoutLine: {'line': b'-- Installing: /workspaces/isaac_ros-dev/install/isaac_ros_tensor_list_interfaces/share/ament_index/resource_index/package_run_dependencies/isaac_ros_tensor_list_interfaces\n'}
[17.262438] (isaac_ros_tensor_list_interfaces) StdoutLine: {'line': b'-- Installing: /workspaces/isaac_ros-dev/install/isaac_ros_tensor_list_interfaces/share/ament_index/resource_index/parent_prefix_path/isaac_ros_tensor_list_interfaces\n'}
[17.262528] (isaac_ros_tensor_list_interfaces) StdoutLine: {'line': b'-- Installing: /workspaces/isaac_ros-dev/install/isaac_ros_tensor_list_interfaces/share/isaac_ros_tensor_list_interfaces/environment/ament_prefix_path.sh\n'}
[17.262799] (isaac_ros_tensor_list_interfaces) StdoutLine: {'line': b'-- Installing: /workspaces/isaac_ros-dev/install/isaac_ros_tensor_list_interfaces/share/isaac_ros_tensor_list_interfaces/environment/ament_prefix_path.dsv\n'}
[17.262903] (isaac_ros_tensor_list_interfaces) StdoutLine: {'line': b'-- Installing: /workspaces/isaac_ros-dev/install/isaac_ros_tensor_list_interfaces/share/isaac_ros_tensor_list_interfaces/environment/path.sh\n'}
[17.263019] (isaac_ros_tensor_list_interfaces) StdoutLine: {'line': b'-- Installing: /workspaces/isaac_ros-dev/install/isaac_ros_tensor_list_interfaces/share/isaac_ros_tensor_list_interfaces/environment/path.dsv\n'}
[17.263165] (isaac_ros_tensor_list_interfaces) StdoutLine: {'line': b'-- Installing: /workspaces/isaac_ros-dev/install/isaac_ros_tensor_list_interfaces/share/isaac_ros_tensor_list_interfaces/local_setup.bash\n'}
[17.263308] (isaac_ros_tensor_list_interfaces) StdoutLine: {'line': b'-- Installing: /workspaces/isaac_ros-dev/install/isaac_ros_tensor_list_interfaces/share/isaac_ros_tensor_list_interfaces/local_setup.sh\n'}
[17.263436] (isaac_ros_tensor_list_interfaces) StdoutLine: {'line': b'-- Installing: /workspaces/isaac_ros-dev/install/isaac_ros_tensor_list_interfaces/share/isaac_ros_tensor_list_interfaces/local_setup.zsh\n'}
[17.263587] (isaac_ros_tensor_list_interfaces) StdoutLine: {'line': b'-- Installing: /workspaces/isaac_ros-dev/install/isaac_ros_tensor_list_interfaces/share/isaac_ros_tensor_list_interfaces/local_setup.dsv\n'}
[17.263753] (isaac_ros_tensor_list_interfaces) StdoutLine: {'line': b'-- Installing: /workspaces/isaac_ros-dev/install/isaac_ros_tensor_list_interfaces/share/isaac_ros_tensor_list_interfaces/package.dsv\n'}
[17.263936] (isaac_ros_tensor_list_interfaces) StdoutLine: {'line': b'-- Installing: /workspaces/isaac_ros-dev/install/isaac_ros_tensor_list_interfaces/share/ament_index/resource_index/packages/isaac_ros_tensor_list_interfaces\n'}
[17.264254] (isaac_ros_tensor_list_interfaces) StdoutLine: {'line': b'-- Installing: /workspaces/isaac_ros-dev/install/isaac_ros_tensor_list_interfaces/share/isaac_ros_tensor_list_interfaces/cmake/export_isaac_ros_tensor_list_interfaces__rosidl_generator_cExport.cmake\n'}
[17.264369] (isaac_ros_tensor_list_interfaces) StdoutLine: {'line': b'-- Installing: /workspaces/isaac_ros-dev/install/isaac_ros_tensor_list_interfaces/share/isaac_ros_tensor_list_interfaces/cmake/export_isaac_ros_tensor_list_interfaces__rosidl_generator_cExport-release.cmake\n'}
[17.264627] (isaac_ros_tensor_list_interfaces) StdoutLine: {'line': b'-- Installing: /workspaces/isaac_ros-dev/install/isaac_ros_tensor_list_interfaces/share/isaac_ros_tensor_list_interfaces/cmake/export_isaac_ros_tensor_list_interfaces__rosidl_typesupport_fastrtps_cExport.cmake\n'}
[17.264711] (isaac_ros_tensor_list_interfaces) StdoutLine: {'line': b'-- Installing: /workspaces/isaac_ros-dev/install/isaac_ros_tensor_list_interfaces/share/isaac_ros_tensor_list_interfaces/cmake/export_isaac_ros_tensor_list_interfaces__rosidl_typesupport_fastrtps_cExport-release.cmake\n'}
[17.264838] (isaac_ros_tensor_list_interfaces) StdoutLine: {'line': b'-- Installing: /workspaces/isaac_ros-dev/install/isaac_ros_tensor_list_interfaces/share/isaac_ros_tensor_list_interfaces/cmake/export_isaac_ros_tensor_list_interfaces__rosidl_generator_cppExport.cmake\n'}
[17.264947] (isaac_ros_tensor_list_interfaces) StdoutLine: {'line': b'-- Installing: /workspaces/isaac_ros-dev/install/isaac_ros_tensor_list_interfaces/share/isaac_ros_tensor_list_interfaces/cmake/export_isaac_ros_tensor_list_interfaces__rosidl_typesupport_fastrtps_cppExport.cmake\n'}
[17.265321] (isaac_ros_tensor_list_interfaces) StdoutLine: {'line': b'-- Installing: /workspaces/isaac_ros-dev/install/isaac_ros_tensor_list_interfaces/share/isaac_ros_tensor_list_interfaces/cmake/export_isaac_ros_tensor_list_interfaces__rosidl_typesupport_fastrtps_cppExport-release.cmake\n'}
[17.265516] (isaac_ros_tensor_list_interfaces) StdoutLine: {'line': b'-- Installing: /workspaces/isaac_ros-dev/install/isaac_ros_tensor_list_interfaces/share/isaac_ros_tensor_list_interfaces/cmake/isaac_ros_tensor_list_interfaces__rosidl_typesupport_introspection_cExport.cmake\n'}
[17.265604] (isaac_ros_tensor_list_interfaces) StdoutLine: {'line': b'-- Installing: /workspaces/isaac_ros-dev/install/isaac_ros_tensor_list_interfaces/share/isaac_ros_tensor_list_interfaces/cmake/isaac_ros_tensor_list_interfaces__rosidl_typesupport_introspection_cExport-release.cmake\n'}
[17.265760] (isaac_ros_tensor_list_interfaces) StdoutLine: {'line': b'-- Installing: /workspaces/isaac_ros-dev/install/isaac_ros_tensor_list_interfaces/share/isaac_ros_tensor_list_interfaces/cmake/isaac_ros_tensor_list_interfaces__rosidl_typesupport_cExport.cmake\n'}
[17.266071] (isaac_ros_tensor_list_interfaces) StdoutLine: {'line': b'-- Installing: /workspaces/isaac_ros-dev/install/isaac_ros_tensor_list_interfaces/share/isaac_ros_tensor_list_interfaces/cmake/isaac_ros_tensor_list_interfaces__rosidl_typesupport_cExport-release.cmake\n'}
[17.266149] (isaac_ros_tensor_list_interfaces) StdoutLine: {'line': b'-- Installing: /workspaces/isaac_ros-dev/install/isaac_ros_tensor_list_interfaces/share/isaac_ros_tensor_list_interfaces/cmake/isaac_ros_tensor_list_interfaces__rosidl_typesupport_introspection_cppExport.cmake\n'}
[17.266216] (isaac_ros_tensor_list_interfaces) StdoutLine: {'line': b'-- Installing: /workspaces/isaac_ros-dev/install/isaac_ros_tensor_list_interfaces/share/isaac_ros_tensor_list_interfaces/cmake/isaac_ros_tensor_list_interfaces__rosidl_typesupport_introspection_cppExport-release.cmake\n'}
[17.266371] (isaac_ros_tensor_list_interfaces) StdoutLine: {'line': b'-- Installing: /workspaces/isaac_ros-dev/install/isaac_ros_tensor_list_interfaces/share/isaac_ros_tensor_list_interfaces/cmake/isaac_ros_tensor_list_interfaces__rosidl_typesupport_cppExport.cmake\n'}
[17.266440] (isaac_ros_tensor_list_interfaces) StdoutLine: {'line': b'-- Installing: /workspaces/isaac_ros-dev/install/isaac_ros_tensor_list_interfaces/share/isaac_ros_tensor_list_interfaces/cmake/isaac_ros_tensor_list_interfaces__rosidl_typesupport_cppExport-release.cmake\n'}
[17.266720] (isaac_ros_tensor_list_interfaces) StdoutLine: {'line': b'-- Installing: /workspaces/isaac_ros-dev/install/isaac_ros_tensor_list_interfaces/share/isaac_ros_tensor_list_interfaces/cmake/export_isaac_ros_tensor_list_interfaces__rosidl_generator_pyExport.cmake\n'}
[17.267102] (isaac_ros_tensor_list_interfaces) StdoutLine: {'line': b'-- Installing: /workspaces/isaac_ros-dev/install/isaac_ros_tensor_list_interfaces/share/isaac_ros_tensor_list_interfaces/cmake/export_isaac_ros_tensor_list_interfaces__rosidl_generator_pyExport-release.cmake\n'}
[17.267177] (isaac_ros_tensor_list_interfaces) StdoutLine: {'line': b'-- Installing: /workspaces/isaac_ros-dev/install/isaac_ros_tensor_list_interfaces/share/isaac_ros_tensor_list_interfaces/cmake/rosidl_cmake-extras.cmake\n'}
[17.267233] (isaac_ros_tensor_list_interfaces) StdoutLine: {'line': b'-- Installing: /workspaces/isaac_ros-dev/install/isaac_ros_tensor_list_interfaces/share/isaac_ros_tensor_list_interfaces/cmake/ament_cmake_export_dependencies-extras.cmake\n'}
[17.267338] (isaac_ros_tensor_list_interfaces) StdoutLine: {'line': b'-- Installing: /workspaces/isaac_ros-dev/install/isaac_ros_tensor_list_interfaces/share/isaac_ros_tensor_list_interfaces/cmake/ament_cmake_export_include_directories-extras.cmake\n'}
[17.267415] (isaac_ros_tensor_list_interfaces) StdoutLine: {'line': b'-- Installing: /workspaces/isaac_ros-dev/install/isaac_ros_tensor_list_interfaces/share/isaac_ros_tensor_list_interfaces/cmake/ament_cmake_export_libraries-extras.cmake\n'}
[17.267476] (isaac_ros_tensor_list_interfaces) StdoutLine: {'line': b'-- Installing: /workspaces/isaac_ros-dev/install/isaac_ros_tensor_list_interfaces/share/isaac_ros_tensor_list_interfaces/cmake/ament_cmake_export_targets-extras.cmake\n'}
[17.267573] (isaac_ros_tensor_list_interfaces) StdoutLine: {'line': b'-- Installing: /workspaces/isaac_ros-dev/install/isaac_ros_tensor_list_interfaces/share/isaac_ros_tensor_list_interfaces/cmake/rosidl_cmake_export_typesupport_targets-extras.cmake\n'}
[17.267803] (isaac_ros_tensor_list_interfaces) StdoutLine: {'line': b'-- Installing: /workspaces/isaac_ros-dev/install/isaac_ros_tensor_list_interfaces/share/isaac_ros_tensor_list_interfaces/cmake/rosidl_cmake_export_typesupport_libraries-extras.cmake\n'}
[17.268071] (isaac_ros_tensor_list_interfaces) StdoutLine: {'line': b'-- Installing: /workspaces/isaac_ros-dev/install/isaac_ros_tensor_list_interfaces/share/isaac_ros_tensor_list_interfaces/cmake/isaac_ros_tensor_list_interfacesConfig.cmake\n'}
[17.268134] (isaac_ros_tensor_list_interfaces) StdoutLine: {'line': b'-- Installing: /workspaces/isaac_ros-dev/install/isaac_ros_tensor_list_interfaces/share/isaac_ros_tensor_list_interfaces/cmake/isaac_ros_tensor_list_interfacesConfig-version.cmake\n'}
[17.268201] (isaac_ros_tensor_list_interfaces) StdoutLine: {'line': b'-- Installing: /workspaces/isaac_ros-dev/install/isaac_ros_tensor_list_interfaces/share/isaac_ros_tensor_list_interfaces/package.xml\n'}
[17.303410] (-) TimerEvent: {}
[17.314984] (isaac_ros_apriltag_interfaces) JobEnded: {'identifier': 'isaac_ros_apriltag_interfaces', 'rc': 0}
[17.315979] (isaac_ros_tensor_list_interfaces) CommandEnded: {'returncode': 0}
[17.403701] (-) TimerEvent: {}
[17.454284] (isaac_ros_nova_interfaces) JobEnded: {'identifier': 'isaac_ros_nova_interfaces', 'rc': 0}
[17.503782] (-) TimerEvent: {}
[17.604159] (-) TimerEvent: {}
[17.644827] (isaac_ros_tensor_list_interfaces) JobEnded: {'identifier': 'isaac_ros_tensor_list_interfaces', 'rc': 0}
[17.645425] (-) EventReactorShutdown: {}
