[2.155s] DEBUG:colcon:Command line arguments: ['/usr/bin/colcon', 'build']
[2.155s] DEBUG:colcon:Parsed command line arguments: Namespace(allow_overriding=[], ament_cmake_args=None, base_paths=['.'], build_base='build', catkin_cmake_args=None, catkin_skip_building_tests=False, cmake_args=None, cmake_clean_cache=False, cmake_clean_first=False, cmake_force_configure=False, cmake_target=None, cmake_target_skip_unavailable=False, continue_on_error=False, event_handlers=None, executor='parallel', ignore_user_meta=False, install_base='install', log_base=None, log_level=None, main=<bound method BuildVerb.main of <colcon_core.verb.build.BuildVerb object at 0x709461b170d0>>, merge_install=False, metas=['./colcon.meta'], packages_above=None, packages_above_and_dependencies=None, packages_above_depth=None, packages_end=None, packages_ignore=None, packages_ignore_regex=None, packages_select=None, packages_select_build_failed=False, packages_select_by_dep=None, packages_select_regex=None, packages_select_test_failures=False, packages_skip=None, packages_skip_build_finished=False, packages_skip_by_dep=None, packages_skip_regex=None, packages_skip_test_passed=False, packages_skip_up_to=None, packages_start=None, packages_up_to=None, packages_up_to_regex=None, parallel_workers=12, paths=None, symlink_install=False, test_result_base=None, verb_extension=<colcon_core.verb.build.BuildVerb object at 0x709461b170d0>, verb_name='build', verb_parser=<colcon_defaults.argument_parser.defaults.DefaultArgumentsDecorator object at 0x7094618dbee0>)
[2.229s] Level 1:colcon.colcon_core.package_discovery:discover_packages(colcon_meta) check parameters
[2.229s] Level 1:colcon.colcon_core.package_discovery:discover_packages(recursive) check parameters
[2.229s] Level 1:colcon.colcon_core.package_discovery:discover_packages(ignore) check parameters
[2.229s] Level 1:colcon.colcon_core.package_discovery:discover_packages(path) check parameters
[2.229s] Level 1:colcon.colcon_core.package_discovery:discover_packages(colcon_meta) discover
[2.229s] Level 1:colcon.colcon_core.package_discovery:discover_packages(recursive) discover
[2.229s] INFO:colcon.colcon_core.package_discovery:Crawling recursively for packages in '/workspaces/isaac_ros-dev'
[2.229s] Level 1:colcon.colcon_core.package_identification:_identify(.) by extensions ['ignore', 'ignore_ament_install']
[2.229s] Level 1:colcon.colcon_core.package_identification:_identify(.) by extension 'ignore'
[2.229s] Level 1:colcon.colcon_core.package_identification:_identify(.) by extension 'ignore_ament_install'
[2.229s] Level 1:colcon.colcon_core.package_identification:_identify(.) by extensions ['colcon_pkg']
[2.229s] Level 1:colcon.colcon_core.package_identification:_identify(.) by extension 'colcon_pkg'
[2.229s] Level 1:colcon.colcon_core.package_identification:_identify(.) by extensions ['colcon_meta']
[2.229s] Level 1:colcon.colcon_core.package_identification:_identify(.) by extension 'colcon_meta'
[2.229s] Level 1:colcon.colcon_core.package_identification:_identify(.) by extensions ['ros']
[2.229s] Level 1:colcon.colcon_core.package_identification:_identify(.) by extension 'ros'
[2.240s] Level 1:colcon.colcon_core.package_identification:_identify(.) by extensions ['cmake', 'python']
[2.240s] Level 1:colcon.colcon_core.package_identification:_identify(.) by extension 'cmake'
[2.240s] Level 1:colcon.colcon_core.package_identification:_identify(.) by extension 'python'
[2.240s] Level 1:colcon.colcon_core.package_identification:_identify(.) by extensions ['python_setup_py']
[2.240s] Level 1:colcon.colcon_core.package_identification:_identify(.) by extension 'python_setup_py'
[2.240s] Level 1:colcon.colcon_core.package_identification:_identify(build) by extensions ['ignore', 'ignore_ament_install']
[2.240s] Level 1:colcon.colcon_core.package_identification:_identify(build) by extension 'ignore'
[2.240s] Level 1:colcon.colcon_core.package_identification:_identify(build) ignored
[2.240s] Level 1:colcon.colcon_core.package_identification:_identify(docker) by extensions ['ignore', 'ignore_ament_install']
[2.240s] Level 1:colcon.colcon_core.package_identification:_identify(docker) by extension 'ignore'
[2.240s] Level 1:colcon.colcon_core.package_identification:_identify(docker) by extension 'ignore_ament_install'
[2.240s] Level 1:colcon.colcon_core.package_identification:_identify(docker) by extensions ['colcon_pkg']
[2.240s] Level 1:colcon.colcon_core.package_identification:_identify(docker) by extension 'colcon_pkg'
[2.240s] Level 1:colcon.colcon_core.package_identification:_identify(docker) by extensions ['colcon_meta']
[2.240s] Level 1:colcon.colcon_core.package_identification:_identify(docker) by extension 'colcon_meta'
[2.240s] Level 1:colcon.colcon_core.package_identification:_identify(docker) by extensions ['ros']
[2.240s] Level 1:colcon.colcon_core.package_identification:_identify(docker) by extension 'ros'
[2.240s] Level 1:colcon.colcon_core.package_identification:_identify(docker) by extensions ['cmake', 'python']
[2.241s] Level 1:colcon.colcon_core.package_identification:_identify(docker) by extension 'cmake'
[2.241s] Level 1:colcon.colcon_core.package_identification:_identify(docker) by extension 'python'
[2.241s] Level 1:colcon.colcon_core.package_identification:_identify(docker) by extensions ['python_setup_py']
[2.241s] Level 1:colcon.colcon_core.package_identification:_identify(docker) by extension 'python_setup_py'
[2.241s] Level 1:colcon.colcon_core.package_identification:_identify(docker/middleware_profiles) by extensions ['ignore', 'ignore_ament_install']
[2.241s] Level 1:colcon.colcon_core.package_identification:_identify(docker/middleware_profiles) by extension 'ignore'
[2.241s] Level 1:colcon.colcon_core.package_identification:_identify(docker/middleware_profiles) by extension 'ignore_ament_install'
[2.241s] Level 1:colcon.colcon_core.package_identification:_identify(docker/middleware_profiles) by extensions ['colcon_pkg']
[2.241s] Level 1:colcon.colcon_core.package_identification:_identify(docker/middleware_profiles) by extension 'colcon_pkg'
[2.241s] Level 1:colcon.colcon_core.package_identification:_identify(docker/middleware_profiles) by extensions ['colcon_meta']
[2.241s] Level 1:colcon.colcon_core.package_identification:_identify(docker/middleware_profiles) by extension 'colcon_meta'
[2.241s] Level 1:colcon.colcon_core.package_identification:_identify(docker/middleware_profiles) by extensions ['ros']
[2.241s] Level 1:colcon.colcon_core.package_identification:_identify(docker/middleware_profiles) by extension 'ros'
[2.241s] Level 1:colcon.colcon_core.package_identification:_identify(docker/middleware_profiles) by extensions ['cmake', 'python']
[2.241s] Level 1:colcon.colcon_core.package_identification:_identify(docker/middleware_profiles) by extension 'cmake'
[2.241s] Level 1:colcon.colcon_core.package_identification:_identify(docker/middleware_profiles) by extension 'python'
[2.241s] Level 1:colcon.colcon_core.package_identification:_identify(docker/middleware_profiles) by extensions ['python_setup_py']
[2.241s] Level 1:colcon.colcon_core.package_identification:_identify(docker/middleware_profiles) by extension 'python_setup_py'
[2.241s] Level 1:colcon.colcon_core.package_identification:_identify(docker/patches) by extensions ['ignore', 'ignore_ament_install']
[2.241s] Level 1:colcon.colcon_core.package_identification:_identify(docker/patches) by extension 'ignore'
[2.241s] Level 1:colcon.colcon_core.package_identification:_identify(docker/patches) by extension 'ignore_ament_install'
[2.241s] Level 1:colcon.colcon_core.package_identification:_identify(docker/patches) by extensions ['colcon_pkg']
[2.241s] Level 1:colcon.colcon_core.package_identification:_identify(docker/patches) by extension 'colcon_pkg'
[2.242s] Level 1:colcon.colcon_core.package_identification:_identify(docker/patches) by extensions ['colcon_meta']
[2.242s] Level 1:colcon.colcon_core.package_identification:_identify(docker/patches) by extension 'colcon_meta'
[2.242s] Level 1:colcon.colcon_core.package_identification:_identify(docker/patches) by extensions ['ros']
[2.242s] Level 1:colcon.colcon_core.package_identification:_identify(docker/patches) by extension 'ros'
[2.242s] Level 1:colcon.colcon_core.package_identification:_identify(docker/patches) by extensions ['cmake', 'python']
[2.242s] Level 1:colcon.colcon_core.package_identification:_identify(docker/patches) by extension 'cmake'
[2.242s] Level 1:colcon.colcon_core.package_identification:_identify(docker/patches) by extension 'python'
[2.242s] Level 1:colcon.colcon_core.package_identification:_identify(docker/patches) by extensions ['python_setup_py']
[2.242s] Level 1:colcon.colcon_core.package_identification:_identify(docker/patches) by extension 'python_setup_py'
[2.242s] Level 1:colcon.colcon_core.package_identification:_identify(docker/scripts) by extensions ['ignore', 'ignore_ament_install']
[2.242s] Level 1:colcon.colcon_core.package_identification:_identify(docker/scripts) by extension 'ignore'
[2.242s] Level 1:colcon.colcon_core.package_identification:_identify(docker/scripts) by extension 'ignore_ament_install'
[2.242s] Level 1:colcon.colcon_core.package_identification:_identify(docker/scripts) by extensions ['colcon_pkg']
[2.242s] Level 1:colcon.colcon_core.package_identification:_identify(docker/scripts) by extension 'colcon_pkg'
[2.242s] Level 1:colcon.colcon_core.package_identification:_identify(docker/scripts) by extensions ['colcon_meta']
[2.242s] Level 1:colcon.colcon_core.package_identification:_identify(docker/scripts) by extension 'colcon_meta'
[2.242s] Level 1:colcon.colcon_core.package_identification:_identify(docker/scripts) by extensions ['ros']
[2.242s] Level 1:colcon.colcon_core.package_identification:_identify(docker/scripts) by extension 'ros'
[2.242s] Level 1:colcon.colcon_core.package_identification:_identify(docker/scripts) by extensions ['cmake', 'python']
[2.242s] Level 1:colcon.colcon_core.package_identification:_identify(docker/scripts) by extension 'cmake'
[2.242s] Level 1:colcon.colcon_core.package_identification:_identify(docker/scripts) by extension 'python'
[2.242s] Level 1:colcon.colcon_core.package_identification:_identify(docker/scripts) by extensions ['python_setup_py']
[2.242s] Level 1:colcon.colcon_core.package_identification:_identify(docker/scripts) by extension 'python_setup_py'
[2.242s] Level 1:colcon.colcon_core.package_identification:_identify(docker/tao) by extensions ['ignore', 'ignore_ament_install']
[2.243s] Level 1:colcon.colcon_core.package_identification:_identify(docker/tao) by extension 'ignore'
[2.243s] Level 1:colcon.colcon_core.package_identification:_identify(docker/tao) by extension 'ignore_ament_install'
[2.243s] Level 1:colcon.colcon_core.package_identification:_identify(docker/tao) by extensions ['colcon_pkg']
[2.243s] Level 1:colcon.colcon_core.package_identification:_identify(docker/tao) by extension 'colcon_pkg'
[2.243s] Level 1:colcon.colcon_core.package_identification:_identify(docker/tao) by extensions ['colcon_meta']
[2.243s] Level 1:colcon.colcon_core.package_identification:_identify(docker/tao) by extension 'colcon_meta'
[2.243s] Level 1:colcon.colcon_core.package_identification:_identify(docker/tao) by extensions ['ros']
[2.243s] Level 1:colcon.colcon_core.package_identification:_identify(docker/tao) by extension 'ros'
[2.243s] Level 1:colcon.colcon_core.package_identification:_identify(docker/tao) by extensions ['cmake', 'python']
[2.243s] Level 1:colcon.colcon_core.package_identification:_identify(docker/tao) by extension 'cmake'
[2.243s] Level 1:colcon.colcon_core.package_identification:_identify(docker/tao) by extension 'python'
[2.243s] Level 1:colcon.colcon_core.package_identification:_identify(docker/tao) by extensions ['python_setup_py']
[2.243s] Level 1:colcon.colcon_core.package_identification:_identify(docker/tao) by extension 'python_setup_py'
[2.243s] Level 1:colcon.colcon_core.package_identification:_identify(docker/udev_rules) by extensions ['ignore', 'ignore_ament_install']
[2.243s] Level 1:colcon.colcon_core.package_identification:_identify(docker/udev_rules) by extension 'ignore'
[2.243s] Level 1:colcon.colcon_core.package_identification:_identify(docker/udev_rules) by extension 'ignore_ament_install'
[2.243s] Level 1:colcon.colcon_core.package_identification:_identify(docker/udev_rules) by extensions ['colcon_pkg']
[2.243s] Level 1:colcon.colcon_core.package_identification:_identify(docker/udev_rules) by extension 'colcon_pkg'
[2.243s] Level 1:colcon.colcon_core.package_identification:_identify(docker/udev_rules) by extensions ['colcon_meta']
[2.243s] Level 1:colcon.colcon_core.package_identification:_identify(docker/udev_rules) by extension 'colcon_meta'
[2.243s] Level 1:colcon.colcon_core.package_identification:_identify(docker/udev_rules) by extensions ['ros']
[2.243s] Level 1:colcon.colcon_core.package_identification:_identify(docker/udev_rules) by extension 'ros'
[2.243s] Level 1:colcon.colcon_core.package_identification:_identify(docker/udev_rules) by extensions ['cmake', 'python']
[2.243s] Level 1:colcon.colcon_core.package_identification:_identify(docker/udev_rules) by extension 'cmake'
[2.243s] Level 1:colcon.colcon_core.package_identification:_identify(docker/udev_rules) by extension 'python'
[2.243s] Level 1:colcon.colcon_core.package_identification:_identify(docker/udev_rules) by extensions ['python_setup_py']
[2.244s] Level 1:colcon.colcon_core.package_identification:_identify(docker/udev_rules) by extension 'python_setup_py'
[2.244s] Level 1:colcon.colcon_core.package_identification:_identify(install) by extensions ['ignore', 'ignore_ament_install']
[2.244s] Level 1:colcon.colcon_core.package_identification:_identify(install) by extension 'ignore'
[2.244s] Level 1:colcon.colcon_core.package_identification:_identify(install) ignored
[2.244s] Level 1:colcon.colcon_core.package_identification:_identify(isaac_ros_apriltag_interfaces) by extensions ['ignore', 'ignore_ament_install']
[2.244s] Level 1:colcon.colcon_core.package_identification:_identify(isaac_ros_apriltag_interfaces) by extension 'ignore'
[2.244s] Level 1:colcon.colcon_core.package_identification:_identify(isaac_ros_apriltag_interfaces) by extension 'ignore_ament_install'
[2.244s] Level 1:colcon.colcon_core.package_identification:_identify(isaac_ros_apriltag_interfaces) by extensions ['colcon_pkg']
[2.244s] Level 1:colcon.colcon_core.package_identification:_identify(isaac_ros_apriltag_interfaces) by extension 'colcon_pkg'
[2.244s] Level 1:colcon.colcon_core.package_identification:_identify(isaac_ros_apriltag_interfaces) by extensions ['colcon_meta']
[2.244s] Level 1:colcon.colcon_core.package_identification:_identify(isaac_ros_apriltag_interfaces) by extension 'colcon_meta'
[2.244s] Level 1:colcon.colcon_core.package_identification:_identify(isaac_ros_apriltag_interfaces) by extensions ['ros']
[2.244s] Level 1:colcon.colcon_core.package_identification:_identify(isaac_ros_apriltag_interfaces) by extension 'ros'
[2.247s] DEBUG:colcon.colcon_core.package_identification:Package 'isaac_ros_apriltag_interfaces' with type 'ros.ament_cmake' and name 'isaac_ros_apriltag_interfaces'
[2.247s] Level 1:colcon.colcon_core.package_identification:_identify(isaac_ros_bi3d_interfaces) by extensions ['ignore', 'ignore_ament_install']
[2.247s] Level 1:colcon.colcon_core.package_identification:_identify(isaac_ros_bi3d_interfaces) by extension 'ignore'
[2.247s] Level 1:colcon.colcon_core.package_identification:_identify(isaac_ros_bi3d_interfaces) by extension 'ignore_ament_install'
[2.247s] Level 1:colcon.colcon_core.package_identification:_identify(isaac_ros_bi3d_interfaces) by extensions ['colcon_pkg']
[2.247s] Level 1:colcon.colcon_core.package_identification:_identify(isaac_ros_bi3d_interfaces) by extension 'colcon_pkg'
[2.247s] Level 1:colcon.colcon_core.package_identification:_identify(isaac_ros_bi3d_interfaces) by extensions ['colcon_meta']
[2.247s] Level 1:colcon.colcon_core.package_identification:_identify(isaac_ros_bi3d_interfaces) by extension 'colcon_meta'
[2.247s] Level 1:colcon.colcon_core.package_identification:_identify(isaac_ros_bi3d_interfaces) by extensions ['ros']
[2.247s] Level 1:colcon.colcon_core.package_identification:_identify(isaac_ros_bi3d_interfaces) by extension 'ros'
[2.248s] DEBUG:colcon.colcon_core.package_identification:Package 'isaac_ros_bi3d_interfaces' with type 'ros.ament_cmake' and name 'isaac_ros_bi3d_interfaces'
[2.248s] Level 1:colcon.colcon_core.package_identification:_identify(isaac_ros_common) by extensions ['ignore', 'ignore_ament_install']
[2.248s] Level 1:colcon.colcon_core.package_identification:_identify(isaac_ros_common) by extension 'ignore'
[2.248s] Level 1:colcon.colcon_core.package_identification:_identify(isaac_ros_common) by extension 'ignore_ament_install'
[2.248s] Level 1:colcon.colcon_core.package_identification:_identify(isaac_ros_common) by extensions ['colcon_pkg']
[2.248s] Level 1:colcon.colcon_core.package_identification:_identify(isaac_ros_common) by extension 'colcon_pkg'
[2.248s] Level 1:colcon.colcon_core.package_identification:_identify(isaac_ros_common) by extensions ['colcon_meta']
[2.248s] Level 1:colcon.colcon_core.package_identification:_identify(isaac_ros_common) by extension 'colcon_meta'
[2.248s] Level 1:colcon.colcon_core.package_identification:_identify(isaac_ros_common) by extensions ['ros']
[2.248s] Level 1:colcon.colcon_core.package_identification:_identify(isaac_ros_common) by extension 'ros'
[2.249s] DEBUG:colcon.colcon_core.package_identification:Package 'isaac_ros_common' with type 'ros.ament_cmake' and name 'isaac_ros_common'
[2.249s] Level 1:colcon.colcon_core.package_identification:_identify(isaac_ros_nitros_bridge_interfaces) by extensions ['ignore', 'ignore_ament_install']
[2.249s] Level 1:colcon.colcon_core.package_identification:_identify(isaac_ros_nitros_bridge_interfaces) by extension 'ignore'
[2.249s] Level 1:colcon.colcon_core.package_identification:_identify(isaac_ros_nitros_bridge_interfaces) by extension 'ignore_ament_install'
[2.249s] Level 1:colcon.colcon_core.package_identification:_identify(isaac_ros_nitros_bridge_interfaces) by extensions ['colcon_pkg']
[2.249s] Level 1:colcon.colcon_core.package_identification:_identify(isaac_ros_nitros_bridge_interfaces) by extension 'colcon_pkg'
[2.249s] Level 1:colcon.colcon_core.package_identification:_identify(isaac_ros_nitros_bridge_interfaces) by extensions ['colcon_meta']
[2.249s] Level 1:colcon.colcon_core.package_identification:_identify(isaac_ros_nitros_bridge_interfaces) by extension 'colcon_meta'
[2.249s] Level 1:colcon.colcon_core.package_identification:_identify(isaac_ros_nitros_bridge_interfaces) by extensions ['ros']
[2.249s] Level 1:colcon.colcon_core.package_identification:_identify(isaac_ros_nitros_bridge_interfaces) by extension 'ros'
[2.249s] DEBUG:colcon.colcon_core.package_identification:Package 'isaac_ros_nitros_bridge_interfaces' with type 'ros.ament_cmake' and name 'isaac_ros_nitros_bridge_interfaces'
[2.250s] Level 1:colcon.colcon_core.package_identification:_identify(isaac_ros_nova_interfaces) by extensions ['ignore', 'ignore_ament_install']
[2.250s] Level 1:colcon.colcon_core.package_identification:_identify(isaac_ros_nova_interfaces) by extension 'ignore'
[2.250s] Level 1:colcon.colcon_core.package_identification:_identify(isaac_ros_nova_interfaces) by extension 'ignore_ament_install'
[2.250s] Level 1:colcon.colcon_core.package_identification:_identify(isaac_ros_nova_interfaces) by extensions ['colcon_pkg']
[2.250s] Level 1:colcon.colcon_core.package_identification:_identify(isaac_ros_nova_interfaces) by extension 'colcon_pkg'
[2.250s] Level 1:colcon.colcon_core.package_identification:_identify(isaac_ros_nova_interfaces) by extensions ['colcon_meta']
[2.250s] Level 1:colcon.colcon_core.package_identification:_identify(isaac_ros_nova_interfaces) by extension 'colcon_meta'
[2.250s] Level 1:colcon.colcon_core.package_identification:_identify(isaac_ros_nova_interfaces) by extensions ['ros']
[2.250s] Level 1:colcon.colcon_core.package_identification:_identify(isaac_ros_nova_interfaces) by extension 'ros'
[2.250s] DEBUG:colcon.colcon_core.package_identification:Package 'isaac_ros_nova_interfaces' with type 'ros.ament_cmake' and name 'isaac_ros_nova_interfaces'
[2.250s] Level 1:colcon.colcon_core.package_identification:_identify(isaac_ros_pointcloud_interfaces) by extensions ['ignore', 'ignore_ament_install']
[2.250s] Level 1:colcon.colcon_core.package_identification:_identify(isaac_ros_pointcloud_interfaces) by extension 'ignore'
[2.250s] Level 1:colcon.colcon_core.package_identification:_identify(isaac_ros_pointcloud_interfaces) by extension 'ignore_ament_install'
[2.251s] Level 1:colcon.colcon_core.package_identification:_identify(isaac_ros_pointcloud_interfaces) by extensions ['colcon_pkg']
[2.251s] Level 1:colcon.colcon_core.package_identification:_identify(isaac_ros_pointcloud_interfaces) by extension 'colcon_pkg'
[2.251s] Level 1:colcon.colcon_core.package_identification:_identify(isaac_ros_pointcloud_interfaces) by extensions ['colcon_meta']
[2.251s] Level 1:colcon.colcon_core.package_identification:_identify(isaac_ros_pointcloud_interfaces) by extension 'colcon_meta'
[2.251s] Level 1:colcon.colcon_core.package_identification:_identify(isaac_ros_pointcloud_interfaces) by extensions ['ros']
[2.251s] Level 1:colcon.colcon_core.package_identification:_identify(isaac_ros_pointcloud_interfaces) by extension 'ros'
[2.251s] DEBUG:colcon.colcon_core.package_identification:Package 'isaac_ros_pointcloud_interfaces' with type 'ros.ament_cmake' and name 'isaac_ros_pointcloud_interfaces'
[2.251s] Level 1:colcon.colcon_core.package_identification:_identify(isaac_ros_tensor_list_interfaces) by extensions ['ignore', 'ignore_ament_install']
[2.251s] Level 1:colcon.colcon_core.package_identification:_identify(isaac_ros_tensor_list_interfaces) by extension 'ignore'
[2.251s] Level 1:colcon.colcon_core.package_identification:_identify(isaac_ros_tensor_list_interfaces) by extension 'ignore_ament_install'
[2.251s] Level 1:colcon.colcon_core.package_identification:_identify(isaac_ros_tensor_list_interfaces) by extensions ['colcon_pkg']
[2.251s] Level 1:colcon.colcon_core.package_identification:_identify(isaac_ros_tensor_list_interfaces) by extension 'colcon_pkg'
[2.251s] Level 1:colcon.colcon_core.package_identification:_identify(isaac_ros_tensor_list_interfaces) by extensions ['colcon_meta']
[2.252s] Level 1:colcon.colcon_core.package_identification:_identify(isaac_ros_tensor_list_interfaces) by extension 'colcon_meta'
[2.252s] Level 1:colcon.colcon_core.package_identification:_identify(isaac_ros_tensor_list_interfaces) by extensions ['ros']
[2.252s] Level 1:colcon.colcon_core.package_identification:_identify(isaac_ros_tensor_list_interfaces) by extension 'ros'
[2.252s] DEBUG:colcon.colcon_core.package_identification:Package 'isaac_ros_tensor_list_interfaces' with type 'ros.ament_cmake' and name 'isaac_ros_tensor_list_interfaces'
[2.252s] Level 1:colcon.colcon_core.package_identification:_identify(isaac_ros_test) by extensions ['ignore', 'ignore_ament_install']
[2.252s] Level 1:colcon.colcon_core.package_identification:_identify(isaac_ros_test) by extension 'ignore'
[2.252s] Level 1:colcon.colcon_core.package_identification:_identify(isaac_ros_test) by extension 'ignore_ament_install'
[2.252s] Level 1:colcon.colcon_core.package_identification:_identify(isaac_ros_test) by extensions ['colcon_pkg']
[2.252s] Level 1:colcon.colcon_core.package_identification:_identify(isaac_ros_test) by extension 'colcon_pkg'
[2.252s] Level 1:colcon.colcon_core.package_identification:_identify(isaac_ros_test) by extensions ['colcon_meta']
[2.252s] Level 1:colcon.colcon_core.package_identification:_identify(isaac_ros_test) by extension 'colcon_meta'
[2.252s] Level 1:colcon.colcon_core.package_identification:_identify(isaac_ros_test) by extensions ['ros']
[2.252s] Level 1:colcon.colcon_core.package_identification:_identify(isaac_ros_test) by extension 'ros'
[2.253s] DEBUG:colcon.colcon_core.package_identification:Package 'isaac_ros_test' with type 'ros.ament_python' and name 'isaac_ros_test'
[2.253s] Level 1:colcon.colcon_core.package_identification:_identify(log) by extensions ['ignore', 'ignore_ament_install']
[2.253s] Level 1:colcon.colcon_core.package_identification:_identify(log) by extension 'ignore'
[2.253s] Level 1:colcon.colcon_core.package_identification:_identify(log) ignored
[2.253s] Level 1:colcon.colcon_core.package_identification:_identify(scripts) by extensions ['ignore', 'ignore_ament_install']
[2.253s] Level 1:colcon.colcon_core.package_identification:_identify(scripts) by extension 'ignore'
[2.253s] Level 1:colcon.colcon_core.package_identification:_identify(scripts) by extension 'ignore_ament_install'
[2.253s] Level 1:colcon.colcon_core.package_identification:_identify(scripts) by extensions ['colcon_pkg']
[2.253s] Level 1:colcon.colcon_core.package_identification:_identify(scripts) by extension 'colcon_pkg'
[2.253s] Level 1:colcon.colcon_core.package_identification:_identify(scripts) by extensions ['colcon_meta']
[2.253s] Level 1:colcon.colcon_core.package_identification:_identify(scripts) by extension 'colcon_meta'
[2.253s] Level 1:colcon.colcon_core.package_identification:_identify(scripts) by extensions ['ros']
[2.254s] Level 1:colcon.colcon_core.package_identification:_identify(scripts) by extension 'ros'
[2.254s] Level 1:colcon.colcon_core.package_identification:_identify(scripts) by extensions ['cmake', 'python']
[2.254s] Level 1:colcon.colcon_core.package_identification:_identify(scripts) by extension 'cmake'
[2.254s] Level 1:colcon.colcon_core.package_identification:_identify(scripts) by extension 'python'
[2.254s] Level 1:colcon.colcon_core.package_identification:_identify(scripts) by extensions ['python_setup_py']
[2.254s] Level 1:colcon.colcon_core.package_identification:_identify(scripts) by extension 'python_setup_py'
[2.254s] Level 1:colcon.colcon_core.package_identification:_identify(scripts/utils) by extensions ['ignore', 'ignore_ament_install']
[2.254s] Level 1:colcon.colcon_core.package_identification:_identify(scripts/utils) by extension 'ignore'
[2.254s] Level 1:colcon.colcon_core.package_identification:_identify(scripts/utils) by extension 'ignore_ament_install'
[2.254s] Level 1:colcon.colcon_core.package_identification:_identify(scripts/utils) by extensions ['colcon_pkg']
[2.254s] Level 1:colcon.colcon_core.package_identification:_identify(scripts/utils) by extension 'colcon_pkg'
[2.254s] Level 1:colcon.colcon_core.package_identification:_identify(scripts/utils) by extensions ['colcon_meta']
[2.254s] Level 1:colcon.colcon_core.package_identification:_identify(scripts/utils) by extension 'colcon_meta'
[2.254s] Level 1:colcon.colcon_core.package_identification:_identify(scripts/utils) by extensions ['ros']
[2.254s] Level 1:colcon.colcon_core.package_identification:_identify(scripts/utils) by extension 'ros'
[2.254s] Level 1:colcon.colcon_core.package_identification:_identify(scripts/utils) by extensions ['cmake', 'python']
[2.254s] Level 1:colcon.colcon_core.package_identification:_identify(scripts/utils) by extension 'cmake'
[2.254s] Level 1:colcon.colcon_core.package_identification:_identify(scripts/utils) by extension 'python'
[2.254s] Level 1:colcon.colcon_core.package_identification:_identify(scripts/utils) by extensions ['python_setup_py']
[2.254s] Level 1:colcon.colcon_core.package_identification:_identify(scripts/utils) by extension 'python_setup_py'
[2.255s] Level 1:colcon.colcon_core.package_discovery:discover_packages(recursive) using defaults
[2.255s] Level 1:colcon.colcon_core.package_discovery:discover_packages(ignore) discover
[2.255s] Level 1:colcon.colcon_core.package_discovery:discover_packages(ignore) using defaults
[2.255s] Level 1:colcon.colcon_core.package_discovery:discover_packages(path) discover
[2.255s] Level 1:colcon.colcon_core.package_discovery:discover_packages(path) using defaults
[2.331s] Level 1:colcon.colcon_core.package_discovery:discover_packages(prefix_path) check parameters
[2.331s] Level 1:colcon.colcon_core.package_discovery:discover_packages(prefix_path) discover
[2.355s] DEBUG:colcon.colcon_installed_package_information.package_discovery:Found 289 installed packages in /opt/ros/humble
[2.356s] Level 1:colcon.colcon_core.package_discovery:discover_packages(prefix_path) using defaults
[2.427s] Level 5:colcon.colcon_core.verb:set package 'isaac_ros_common' build argument 'cmake_args' from command line to 'None'
[2.427s] Level 5:colcon.colcon_core.verb:set package 'isaac_ros_common' build argument 'cmake_target' from command line to 'None'
[2.427s] Level 5:colcon.colcon_core.verb:set package 'isaac_ros_common' build argument 'cmake_target_skip_unavailable' from command line to 'False'
[2.427s] Level 5:colcon.colcon_core.verb:set package 'isaac_ros_common' build argument 'cmake_clean_cache' from command line to 'False'
[2.427s] Level 5:colcon.colcon_core.verb:set package 'isaac_ros_common' build argument 'cmake_clean_first' from command line to 'False'
[2.427s] Level 5:colcon.colcon_core.verb:set package 'isaac_ros_common' build argument 'cmake_force_configure' from command line to 'False'
[2.427s] Level 5:colcon.colcon_core.verb:set package 'isaac_ros_common' build argument 'ament_cmake_args' from command line to 'None'
[2.428s] Level 5:colcon.colcon_core.verb:set package 'isaac_ros_common' build argument 'catkin_cmake_args' from command line to 'None'
[2.428s] Level 5:colcon.colcon_core.verb:set package 'isaac_ros_common' build argument 'catkin_skip_building_tests' from command line to 'False'
[2.428s] DEBUG:colcon.colcon_core.verb:Building package 'isaac_ros_common' with the following arguments: {'ament_cmake_args': None, 'build_base': '/workspaces/isaac_ros-dev/build/isaac_ros_common', 'catkin_cmake_args': None, 'catkin_skip_building_tests': False, 'cmake_args': None, 'cmake_clean_cache': False, 'cmake_clean_first': False, 'cmake_force_configure': False, 'cmake_target': None, 'cmake_target_skip_unavailable': False, 'install_base': '/workspaces/isaac_ros-dev/install/isaac_ros_common', 'merge_install': False, 'path': '/workspaces/isaac_ros-dev/isaac_ros_common', 'symlink_install': False, 'test_result_base': None}
[2.438s] Level 5:colcon.colcon_core.verb:set package 'isaac_ros_test' build argument 'cmake_args' from command line to 'None'
[2.438s] Level 5:colcon.colcon_core.verb:set package 'isaac_ros_test' build argument 'cmake_target' from command line to 'None'
[2.438s] Level 5:colcon.colcon_core.verb:set package 'isaac_ros_test' build argument 'cmake_target_skip_unavailable' from command line to 'False'
[2.438s] Level 5:colcon.colcon_core.verb:set package 'isaac_ros_test' build argument 'cmake_clean_cache' from command line to 'False'
[2.438s] Level 5:colcon.colcon_core.verb:set package 'isaac_ros_test' build argument 'cmake_clean_first' from command line to 'False'
[2.438s] Level 5:colcon.colcon_core.verb:set package 'isaac_ros_test' build argument 'cmake_force_configure' from command line to 'False'
[2.438s] Level 5:colcon.colcon_core.verb:set package 'isaac_ros_test' build argument 'ament_cmake_args' from command line to 'None'
[2.438s] Level 5:colcon.colcon_core.verb:set package 'isaac_ros_test' build argument 'catkin_cmake_args' from command line to 'None'
[2.438s] Level 5:colcon.colcon_core.verb:set package 'isaac_ros_test' build argument 'catkin_skip_building_tests' from command line to 'False'
[2.438s] DEBUG:colcon.colcon_core.verb:Building package 'isaac_ros_test' with the following arguments: {'ament_cmake_args': None, 'build_base': '/workspaces/isaac_ros-dev/build/isaac_ros_test', 'catkin_cmake_args': None, 'catkin_skip_building_tests': False, 'cmake_args': None, 'cmake_clean_cache': False, 'cmake_clean_first': False, 'cmake_force_configure': False, 'cmake_target': None, 'cmake_target_skip_unavailable': False, 'install_base': '/workspaces/isaac_ros-dev/install/isaac_ros_test', 'merge_install': False, 'path': '/workspaces/isaac_ros-dev/isaac_ros_test', 'symlink_install': False, 'test_result_base': None}
[2.448s] Level 5:colcon.colcon_core.verb:set package 'isaac_ros_apriltag_interfaces' build argument 'cmake_args' from command line to 'None'
[2.448s] Level 5:colcon.colcon_core.verb:set package 'isaac_ros_apriltag_interfaces' build argument 'cmake_target' from command line to 'None'
[2.448s] Level 5:colcon.colcon_core.verb:set package 'isaac_ros_apriltag_interfaces' build argument 'cmake_target_skip_unavailable' from command line to 'False'
[2.448s] Level 5:colcon.colcon_core.verb:set package 'isaac_ros_apriltag_interfaces' build argument 'cmake_clean_cache' from command line to 'False'
[2.448s] Level 5:colcon.colcon_core.verb:set package 'isaac_ros_apriltag_interfaces' build argument 'cmake_clean_first' from command line to 'False'
[2.448s] Level 5:colcon.colcon_core.verb:set package 'isaac_ros_apriltag_interfaces' build argument 'cmake_force_configure' from command line to 'False'
[2.448s] Level 5:colcon.colcon_core.verb:set package 'isaac_ros_apriltag_interfaces' build argument 'ament_cmake_args' from command line to 'None'
[2.449s] Level 5:colcon.colcon_core.verb:set package 'isaac_ros_apriltag_interfaces' build argument 'catkin_cmake_args' from command line to 'None'
[2.449s] Level 5:colcon.colcon_core.verb:set package 'isaac_ros_apriltag_interfaces' build argument 'catkin_skip_building_tests' from command line to 'False'
[2.449s] DEBUG:colcon.colcon_core.verb:Building package 'isaac_ros_apriltag_interfaces' with the following arguments: {'ament_cmake_args': None, 'build_base': '/workspaces/isaac_ros-dev/build/isaac_ros_apriltag_interfaces', 'catkin_cmake_args': None, 'catkin_skip_building_tests': False, 'cmake_args': None, 'cmake_clean_cache': False, 'cmake_clean_first': False, 'cmake_force_configure': False, 'cmake_target': None, 'cmake_target_skip_unavailable': False, 'install_base': '/workspaces/isaac_ros-dev/install/isaac_ros_apriltag_interfaces', 'merge_install': False, 'path': '/workspaces/isaac_ros-dev/isaac_ros_apriltag_interfaces', 'symlink_install': False, 'test_result_base': None}
[2.459s] Level 5:colcon.colcon_core.verb:set package 'isaac_ros_bi3d_interfaces' build argument 'cmake_args' from command line to 'None'
[2.459s] Level 5:colcon.colcon_core.verb:set package 'isaac_ros_bi3d_interfaces' build argument 'cmake_target' from command line to 'None'
[2.459s] Level 5:colcon.colcon_core.verb:set package 'isaac_ros_bi3d_interfaces' build argument 'cmake_target_skip_unavailable' from command line to 'False'
[2.459s] Level 5:colcon.colcon_core.verb:set package 'isaac_ros_bi3d_interfaces' build argument 'cmake_clean_cache' from command line to 'False'
[2.459s] Level 5:colcon.colcon_core.verb:set package 'isaac_ros_bi3d_interfaces' build argument 'cmake_clean_first' from command line to 'False'
[2.459s] Level 5:colcon.colcon_core.verb:set package 'isaac_ros_bi3d_interfaces' build argument 'cmake_force_configure' from command line to 'False'
[2.459s] Level 5:colcon.colcon_core.verb:set package 'isaac_ros_bi3d_interfaces' build argument 'ament_cmake_args' from command line to 'None'
[2.459s] Level 5:colcon.colcon_core.verb:set package 'isaac_ros_bi3d_interfaces' build argument 'catkin_cmake_args' from command line to 'None'
[2.459s] Level 5:colcon.colcon_core.verb:set package 'isaac_ros_bi3d_interfaces' build argument 'catkin_skip_building_tests' from command line to 'False'
[2.459s] DEBUG:colcon.colcon_core.verb:Building package 'isaac_ros_bi3d_interfaces' with the following arguments: {'ament_cmake_args': None, 'build_base': '/workspaces/isaac_ros-dev/build/isaac_ros_bi3d_interfaces', 'catkin_cmake_args': None, 'catkin_skip_building_tests': False, 'cmake_args': None, 'cmake_clean_cache': False, 'cmake_clean_first': False, 'cmake_force_configure': False, 'cmake_target': None, 'cmake_target_skip_unavailable': False, 'install_base': '/workspaces/isaac_ros-dev/install/isaac_ros_bi3d_interfaces', 'merge_install': False, 'path': '/workspaces/isaac_ros-dev/isaac_ros_bi3d_interfaces', 'symlink_install': False, 'test_result_base': None}
[2.469s] Level 5:colcon.colcon_core.verb:set package 'isaac_ros_nitros_bridge_interfaces' build argument 'cmake_args' from command line to 'None'
[2.469s] Level 5:colcon.colcon_core.verb:set package 'isaac_ros_nitros_bridge_interfaces' build argument 'cmake_target' from command line to 'None'
[2.469s] Level 5:colcon.colcon_core.verb:set package 'isaac_ros_nitros_bridge_interfaces' build argument 'cmake_target_skip_unavailable' from command line to 'False'
[2.469s] Level 5:colcon.colcon_core.verb:set package 'isaac_ros_nitros_bridge_interfaces' build argument 'cmake_clean_cache' from command line to 'False'
[2.469s] Level 5:colcon.colcon_core.verb:set package 'isaac_ros_nitros_bridge_interfaces' build argument 'cmake_clean_first' from command line to 'False'
[2.469s] Level 5:colcon.colcon_core.verb:set package 'isaac_ros_nitros_bridge_interfaces' build argument 'cmake_force_configure' from command line to 'False'
[2.469s] Level 5:colcon.colcon_core.verb:set package 'isaac_ros_nitros_bridge_interfaces' build argument 'ament_cmake_args' from command line to 'None'
[2.469s] Level 5:colcon.colcon_core.verb:set package 'isaac_ros_nitros_bridge_interfaces' build argument 'catkin_cmake_args' from command line to 'None'
[2.469s] Level 5:colcon.colcon_core.verb:set package 'isaac_ros_nitros_bridge_interfaces' build argument 'catkin_skip_building_tests' from command line to 'False'
[2.469s] DEBUG:colcon.colcon_core.verb:Building package 'isaac_ros_nitros_bridge_interfaces' with the following arguments: {'ament_cmake_args': None, 'build_base': '/workspaces/isaac_ros-dev/build/isaac_ros_nitros_bridge_interfaces', 'catkin_cmake_args': None, 'catkin_skip_building_tests': False, 'cmake_args': None, 'cmake_clean_cache': False, 'cmake_clean_first': False, 'cmake_force_configure': False, 'cmake_target': None, 'cmake_target_skip_unavailable': False, 'install_base': '/workspaces/isaac_ros-dev/install/isaac_ros_nitros_bridge_interfaces', 'merge_install': False, 'path': '/workspaces/isaac_ros-dev/isaac_ros_nitros_bridge_interfaces', 'symlink_install': False, 'test_result_base': None}
[2.480s] Level 5:colcon.colcon_core.verb:set package 'isaac_ros_nova_interfaces' build argument 'cmake_args' from command line to 'None'
[2.480s] Level 5:colcon.colcon_core.verb:set package 'isaac_ros_nova_interfaces' build argument 'cmake_target' from command line to 'None'
[2.480s] Level 5:colcon.colcon_core.verb:set package 'isaac_ros_nova_interfaces' build argument 'cmake_target_skip_unavailable' from command line to 'False'
[2.480s] Level 5:colcon.colcon_core.verb:set package 'isaac_ros_nova_interfaces' build argument 'cmake_clean_cache' from command line to 'False'
[2.480s] Level 5:colcon.colcon_core.verb:set package 'isaac_ros_nova_interfaces' build argument 'cmake_clean_first' from command line to 'False'
[2.480s] Level 5:colcon.colcon_core.verb:set package 'isaac_ros_nova_interfaces' build argument 'cmake_force_configure' from command line to 'False'
[2.480s] Level 5:colcon.colcon_core.verb:set package 'isaac_ros_nova_interfaces' build argument 'ament_cmake_args' from command line to 'None'
[2.480s] Level 5:colcon.colcon_core.verb:set package 'isaac_ros_nova_interfaces' build argument 'catkin_cmake_args' from command line to 'None'
[2.480s] Level 5:colcon.colcon_core.verb:set package 'isaac_ros_nova_interfaces' build argument 'catkin_skip_building_tests' from command line to 'False'
[2.480s] DEBUG:colcon.colcon_core.verb:Building package 'isaac_ros_nova_interfaces' with the following arguments: {'ament_cmake_args': None, 'build_base': '/workspaces/isaac_ros-dev/build/isaac_ros_nova_interfaces', 'catkin_cmake_args': None, 'catkin_skip_building_tests': False, 'cmake_args': None, 'cmake_clean_cache': False, 'cmake_clean_first': False, 'cmake_force_configure': False, 'cmake_target': None, 'cmake_target_skip_unavailable': False, 'install_base': '/workspaces/isaac_ros-dev/install/isaac_ros_nova_interfaces', 'merge_install': False, 'path': '/workspaces/isaac_ros-dev/isaac_ros_nova_interfaces', 'symlink_install': False, 'test_result_base': None}
[2.490s] Level 5:colcon.colcon_core.verb:set package 'isaac_ros_pointcloud_interfaces' build argument 'cmake_args' from command line to 'None'
[2.490s] Level 5:colcon.colcon_core.verb:set package 'isaac_ros_pointcloud_interfaces' build argument 'cmake_target' from command line to 'None'
[2.490s] Level 5:colcon.colcon_core.verb:set package 'isaac_ros_pointcloud_interfaces' build argument 'cmake_target_skip_unavailable' from command line to 'False'
[2.490s] Level 5:colcon.colcon_core.verb:set package 'isaac_ros_pointcloud_interfaces' build argument 'cmake_clean_cache' from command line to 'False'
[2.490s] Level 5:colcon.colcon_core.verb:set package 'isaac_ros_pointcloud_interfaces' build argument 'cmake_clean_first' from command line to 'False'
[2.490s] Level 5:colcon.colcon_core.verb:set package 'isaac_ros_pointcloud_interfaces' build argument 'cmake_force_configure' from command line to 'False'
[2.490s] Level 5:colcon.colcon_core.verb:set package 'isaac_ros_pointcloud_interfaces' build argument 'ament_cmake_args' from command line to 'None'
[2.490s] Level 5:colcon.colcon_core.verb:set package 'isaac_ros_pointcloud_interfaces' build argument 'catkin_cmake_args' from command line to 'None'
[2.490s] Level 5:colcon.colcon_core.verb:set package 'isaac_ros_pointcloud_interfaces' build argument 'catkin_skip_building_tests' from command line to 'False'
[2.490s] DEBUG:colcon.colcon_core.verb:Building package 'isaac_ros_pointcloud_interfaces' with the following arguments: {'ament_cmake_args': None, 'build_base': '/workspaces/isaac_ros-dev/build/isaac_ros_pointcloud_interfaces', 'catkin_cmake_args': None, 'catkin_skip_building_tests': False, 'cmake_args': None, 'cmake_clean_cache': False, 'cmake_clean_first': False, 'cmake_force_configure': False, 'cmake_target': None, 'cmake_target_skip_unavailable': False, 'install_base': '/workspaces/isaac_ros-dev/install/isaac_ros_pointcloud_interfaces', 'merge_install': False, 'path': '/workspaces/isaac_ros-dev/isaac_ros_pointcloud_interfaces', 'symlink_install': False, 'test_result_base': None}
[2.501s] Level 5:colcon.colcon_core.verb:set package 'isaac_ros_tensor_list_interfaces' build argument 'cmake_args' from command line to 'None'
[2.501s] Level 5:colcon.colcon_core.verb:set package 'isaac_ros_tensor_list_interfaces' build argument 'cmake_target' from command line to 'None'
[2.501s] Level 5:colcon.colcon_core.verb:set package 'isaac_ros_tensor_list_interfaces' build argument 'cmake_target_skip_unavailable' from command line to 'False'
[2.501s] Level 5:colcon.colcon_core.verb:set package 'isaac_ros_tensor_list_interfaces' build argument 'cmake_clean_cache' from command line to 'False'
[2.501s] Level 5:colcon.colcon_core.verb:set package 'isaac_ros_tensor_list_interfaces' build argument 'cmake_clean_first' from command line to 'False'
[2.501s] Level 5:colcon.colcon_core.verb:set package 'isaac_ros_tensor_list_interfaces' build argument 'cmake_force_configure' from command line to 'False'
[2.501s] Level 5:colcon.colcon_core.verb:set package 'isaac_ros_tensor_list_interfaces' build argument 'ament_cmake_args' from command line to 'None'
[2.501s] Level 5:colcon.colcon_core.verb:set package 'isaac_ros_tensor_list_interfaces' build argument 'catkin_cmake_args' from command line to 'None'
[2.501s] Level 5:colcon.colcon_core.verb:set package 'isaac_ros_tensor_list_interfaces' build argument 'catkin_skip_building_tests' from command line to 'False'
[2.501s] DEBUG:colcon.colcon_core.verb:Building package 'isaac_ros_tensor_list_interfaces' with the following arguments: {'ament_cmake_args': None, 'build_base': '/workspaces/isaac_ros-dev/build/isaac_ros_tensor_list_interfaces', 'catkin_cmake_args': None, 'catkin_skip_building_tests': False, 'cmake_args': None, 'cmake_clean_cache': False, 'cmake_clean_first': False, 'cmake_force_configure': False, 'cmake_target': None, 'cmake_target_skip_unavailable': False, 'install_base': '/workspaces/isaac_ros-dev/install/isaac_ros_tensor_list_interfaces', 'merge_install': False, 'path': '/workspaces/isaac_ros-dev/isaac_ros_tensor_list_interfaces', 'symlink_install': False, 'test_result_base': None}
[2.511s] INFO:colcon.colcon_core.executor:Executing jobs using 'parallel' executor
[2.522s] DEBUG:colcon.colcon_parallel_executor.executor.parallel:run_until_complete
[2.523s] INFO:colcon.colcon_ros.task.ament_cmake.build:Building ROS package in '/workspaces/isaac_ros-dev/isaac_ros_common' with build type 'ament_cmake'
[2.523s] INFO:colcon.colcon_cmake.task.cmake.build:Building CMake package in '/workspaces/isaac_ros-dev/isaac_ros_common'
[2.541s] INFO:colcon.colcon_core.plugin_system:Skipping extension 'colcon_core.shell.bat': Not used on non-Windows systems
[2.541s] INFO:colcon.colcon_core.shell:Skip shell extension 'powershell' for command environment: Not usable outside of PowerShell
[2.541s] DEBUG:colcon.colcon_core.shell:Skip shell extension 'dsv' for command environment
[2.567s] INFO:colcon.colcon_ros.task.ament_python.build:Building ROS package in '/workspaces/isaac_ros-dev/isaac_ros_test' with build type 'ament_python'
[2.567s] Level 1:colcon.colcon_core.shell:create_environment_hook('isaac_ros_test', 'ament_prefix_path')
[2.579s] INFO:colcon.colcon_core.shell:Creating environment hook '/workspaces/isaac_ros-dev/install/isaac_ros_test/share/isaac_ros_test/hook/ament_prefix_path.ps1'
[2.580s] INFO:colcon.colcon_core.shell:Creating environment descriptor '/workspaces/isaac_ros-dev/install/isaac_ros_test/share/isaac_ros_test/hook/ament_prefix_path.dsv'
[2.580s] INFO:colcon.colcon_core.shell:Creating environment hook '/workspaces/isaac_ros-dev/install/isaac_ros_test/share/isaac_ros_test/hook/ament_prefix_path.sh'
[2.591s] INFO:colcon.colcon_core.shell:Skip shell extension 'powershell' for command environment: Not usable outside of PowerShell
[2.591s] DEBUG:colcon.colcon_core.shell:Skip shell extension 'dsv' for command environment
[2.619s] DEBUG:colcon.colcon_core.event_handler.log_command:Invoking command in '/workspaces/isaac_ros-dev/build/isaac_ros_common': CMAKE_PREFIX_PATH=/opt/ros/humble /usr/bin/cmake /workspaces/isaac_ros-dev/isaac_ros_common -DCMAKE_INSTALL_PREFIX=/workspaces/isaac_ros-dev/install/isaac_ros_common
[2.797s] INFO:colcon.colcon_core.task.python.build:Building Python package in '/workspaces/isaac_ros-dev/isaac_ros_test'
[2.809s] INFO:colcon.colcon_core.shell:Skip shell extension 'powershell' for command environment: Not usable outside of PowerShell
[2.809s] DEBUG:colcon.colcon_core.shell:Skip shell extension 'dsv' for command environment
[3.269s] DEBUG:colcon.colcon_core.event_handler.log_command:Invoking command in '/workspaces/isaac_ros-dev/isaac_ros_test': PYTHONPATH=/workspaces/isaac_ros-dev/build/isaac_ros_test/prefix_override:/workspaces/isaac_ros-dev/install/isaac_ros_test/lib/python3.8/site-packages:${PYTHONPATH} /usr/bin/python3 setup.py egg_info --egg-base ../build/isaac_ros_test build --build-base /workspaces/isaac_ros-dev/build/isaac_ros_test/build install --record /workspaces/isaac_ros-dev/build/isaac_ros_test/install.log --single-version-externally-managed
[3.719s] DEBUG:colcon.colcon_core.event_handler.log_command:Invoked command in '/workspaces/isaac_ros-dev/isaac_ros_test' returned '0': PYTHONPATH=/workspaces/isaac_ros-dev/build/isaac_ros_test/prefix_override:/workspaces/isaac_ros-dev/install/isaac_ros_test/lib/python3.8/site-packages:${PYTHONPATH} /usr/bin/python3 setup.py egg_info --egg-base ../build/isaac_ros_test build --build-base /workspaces/isaac_ros-dev/build/isaac_ros_test/build install --record /workspaces/isaac_ros-dev/build/isaac_ros_test/install.log --single-version-externally-managed
[3.734s] Level 1:colcon.colcon_core.environment:checking '/workspaces/isaac_ros-dev/install/isaac_ros_test' for CMake module files
[3.735s] Level 1:colcon.colcon_core.environment:checking '/workspaces/isaac_ros-dev/install/isaac_ros_test' for CMake config files
[3.735s] Level 1:colcon.colcon_core.environment:checking '/workspaces/isaac_ros-dev/install/isaac_ros_test/lib'
[3.735s] Level 1:colcon.colcon_core.environment:checking '/workspaces/isaac_ros-dev/install/isaac_ros_test/bin'
[3.735s] Level 1:colcon.colcon_core.environment:checking '/workspaces/isaac_ros-dev/install/isaac_ros_test/lib/pkgconfig/isaac_ros_test.pc'
[3.736s] Level 1:colcon.colcon_core.environment:checking '/workspaces/isaac_ros-dev/install/isaac_ros_test/lib/python3.8/site-packages'
[3.736s] Level 1:colcon.colcon_core.shell:create_environment_hook('isaac_ros_test', 'pythonpath')
[3.747s] INFO:colcon.colcon_core.shell:Creating environment hook '/workspaces/isaac_ros-dev/install/isaac_ros_test/share/isaac_ros_test/hook/pythonpath.ps1'
[3.747s] INFO:colcon.colcon_core.shell:Creating environment descriptor '/workspaces/isaac_ros-dev/install/isaac_ros_test/share/isaac_ros_test/hook/pythonpath.dsv'
[3.748s] INFO:colcon.colcon_core.shell:Creating environment hook '/workspaces/isaac_ros-dev/install/isaac_ros_test/share/isaac_ros_test/hook/pythonpath.sh'
[3.748s] Level 1:colcon.colcon_core.environment:checking '/workspaces/isaac_ros-dev/install/isaac_ros_test/bin'
[3.748s] Level 1:colcon.colcon_core.environment:create_environment_scripts_only(isaac_ros_test)
[3.759s] INFO:colcon.colcon_core.shell:Creating package script '/workspaces/isaac_ros-dev/install/isaac_ros_test/share/isaac_ros_test/package.ps1'
[3.760s] INFO:colcon.colcon_core.shell:Creating package descriptor '/workspaces/isaac_ros-dev/install/isaac_ros_test/share/isaac_ros_test/package.dsv'
[3.760s] INFO:colcon.colcon_core.shell:Creating package script '/workspaces/isaac_ros-dev/install/isaac_ros_test/share/isaac_ros_test/package.sh'
[3.761s] INFO:colcon.colcon_core.shell:Creating package script '/workspaces/isaac_ros-dev/install/isaac_ros_test/share/isaac_ros_test/package.bash'
[3.762s] INFO:colcon.colcon_core.shell:Creating package script '/workspaces/isaac_ros-dev/install/isaac_ros_test/share/isaac_ros_test/package.zsh'
[3.762s] Level 1:colcon.colcon_core.environment:create_file_with_runtime_dependencies(/workspaces/isaac_ros-dev/install/isaac_ros_test/share/colcon-core/packages/isaac_ros_test)
[4.296s] DEBUG:colcon.colcon_core.event_handler.log_command:Invoked command in '/workspaces/isaac_ros-dev/build/isaac_ros_common' returned '0': CMAKE_PREFIX_PATH=/opt/ros/humble /usr/bin/cmake /workspaces/isaac_ros-dev/isaac_ros_common -DCMAKE_INSTALL_PREFIX=/workspaces/isaac_ros-dev/install/isaac_ros_common
[4.300s] DEBUG:colcon.colcon_core.event_handler.log_command:Invoking command in '/workspaces/isaac_ros-dev/build/isaac_ros_common': CMAKE_PREFIX_PATH=/opt/ros/humble /usr/bin/cmake --build /workspaces/isaac_ros-dev/build/isaac_ros_common -- -j12 -l12
[7.529s] DEBUG:colcon.colcon_core.event_handler.log_command:Invoked command in '/workspaces/isaac_ros-dev/build/isaac_ros_common' returned '0': CMAKE_PREFIX_PATH=/opt/ros/humble /usr/bin/cmake --build /workspaces/isaac_ros-dev/build/isaac_ros_common -- -j12 -l12
[7.573s] DEBUG:colcon.colcon_core.event_handler.log_command:Invoking command in '/workspaces/isaac_ros-dev/build/isaac_ros_common': CMAKE_PREFIX_PATH=/opt/ros/humble /usr/bin/cmake --install /workspaces/isaac_ros-dev/build/isaac_ros_common
[7.582s] Level 1:colcon.colcon_core.environment:create_environment_scripts_only(isaac_ros_common)
[7.586s] DEBUG:colcon.colcon_core.event_handler.log_command:Invoked command in '/workspaces/isaac_ros-dev/build/isaac_ros_common' returned '0': CMAKE_PREFIX_PATH=/opt/ros/humble /usr/bin/cmake --install /workspaces/isaac_ros-dev/build/isaac_ros_common
[7.596s] Level 1:colcon.colcon_core.environment:checking '/workspaces/isaac_ros-dev/install/isaac_ros_common' for CMake module files
[7.596s] Level 1:colcon.colcon_core.environment:checking '/workspaces/isaac_ros-dev/install/isaac_ros_common' for CMake config files
[7.596s] Level 1:colcon.colcon_core.shell:create_environment_hook('isaac_ros_common', 'cmake_prefix_path')
[7.607s] INFO:colcon.colcon_core.shell:Creating environment hook '/workspaces/isaac_ros-dev/install/isaac_ros_common/share/isaac_ros_common/hook/cmake_prefix_path.ps1'
[7.608s] INFO:colcon.colcon_core.shell:Creating environment descriptor '/workspaces/isaac_ros-dev/install/isaac_ros_common/share/isaac_ros_common/hook/cmake_prefix_path.dsv'
[7.608s] INFO:colcon.colcon_core.shell:Creating environment hook '/workspaces/isaac_ros-dev/install/isaac_ros_common/share/isaac_ros_common/hook/cmake_prefix_path.sh'
[7.608s] Level 1:colcon.colcon_core.environment:checking '/workspaces/isaac_ros-dev/install/isaac_ros_common/lib'
[7.608s] Level 1:colcon.colcon_core.shell:create_environment_hook('isaac_ros_common', 'ld_library_path_lib')
[7.619s] INFO:colcon.colcon_core.shell:Creating environment hook '/workspaces/isaac_ros-dev/install/isaac_ros_common/share/isaac_ros_common/hook/ld_library_path_lib.ps1'
[7.619s] INFO:colcon.colcon_core.shell:Creating environment descriptor '/workspaces/isaac_ros-dev/install/isaac_ros_common/share/isaac_ros_common/hook/ld_library_path_lib.dsv'
[7.619s] INFO:colcon.colcon_core.shell:Creating environment hook '/workspaces/isaac_ros-dev/install/isaac_ros_common/share/isaac_ros_common/hook/ld_library_path_lib.sh'
[7.620s] Level 1:colcon.colcon_core.environment:checking '/workspaces/isaac_ros-dev/install/isaac_ros_common/bin'
[7.620s] Level 1:colcon.colcon_core.environment:checking '/workspaces/isaac_ros-dev/install/isaac_ros_common/lib/pkgconfig/isaac_ros_common.pc'
[7.620s] Level 1:colcon.colcon_core.environment:checking '/workspaces/isaac_ros-dev/install/isaac_ros_common/lib/python3.8/site-packages'
[7.620s] Level 1:colcon.colcon_core.environment:checking '/workspaces/isaac_ros-dev/install/isaac_ros_common/bin'
[7.630s] INFO:colcon.colcon_core.shell:Creating package script '/workspaces/isaac_ros-dev/install/isaac_ros_common/share/isaac_ros_common/package.ps1'
[7.631s] INFO:colcon.colcon_core.shell:Creating package descriptor '/workspaces/isaac_ros-dev/install/isaac_ros_common/share/isaac_ros_common/package.dsv'
[7.631s] INFO:colcon.colcon_core.shell:Creating package script '/workspaces/isaac_ros-dev/install/isaac_ros_common/share/isaac_ros_common/package.sh'
[7.631s] INFO:colcon.colcon_core.shell:Creating package script '/workspaces/isaac_ros-dev/install/isaac_ros_common/share/isaac_ros_common/package.bash'
[7.631s] INFO:colcon.colcon_core.shell:Creating package script '/workspaces/isaac_ros-dev/install/isaac_ros_common/share/isaac_ros_common/package.zsh'
[7.632s] Level 1:colcon.colcon_core.environment:create_file_with_runtime_dependencies(/workspaces/isaac_ros-dev/install/isaac_ros_common/share/colcon-core/packages/isaac_ros_common)
[7.681s] Level 1:colcon.colcon_core.environment:create_environment_scripts_only(isaac_ros_common)
[7.692s] Level 1:colcon.colcon_core.environment:checking '/workspaces/isaac_ros-dev/install/isaac_ros_common' for CMake module files
[7.693s] Level 1:colcon.colcon_core.environment:checking '/workspaces/isaac_ros-dev/install/isaac_ros_common' for CMake config files
[7.693s] Level 1:colcon.colcon_core.shell:create_environment_hook('isaac_ros_common', 'cmake_prefix_path')
[7.703s] INFO:colcon.colcon_core.shell:Creating environment hook '/workspaces/isaac_ros-dev/install/isaac_ros_common/share/isaac_ros_common/hook/cmake_prefix_path.ps1'
[7.704s] INFO:colcon.colcon_core.shell:Creating environment descriptor '/workspaces/isaac_ros-dev/install/isaac_ros_common/share/isaac_ros_common/hook/cmake_prefix_path.dsv'
[7.704s] INFO:colcon.colcon_core.shell:Creating environment hook '/workspaces/isaac_ros-dev/install/isaac_ros_common/share/isaac_ros_common/hook/cmake_prefix_path.sh'
[7.704s] Level 1:colcon.colcon_core.environment:checking '/workspaces/isaac_ros-dev/install/isaac_ros_common/lib'
[7.705s] Level 1:colcon.colcon_core.shell:create_environment_hook('isaac_ros_common', 'ld_library_path_lib')
[7.715s] INFO:colcon.colcon_core.shell:Creating environment hook '/workspaces/isaac_ros-dev/install/isaac_ros_common/share/isaac_ros_common/hook/ld_library_path_lib.ps1'
[7.715s] INFO:colcon.colcon_core.shell:Creating environment descriptor '/workspaces/isaac_ros-dev/install/isaac_ros_common/share/isaac_ros_common/hook/ld_library_path_lib.dsv'
[7.716s] INFO:colcon.colcon_core.shell:Creating environment hook '/workspaces/isaac_ros-dev/install/isaac_ros_common/share/isaac_ros_common/hook/ld_library_path_lib.sh'
[7.716s] Level 1:colcon.colcon_core.environment:checking '/workspaces/isaac_ros-dev/install/isaac_ros_common/bin'
[7.716s] Level 1:colcon.colcon_core.environment:checking '/workspaces/isaac_ros-dev/install/isaac_ros_common/lib/pkgconfig/isaac_ros_common.pc'
[7.716s] Level 1:colcon.colcon_core.environment:checking '/workspaces/isaac_ros-dev/install/isaac_ros_common/lib/python3.8/site-packages'
[7.716s] Level 1:colcon.colcon_core.environment:checking '/workspaces/isaac_ros-dev/install/isaac_ros_common/bin'
[7.727s] INFO:colcon.colcon_core.shell:Creating package script '/workspaces/isaac_ros-dev/install/isaac_ros_common/share/isaac_ros_common/package.ps1'
[7.727s] INFO:colcon.colcon_core.shell:Creating package descriptor '/workspaces/isaac_ros-dev/install/isaac_ros_common/share/isaac_ros_common/package.dsv'
[7.728s] INFO:colcon.colcon_core.shell:Creating package script '/workspaces/isaac_ros-dev/install/isaac_ros_common/share/isaac_ros_common/package.sh'
[7.728s] INFO:colcon.colcon_core.shell:Creating package script '/workspaces/isaac_ros-dev/install/isaac_ros_common/share/isaac_ros_common/package.bash'
[7.728s] INFO:colcon.colcon_core.shell:Creating package script '/workspaces/isaac_ros-dev/install/isaac_ros_common/share/isaac_ros_common/package.zsh'
[7.729s] Level 1:colcon.colcon_core.environment:create_file_with_runtime_dependencies(/workspaces/isaac_ros-dev/install/isaac_ros_common/share/colcon-core/packages/isaac_ros_common)
[7.729s] INFO:colcon.colcon_ros.task.ament_cmake.build:Building ROS package in '/workspaces/isaac_ros-dev/isaac_ros_apriltag_interfaces' with build type 'ament_cmake'
[7.729s] INFO:colcon.colcon_cmake.task.cmake.build:Building CMake package in '/workspaces/isaac_ros-dev/isaac_ros_apriltag_interfaces'
[7.741s] INFO:colcon.colcon_core.shell:Skip shell extension 'powershell' for command environment: Not usable outside of PowerShell
[7.741s] DEBUG:colcon.colcon_core.shell:Skip shell extension 'dsv' for command environment
[7.767s] INFO:colcon.colcon_ros.task.ament_cmake.build:Building ROS package in '/workspaces/isaac_ros-dev/isaac_ros_bi3d_interfaces' with build type 'ament_cmake'
[7.768s] INFO:colcon.colcon_cmake.task.cmake.build:Building CMake package in '/workspaces/isaac_ros-dev/isaac_ros_bi3d_interfaces'
[7.780s] INFO:colcon.colcon_core.shell:Skip shell extension 'powershell' for command environment: Not usable outside of PowerShell
[7.780s] DEBUG:colcon.colcon_core.shell:Skip shell extension 'dsv' for command environment
[7.805s] INFO:colcon.colcon_ros.task.ament_cmake.build:Building ROS package in '/workspaces/isaac_ros-dev/isaac_ros_nitros_bridge_interfaces' with build type 'ament_cmake'
[7.806s] INFO:colcon.colcon_cmake.task.cmake.build:Building CMake package in '/workspaces/isaac_ros-dev/isaac_ros_nitros_bridge_interfaces'
[7.817s] INFO:colcon.colcon_core.shell:Skip shell extension 'powershell' for command environment: Not usable outside of PowerShell
[7.817s] DEBUG:colcon.colcon_core.shell:Skip shell extension 'dsv' for command environment
[7.843s] INFO:colcon.colcon_ros.task.ament_cmake.build:Building ROS package in '/workspaces/isaac_ros-dev/isaac_ros_nova_interfaces' with build type 'ament_cmake'
[7.844s] INFO:colcon.colcon_cmake.task.cmake.build:Building CMake package in '/workspaces/isaac_ros-dev/isaac_ros_nova_interfaces'
[7.855s] INFO:colcon.colcon_core.shell:Skip shell extension 'powershell' for command environment: Not usable outside of PowerShell
[7.855s] DEBUG:colcon.colcon_core.shell:Skip shell extension 'dsv' for command environment
[7.881s] INFO:colcon.colcon_ros.task.ament_cmake.build:Building ROS package in '/workspaces/isaac_ros-dev/isaac_ros_pointcloud_interfaces' with build type 'ament_cmake'
[7.882s] INFO:colcon.colcon_cmake.task.cmake.build:Building CMake package in '/workspaces/isaac_ros-dev/isaac_ros_pointcloud_interfaces'
[7.893s] INFO:colcon.colcon_core.shell:Skip shell extension 'powershell' for command environment: Not usable outside of PowerShell
[7.893s] DEBUG:colcon.colcon_core.shell:Skip shell extension 'dsv' for command environment
[7.929s] INFO:colcon.colcon_ros.task.ament_cmake.build:Building ROS package in '/workspaces/isaac_ros-dev/isaac_ros_tensor_list_interfaces' with build type 'ament_cmake'
[7.929s] INFO:colcon.colcon_cmake.task.cmake.build:Building CMake package in '/workspaces/isaac_ros-dev/isaac_ros_tensor_list_interfaces'
[7.942s] INFO:colcon.colcon_core.shell:Skip shell extension 'powershell' for command environment: Not usable outside of PowerShell
[7.942s] DEBUG:colcon.colcon_core.shell:Skip shell extension 'dsv' for command environment
[7.973s] DEBUG:colcon.colcon_core.event_handler.log_command:Invoking command in '/workspaces/isaac_ros-dev/build/isaac_ros_apriltag_interfaces': AMENT_PREFIX_PATH=/workspaces/isaac_ros-dev/install/isaac_ros_common:${AMENT_PREFIX_PATH} CMAKE_PREFIX_PATH=/workspaces/isaac_ros-dev/install/isaac_ros_common:/opt/ros/humble LD_LIBRARY_PATH=/workspaces/isaac_ros-dev/install/isaac_ros_common/lib:${LD_LIBRARY_PATH} /usr/bin/cmake /workspaces/isaac_ros-dev/isaac_ros_apriltag_interfaces -DCMAKE_INSTALL_PREFIX=/workspaces/isaac_ros-dev/install/isaac_ros_apriltag_interfaces
[7.979s] DEBUG:colcon.colcon_core.event_handler.log_command:Invoking command in '/workspaces/isaac_ros-dev/build/isaac_ros_bi3d_interfaces': AMENT_PREFIX_PATH=/workspaces/isaac_ros-dev/install/isaac_ros_common:${AMENT_PREFIX_PATH} CMAKE_PREFIX_PATH=/workspaces/isaac_ros-dev/install/isaac_ros_common:/opt/ros/humble LD_LIBRARY_PATH=/workspaces/isaac_ros-dev/install/isaac_ros_common/lib:${LD_LIBRARY_PATH} /usr/bin/cmake /workspaces/isaac_ros-dev/isaac_ros_bi3d_interfaces -DCMAKE_INSTALL_PREFIX=/workspaces/isaac_ros-dev/install/isaac_ros_bi3d_interfaces
[7.983s] DEBUG:colcon.colcon_core.event_handler.log_command:Invoking command in '/workspaces/isaac_ros-dev/build/isaac_ros_nitros_bridge_interfaces': AMENT_PREFIX_PATH=/workspaces/isaac_ros-dev/install/isaac_ros_common:${AMENT_PREFIX_PATH} CMAKE_PREFIX_PATH=/workspaces/isaac_ros-dev/install/isaac_ros_common:/opt/ros/humble LD_LIBRARY_PATH=/workspaces/isaac_ros-dev/install/isaac_ros_common/lib:${LD_LIBRARY_PATH} /usr/bin/cmake /workspaces/isaac_ros-dev/isaac_ros_nitros_bridge_interfaces -DCMAKE_INSTALL_PREFIX=/workspaces/isaac_ros-dev/install/isaac_ros_nitros_bridge_interfaces
[7.988s] DEBUG:colcon.colcon_core.event_handler.log_command:Invoking command in '/workspaces/isaac_ros-dev/build/isaac_ros_nova_interfaces': AMENT_PREFIX_PATH=/workspaces/isaac_ros-dev/install/isaac_ros_common:${AMENT_PREFIX_PATH} CMAKE_PREFIX_PATH=/workspaces/isaac_ros-dev/install/isaac_ros_common:/opt/ros/humble LD_LIBRARY_PATH=/workspaces/isaac_ros-dev/install/isaac_ros_common/lib:${LD_LIBRARY_PATH} /usr/bin/cmake /workspaces/isaac_ros-dev/isaac_ros_nova_interfaces -DCMAKE_INSTALL_PREFIX=/workspaces/isaac_ros-dev/install/isaac_ros_nova_interfaces
[7.989s] DEBUG:colcon.colcon_core.event_handler.log_command:Invoking command in '/workspaces/isaac_ros-dev/build/isaac_ros_pointcloud_interfaces': AMENT_PREFIX_PATH=/workspaces/isaac_ros-dev/install/isaac_ros_common:${AMENT_PREFIX_PATH} CMAKE_PREFIX_PATH=/workspaces/isaac_ros-dev/install/isaac_ros_common:/opt/ros/humble LD_LIBRARY_PATH=/workspaces/isaac_ros-dev/install/isaac_ros_common/lib:${LD_LIBRARY_PATH} /usr/bin/cmake /workspaces/isaac_ros-dev/isaac_ros_pointcloud_interfaces -DCMAKE_INSTALL_PREFIX=/workspaces/isaac_ros-dev/install/isaac_ros_pointcloud_interfaces
[7.996s] DEBUG:colcon.colcon_core.event_handler.log_command:Invoking command in '/workspaces/isaac_ros-dev/build/isaac_ros_tensor_list_interfaces': AMENT_PREFIX_PATH=/workspaces/isaac_ros-dev/install/isaac_ros_common:${AMENT_PREFIX_PATH} CMAKE_PREFIX_PATH=/workspaces/isaac_ros-dev/install/isaac_ros_common:/opt/ros/humble LD_LIBRARY_PATH=/workspaces/isaac_ros-dev/install/isaac_ros_common/lib:${LD_LIBRARY_PATH} /usr/bin/cmake /workspaces/isaac_ros-dev/isaac_ros_tensor_list_interfaces -DCMAKE_INSTALL_PREFIX=/workspaces/isaac_ros-dev/install/isaac_ros_tensor_list_interfaces
[12.264s] DEBUG:colcon.colcon_core.event_handler.log_command:Invoked command in '/workspaces/isaac_ros-dev/build/isaac_ros_nitros_bridge_interfaces' returned '0': AMENT_PREFIX_PATH=/workspaces/isaac_ros-dev/install/isaac_ros_common:${AMENT_PREFIX_PATH} CMAKE_PREFIX_PATH=/workspaces/isaac_ros-dev/install/isaac_ros_common:/opt/ros/humble LD_LIBRARY_PATH=/workspaces/isaac_ros-dev/install/isaac_ros_common/lib:${LD_LIBRARY_PATH} /usr/bin/cmake /workspaces/isaac_ros-dev/isaac_ros_nitros_bridge_interfaces -DCMAKE_INSTALL_PREFIX=/workspaces/isaac_ros-dev/install/isaac_ros_nitros_bridge_interfaces
[12.264s] DEBUG:colcon.colcon_core.event_handler.log_command:Invoking command in '/workspaces/isaac_ros-dev/build/isaac_ros_nitros_bridge_interfaces': AMENT_PREFIX_PATH=/workspaces/isaac_ros-dev/install/isaac_ros_common:${AMENT_PREFIX_PATH} CMAKE_PREFIX_PATH=/workspaces/isaac_ros-dev/install/isaac_ros_common:/opt/ros/humble LD_LIBRARY_PATH=/workspaces/isaac_ros-dev/install/isaac_ros_common/lib:${LD_LIBRARY_PATH} /usr/bin/cmake --build /workspaces/isaac_ros-dev/build/isaac_ros_nitros_bridge_interfaces -- -j12 -l12
[12.266s] DEBUG:colcon.colcon_core.event_handler.log_command:Invoked command in '/workspaces/isaac_ros-dev/build/isaac_ros_nova_interfaces' returned '0': AMENT_PREFIX_PATH=/workspaces/isaac_ros-dev/install/isaac_ros_common:${AMENT_PREFIX_PATH} CMAKE_PREFIX_PATH=/workspaces/isaac_ros-dev/install/isaac_ros_common:/opt/ros/humble LD_LIBRARY_PATH=/workspaces/isaac_ros-dev/install/isaac_ros_common/lib:${LD_LIBRARY_PATH} /usr/bin/cmake /workspaces/isaac_ros-dev/isaac_ros_nova_interfaces -DCMAKE_INSTALL_PREFIX=/workspaces/isaac_ros-dev/install/isaac_ros_nova_interfaces
[12.269s] DEBUG:colcon.colcon_core.event_handler.log_command:Invoking command in '/workspaces/isaac_ros-dev/build/isaac_ros_nova_interfaces': AMENT_PREFIX_PATH=/workspaces/isaac_ros-dev/install/isaac_ros_common:${AMENT_PREFIX_PATH} CMAKE_PREFIX_PATH=/workspaces/isaac_ros-dev/install/isaac_ros_common:/opt/ros/humble LD_LIBRARY_PATH=/workspaces/isaac_ros-dev/install/isaac_ros_common/lib:${LD_LIBRARY_PATH} /usr/bin/cmake --build /workspaces/isaac_ros-dev/build/isaac_ros_nova_interfaces -- -j12 -l12
[12.270s] DEBUG:colcon.colcon_core.event_handler.log_command:Invoked command in '/workspaces/isaac_ros-dev/build/isaac_ros_tensor_list_interfaces' returned '0': AMENT_PREFIX_PATH=/workspaces/isaac_ros-dev/install/isaac_ros_common:${AMENT_PREFIX_PATH} CMAKE_PREFIX_PATH=/workspaces/isaac_ros-dev/install/isaac_ros_common:/opt/ros/humble LD_LIBRARY_PATH=/workspaces/isaac_ros-dev/install/isaac_ros_common/lib:${LD_LIBRARY_PATH} /usr/bin/cmake /workspaces/isaac_ros-dev/isaac_ros_tensor_list_interfaces -DCMAKE_INSTALL_PREFIX=/workspaces/isaac_ros-dev/install/isaac_ros_tensor_list_interfaces
[12.274s] DEBUG:colcon.colcon_core.event_handler.log_command:Invoking command in '/workspaces/isaac_ros-dev/build/isaac_ros_tensor_list_interfaces': AMENT_PREFIX_PATH=/workspaces/isaac_ros-dev/install/isaac_ros_common:${AMENT_PREFIX_PATH} CMAKE_PREFIX_PATH=/workspaces/isaac_ros-dev/install/isaac_ros_common:/opt/ros/humble LD_LIBRARY_PATH=/workspaces/isaac_ros-dev/install/isaac_ros_common/lib:${LD_LIBRARY_PATH} /usr/bin/cmake --build /workspaces/isaac_ros-dev/build/isaac_ros_tensor_list_interfaces -- -j12 -l12
[12.276s] DEBUG:colcon.colcon_core.event_handler.log_command:Invoked command in '/workspaces/isaac_ros-dev/build/isaac_ros_bi3d_interfaces' returned '0': AMENT_PREFIX_PATH=/workspaces/isaac_ros-dev/install/isaac_ros_common:${AMENT_PREFIX_PATH} CMAKE_PREFIX_PATH=/workspaces/isaac_ros-dev/install/isaac_ros_common:/opt/ros/humble LD_LIBRARY_PATH=/workspaces/isaac_ros-dev/install/isaac_ros_common/lib:${LD_LIBRARY_PATH} /usr/bin/cmake /workspaces/isaac_ros-dev/isaac_ros_bi3d_interfaces -DCMAKE_INSTALL_PREFIX=/workspaces/isaac_ros-dev/install/isaac_ros_bi3d_interfaces
[12.279s] DEBUG:colcon.colcon_core.event_handler.log_command:Invoking command in '/workspaces/isaac_ros-dev/build/isaac_ros_bi3d_interfaces': AMENT_PREFIX_PATH=/workspaces/isaac_ros-dev/install/isaac_ros_common:${AMENT_PREFIX_PATH} CMAKE_PREFIX_PATH=/workspaces/isaac_ros-dev/install/isaac_ros_common:/opt/ros/humble LD_LIBRARY_PATH=/workspaces/isaac_ros-dev/install/isaac_ros_common/lib:${LD_LIBRARY_PATH} /usr/bin/cmake --build /workspaces/isaac_ros-dev/build/isaac_ros_bi3d_interfaces -- -j12 -l12
[12.281s] DEBUG:colcon.colcon_core.event_handler.log_command:Invoked command in '/workspaces/isaac_ros-dev/build/isaac_ros_pointcloud_interfaces' returned '0': AMENT_PREFIX_PATH=/workspaces/isaac_ros-dev/install/isaac_ros_common:${AMENT_PREFIX_PATH} CMAKE_PREFIX_PATH=/workspaces/isaac_ros-dev/install/isaac_ros_common:/opt/ros/humble LD_LIBRARY_PATH=/workspaces/isaac_ros-dev/install/isaac_ros_common/lib:${LD_LIBRARY_PATH} /usr/bin/cmake /workspaces/isaac_ros-dev/isaac_ros_pointcloud_interfaces -DCMAKE_INSTALL_PREFIX=/workspaces/isaac_ros-dev/install/isaac_ros_pointcloud_interfaces
[12.285s] DEBUG:colcon.colcon_core.event_handler.log_command:Invoking command in '/workspaces/isaac_ros-dev/build/isaac_ros_pointcloud_interfaces': AMENT_PREFIX_PATH=/workspaces/isaac_ros-dev/install/isaac_ros_common:${AMENT_PREFIX_PATH} CMAKE_PREFIX_PATH=/workspaces/isaac_ros-dev/install/isaac_ros_common:/opt/ros/humble LD_LIBRARY_PATH=/workspaces/isaac_ros-dev/install/isaac_ros_common/lib:${LD_LIBRARY_PATH} /usr/bin/cmake --build /workspaces/isaac_ros-dev/build/isaac_ros_pointcloud_interfaces -- -j12 -l12
[12.405s] DEBUG:colcon.colcon_core.event_handler.log_command:Invoked command in '/workspaces/isaac_ros-dev/build/isaac_ros_apriltag_interfaces' returned '0': AMENT_PREFIX_PATH=/workspaces/isaac_ros-dev/install/isaac_ros_common:${AMENT_PREFIX_PATH} CMAKE_PREFIX_PATH=/workspaces/isaac_ros-dev/install/isaac_ros_common:/opt/ros/humble LD_LIBRARY_PATH=/workspaces/isaac_ros-dev/install/isaac_ros_common/lib:${LD_LIBRARY_PATH} /usr/bin/cmake /workspaces/isaac_ros-dev/isaac_ros_apriltag_interfaces -DCMAKE_INSTALL_PREFIX=/workspaces/isaac_ros-dev/install/isaac_ros_apriltag_interfaces
[12.406s] DEBUG:colcon.colcon_core.event_handler.log_command:Invoking command in '/workspaces/isaac_ros-dev/build/isaac_ros_apriltag_interfaces': AMENT_PREFIX_PATH=/workspaces/isaac_ros-dev/install/isaac_ros_common:${AMENT_PREFIX_PATH} CMAKE_PREFIX_PATH=/workspaces/isaac_ros-dev/install/isaac_ros_common:/opt/ros/humble LD_LIBRARY_PATH=/workspaces/isaac_ros-dev/install/isaac_ros_common/lib:${LD_LIBRARY_PATH} /usr/bin/cmake --build /workspaces/isaac_ros-dev/build/isaac_ros_apriltag_interfaces -- -j12 -l12
[18.574s] DEBUG:colcon.colcon_core.event_handler.log_command:Invoked command in '/workspaces/isaac_ros-dev/build/isaac_ros_bi3d_interfaces' returned '0': AMENT_PREFIX_PATH=/workspaces/isaac_ros-dev/install/isaac_ros_common:${AMENT_PREFIX_PATH} CMAKE_PREFIX_PATH=/workspaces/isaac_ros-dev/install/isaac_ros_common:/opt/ros/humble LD_LIBRARY_PATH=/workspaces/isaac_ros-dev/install/isaac_ros_common/lib:${LD_LIBRARY_PATH} /usr/bin/cmake --build /workspaces/isaac_ros-dev/build/isaac_ros_bi3d_interfaces -- -j12 -l12
[18.704s] DEBUG:colcon.colcon_core.event_handler.log_command:Invoked command in '/workspaces/isaac_ros-dev/build/isaac_ros_nitros_bridge_interfaces' returned '0': AMENT_PREFIX_PATH=/workspaces/isaac_ros-dev/install/isaac_ros_common:${AMENT_PREFIX_PATH} CMAKE_PREFIX_PATH=/workspaces/isaac_ros-dev/install/isaac_ros_common:/opt/ros/humble LD_LIBRARY_PATH=/workspaces/isaac_ros-dev/install/isaac_ros_common/lib:${LD_LIBRARY_PATH} /usr/bin/cmake --build /workspaces/isaac_ros-dev/build/isaac_ros_nitros_bridge_interfaces -- -j12 -l12
[18.735s] DEBUG:colcon.colcon_core.event_handler.log_command:Invoking command in '/workspaces/isaac_ros-dev/build/isaac_ros_bi3d_interfaces': AMENT_PREFIX_PATH=/workspaces/isaac_ros-dev/install/isaac_ros_common:${AMENT_PREFIX_PATH} CMAKE_PREFIX_PATH=/workspaces/isaac_ros-dev/install/isaac_ros_common:/opt/ros/humble LD_LIBRARY_PATH=/workspaces/isaac_ros-dev/install/isaac_ros_common/lib:${LD_LIBRARY_PATH} /usr/bin/cmake --install /workspaces/isaac_ros-dev/build/isaac_ros_bi3d_interfaces
[18.864s] Level 1:colcon.colcon_core.environment:create_environment_scripts_only(isaac_ros_bi3d_interfaces)
[18.872s] DEBUG:colcon.colcon_core.event_handler.log_command:Invoked command in '/workspaces/isaac_ros-dev/build/isaac_ros_bi3d_interfaces' returned '0': AMENT_PREFIX_PATH=/workspaces/isaac_ros-dev/install/isaac_ros_common:${AMENT_PREFIX_PATH} CMAKE_PREFIX_PATH=/workspaces/isaac_ros-dev/install/isaac_ros_common:/opt/ros/humble LD_LIBRARY_PATH=/workspaces/isaac_ros-dev/install/isaac_ros_common/lib:${LD_LIBRARY_PATH} /usr/bin/cmake --install /workspaces/isaac_ros-dev/build/isaac_ros_bi3d_interfaces
[18.886s] Level 1:colcon.colcon_core.environment:checking '/workspaces/isaac_ros-dev/install/isaac_ros_bi3d_interfaces' for CMake module files
[18.890s] Level 1:colcon.colcon_core.environment:checking '/workspaces/isaac_ros-dev/install/isaac_ros_bi3d_interfaces' for CMake config files
[18.891s] Level 1:colcon.colcon_core.shell:create_environment_hook('isaac_ros_bi3d_interfaces', 'cmake_prefix_path')
[18.907s] INFO:colcon.colcon_core.shell:Creating environment hook '/workspaces/isaac_ros-dev/install/isaac_ros_bi3d_interfaces/share/isaac_ros_bi3d_interfaces/hook/cmake_prefix_path.ps1'
[18.908s] INFO:colcon.colcon_core.shell:Creating environment descriptor '/workspaces/isaac_ros-dev/install/isaac_ros_bi3d_interfaces/share/isaac_ros_bi3d_interfaces/hook/cmake_prefix_path.dsv'
[18.908s] INFO:colcon.colcon_core.shell:Creating environment hook '/workspaces/isaac_ros-dev/install/isaac_ros_bi3d_interfaces/share/isaac_ros_bi3d_interfaces/hook/cmake_prefix_path.sh'
[18.909s] Level 1:colcon.colcon_core.environment:checking '/workspaces/isaac_ros-dev/install/isaac_ros_bi3d_interfaces/lib'
[18.909s] Level 1:colcon.colcon_core.shell:create_environment_hook('isaac_ros_bi3d_interfaces', 'ld_library_path_lib')
[18.929s] INFO:colcon.colcon_core.shell:Creating environment hook '/workspaces/isaac_ros-dev/install/isaac_ros_bi3d_interfaces/share/isaac_ros_bi3d_interfaces/hook/ld_library_path_lib.ps1'
[18.929s] INFO:colcon.colcon_core.shell:Creating environment descriptor '/workspaces/isaac_ros-dev/install/isaac_ros_bi3d_interfaces/share/isaac_ros_bi3d_interfaces/hook/ld_library_path_lib.dsv'
[18.930s] INFO:colcon.colcon_core.shell:Creating environment hook '/workspaces/isaac_ros-dev/install/isaac_ros_bi3d_interfaces/share/isaac_ros_bi3d_interfaces/hook/ld_library_path_lib.sh'
[18.930s] Level 1:colcon.colcon_core.environment:checking '/workspaces/isaac_ros-dev/install/isaac_ros_bi3d_interfaces/bin'
[18.930s] Level 1:colcon.colcon_core.environment:checking '/workspaces/isaac_ros-dev/install/isaac_ros_bi3d_interfaces/lib/pkgconfig/isaac_ros_bi3d_interfaces.pc'
[18.930s] Level 1:colcon.colcon_core.environment:checking '/workspaces/isaac_ros-dev/install/isaac_ros_bi3d_interfaces/lib/python3.8/site-packages'
[18.930s] Level 1:colcon.colcon_core.shell:create_environment_hook('isaac_ros_bi3d_interfaces', 'pythonpath')
[18.946s] INFO:colcon.colcon_core.shell:Creating environment hook '/workspaces/isaac_ros-dev/install/isaac_ros_bi3d_interfaces/share/isaac_ros_bi3d_interfaces/hook/pythonpath.ps1'
[18.947s] INFO:colcon.colcon_core.shell:Creating environment descriptor '/workspaces/isaac_ros-dev/install/isaac_ros_bi3d_interfaces/share/isaac_ros_bi3d_interfaces/hook/pythonpath.dsv'
[18.947s] INFO:colcon.colcon_core.shell:Creating environment hook '/workspaces/isaac_ros-dev/install/isaac_ros_bi3d_interfaces/share/isaac_ros_bi3d_interfaces/hook/pythonpath.sh'
[18.948s] Level 1:colcon.colcon_core.environment:checking '/workspaces/isaac_ros-dev/install/isaac_ros_bi3d_interfaces/bin'
[18.969s] INFO:colcon.colcon_core.shell:Creating package script '/workspaces/isaac_ros-dev/install/isaac_ros_bi3d_interfaces/share/isaac_ros_bi3d_interfaces/package.ps1'
[18.970s] INFO:colcon.colcon_core.shell:Creating package descriptor '/workspaces/isaac_ros-dev/install/isaac_ros_bi3d_interfaces/share/isaac_ros_bi3d_interfaces/package.dsv'
[18.971s] INFO:colcon.colcon_core.shell:Creating package script '/workspaces/isaac_ros-dev/install/isaac_ros_bi3d_interfaces/share/isaac_ros_bi3d_interfaces/package.sh'
[18.972s] INFO:colcon.colcon_core.shell:Creating package script '/workspaces/isaac_ros-dev/install/isaac_ros_bi3d_interfaces/share/isaac_ros_bi3d_interfaces/package.bash'
[18.972s] INFO:colcon.colcon_core.shell:Creating package script '/workspaces/isaac_ros-dev/install/isaac_ros_bi3d_interfaces/share/isaac_ros_bi3d_interfaces/package.zsh'
[18.972s] Level 1:colcon.colcon_core.environment:create_file_with_runtime_dependencies(/workspaces/isaac_ros-dev/install/isaac_ros_bi3d_interfaces/share/colcon-core/packages/isaac_ros_bi3d_interfaces)
[18.993s] DEBUG:colcon.colcon_core.event_handler.log_command:Invoking command in '/workspaces/isaac_ros-dev/build/isaac_ros_nitros_bridge_interfaces': AMENT_PREFIX_PATH=/workspaces/isaac_ros-dev/install/isaac_ros_common:${AMENT_PREFIX_PATH} CMAKE_PREFIX_PATH=/workspaces/isaac_ros-dev/install/isaac_ros_common:/opt/ros/humble LD_LIBRARY_PATH=/workspaces/isaac_ros-dev/install/isaac_ros_common/lib:${LD_LIBRARY_PATH} /usr/bin/cmake --install /workspaces/isaac_ros-dev/build/isaac_ros_nitros_bridge_interfaces
[19.086s] Level 1:colcon.colcon_core.environment:create_environment_scripts_only(isaac_ros_nitros_bridge_interfaces)
[19.087s] DEBUG:colcon.colcon_core.event_handler.log_command:Invoked command in '/workspaces/isaac_ros-dev/build/isaac_ros_nitros_bridge_interfaces' returned '0': AMENT_PREFIX_PATH=/workspaces/isaac_ros-dev/install/isaac_ros_common:${AMENT_PREFIX_PATH} CMAKE_PREFIX_PATH=/workspaces/isaac_ros-dev/install/isaac_ros_common:/opt/ros/humble LD_LIBRARY_PATH=/workspaces/isaac_ros-dev/install/isaac_ros_common/lib:${LD_LIBRARY_PATH} /usr/bin/cmake --install /workspaces/isaac_ros-dev/build/isaac_ros_nitros_bridge_interfaces
[19.108s] Level 1:colcon.colcon_core.environment:checking '/workspaces/isaac_ros-dev/install/isaac_ros_nitros_bridge_interfaces' for CMake module files
[19.109s] Level 1:colcon.colcon_core.environment:checking '/workspaces/isaac_ros-dev/install/isaac_ros_nitros_bridge_interfaces' for CMake config files
[19.109s] Level 1:colcon.colcon_core.shell:create_environment_hook('isaac_ros_nitros_bridge_interfaces', 'cmake_prefix_path')
[19.129s] INFO:colcon.colcon_core.shell:Creating environment hook '/workspaces/isaac_ros-dev/install/isaac_ros_nitros_bridge_interfaces/share/isaac_ros_nitros_bridge_interfaces/hook/cmake_prefix_path.ps1'
[19.130s] INFO:colcon.colcon_core.shell:Creating environment descriptor '/workspaces/isaac_ros-dev/install/isaac_ros_nitros_bridge_interfaces/share/isaac_ros_nitros_bridge_interfaces/hook/cmake_prefix_path.dsv'
[19.131s] INFO:colcon.colcon_core.shell:Creating environment hook '/workspaces/isaac_ros-dev/install/isaac_ros_nitros_bridge_interfaces/share/isaac_ros_nitros_bridge_interfaces/hook/cmake_prefix_path.sh'
[19.132s] Level 1:colcon.colcon_core.environment:checking '/workspaces/isaac_ros-dev/install/isaac_ros_nitros_bridge_interfaces/lib'
[19.132s] Level 1:colcon.colcon_core.shell:create_environment_hook('isaac_ros_nitros_bridge_interfaces', 'ld_library_path_lib')
[19.149s] INFO:colcon.colcon_core.shell:Creating environment hook '/workspaces/isaac_ros-dev/install/isaac_ros_nitros_bridge_interfaces/share/isaac_ros_nitros_bridge_interfaces/hook/ld_library_path_lib.ps1'
[19.149s] INFO:colcon.colcon_core.shell:Creating environment descriptor '/workspaces/isaac_ros-dev/install/isaac_ros_nitros_bridge_interfaces/share/isaac_ros_nitros_bridge_interfaces/hook/ld_library_path_lib.dsv'
[19.149s] INFO:colcon.colcon_core.shell:Creating environment hook '/workspaces/isaac_ros-dev/install/isaac_ros_nitros_bridge_interfaces/share/isaac_ros_nitros_bridge_interfaces/hook/ld_library_path_lib.sh'
[19.150s] Level 1:colcon.colcon_core.environment:checking '/workspaces/isaac_ros-dev/install/isaac_ros_nitros_bridge_interfaces/bin'
[19.150s] Level 1:colcon.colcon_core.environment:checking '/workspaces/isaac_ros-dev/install/isaac_ros_nitros_bridge_interfaces/lib/pkgconfig/isaac_ros_nitros_bridge_interfaces.pc'
[19.150s] Level 1:colcon.colcon_core.environment:checking '/workspaces/isaac_ros-dev/install/isaac_ros_nitros_bridge_interfaces/lib/python3.8/site-packages'
[19.150s] Level 1:colcon.colcon_core.shell:create_environment_hook('isaac_ros_nitros_bridge_interfaces', 'pythonpath')
[19.164s] INFO:colcon.colcon_core.shell:Creating environment hook '/workspaces/isaac_ros-dev/install/isaac_ros_nitros_bridge_interfaces/share/isaac_ros_nitros_bridge_interfaces/hook/pythonpath.ps1'
[19.164s] INFO:colcon.colcon_core.shell:Creating environment descriptor '/workspaces/isaac_ros-dev/install/isaac_ros_nitros_bridge_interfaces/share/isaac_ros_nitros_bridge_interfaces/hook/pythonpath.dsv'
[19.165s] INFO:colcon.colcon_core.shell:Creating environment hook '/workspaces/isaac_ros-dev/install/isaac_ros_nitros_bridge_interfaces/share/isaac_ros_nitros_bridge_interfaces/hook/pythonpath.sh'
[19.165s] Level 1:colcon.colcon_core.environment:checking '/workspaces/isaac_ros-dev/install/isaac_ros_nitros_bridge_interfaces/bin'
[19.177s] INFO:colcon.colcon_core.shell:Creating package script '/workspaces/isaac_ros-dev/install/isaac_ros_nitros_bridge_interfaces/share/isaac_ros_nitros_bridge_interfaces/package.ps1'
[19.178s] INFO:colcon.colcon_core.shell:Creating package descriptor '/workspaces/isaac_ros-dev/install/isaac_ros_nitros_bridge_interfaces/share/isaac_ros_nitros_bridge_interfaces/package.dsv'
[19.178s] INFO:colcon.colcon_core.shell:Creating package script '/workspaces/isaac_ros-dev/install/isaac_ros_nitros_bridge_interfaces/share/isaac_ros_nitros_bridge_interfaces/package.sh'
[19.179s] INFO:colcon.colcon_core.shell:Creating package script '/workspaces/isaac_ros-dev/install/isaac_ros_nitros_bridge_interfaces/share/isaac_ros_nitros_bridge_interfaces/package.bash'
[19.179s] INFO:colcon.colcon_core.shell:Creating package script '/workspaces/isaac_ros-dev/install/isaac_ros_nitros_bridge_interfaces/share/isaac_ros_nitros_bridge_interfaces/package.zsh'
[19.179s] Level 1:colcon.colcon_core.environment:create_file_with_runtime_dependencies(/workspaces/isaac_ros-dev/install/isaac_ros_nitros_bridge_interfaces/share/colcon-core/packages/isaac_ros_nitros_bridge_interfaces)
[19.198s] Level 1:colcon.colcon_core.environment:create_environment_scripts_only(isaac_ros_bi3d_interfaces)
[19.211s] Level 1:colcon.colcon_core.environment:checking '/workspaces/isaac_ros-dev/install/isaac_ros_bi3d_interfaces' for CMake module files
[19.211s] Level 1:colcon.colcon_core.environment:checking '/workspaces/isaac_ros-dev/install/isaac_ros_bi3d_interfaces' for CMake config files
[19.212s] Level 1:colcon.colcon_core.shell:create_environment_hook('isaac_ros_bi3d_interfaces', 'cmake_prefix_path')
[19.224s] INFO:colcon.colcon_core.shell:Creating environment hook '/workspaces/isaac_ros-dev/install/isaac_ros_bi3d_interfaces/share/isaac_ros_bi3d_interfaces/hook/cmake_prefix_path.ps1'
[19.224s] INFO:colcon.colcon_core.shell:Creating environment descriptor '/workspaces/isaac_ros-dev/install/isaac_ros_bi3d_interfaces/share/isaac_ros_bi3d_interfaces/hook/cmake_prefix_path.dsv'
[19.225s] INFO:colcon.colcon_core.shell:Creating environment hook '/workspaces/isaac_ros-dev/install/isaac_ros_bi3d_interfaces/share/isaac_ros_bi3d_interfaces/hook/cmake_prefix_path.sh'
[19.225s] Level 1:colcon.colcon_core.environment:checking '/workspaces/isaac_ros-dev/install/isaac_ros_bi3d_interfaces/lib'
[19.225s] Level 1:colcon.colcon_core.shell:create_environment_hook('isaac_ros_bi3d_interfaces', 'ld_library_path_lib')
[19.237s] INFO:colcon.colcon_core.shell:Creating environment hook '/workspaces/isaac_ros-dev/install/isaac_ros_bi3d_interfaces/share/isaac_ros_bi3d_interfaces/hook/ld_library_path_lib.ps1'
[19.238s] INFO:colcon.colcon_core.shell:Creating environment descriptor '/workspaces/isaac_ros-dev/install/isaac_ros_bi3d_interfaces/share/isaac_ros_bi3d_interfaces/hook/ld_library_path_lib.dsv'
[19.238s] INFO:colcon.colcon_core.shell:Creating environment hook '/workspaces/isaac_ros-dev/install/isaac_ros_bi3d_interfaces/share/isaac_ros_bi3d_interfaces/hook/ld_library_path_lib.sh'
[19.238s] Level 1:colcon.colcon_core.environment:checking '/workspaces/isaac_ros-dev/install/isaac_ros_bi3d_interfaces/bin'
[19.238s] Level 1:colcon.colcon_core.environment:checking '/workspaces/isaac_ros-dev/install/isaac_ros_bi3d_interfaces/lib/pkgconfig/isaac_ros_bi3d_interfaces.pc'
[19.239s] Level 1:colcon.colcon_core.environment:checking '/workspaces/isaac_ros-dev/install/isaac_ros_bi3d_interfaces/lib/python3.8/site-packages'
[19.239s] Level 1:colcon.colcon_core.shell:create_environment_hook('isaac_ros_bi3d_interfaces', 'pythonpath')
[19.252s] INFO:colcon.colcon_core.shell:Creating environment hook '/workspaces/isaac_ros-dev/install/isaac_ros_bi3d_interfaces/share/isaac_ros_bi3d_interfaces/hook/pythonpath.ps1'
[19.252s] INFO:colcon.colcon_core.shell:Creating environment descriptor '/workspaces/isaac_ros-dev/install/isaac_ros_bi3d_interfaces/share/isaac_ros_bi3d_interfaces/hook/pythonpath.dsv'
[19.252s] INFO:colcon.colcon_core.shell:Creating environment hook '/workspaces/isaac_ros-dev/install/isaac_ros_bi3d_interfaces/share/isaac_ros_bi3d_interfaces/hook/pythonpath.sh'
[19.253s] Level 1:colcon.colcon_core.environment:checking '/workspaces/isaac_ros-dev/install/isaac_ros_bi3d_interfaces/bin'
[19.265s] INFO:colcon.colcon_core.shell:Creating package script '/workspaces/isaac_ros-dev/install/isaac_ros_bi3d_interfaces/share/isaac_ros_bi3d_interfaces/package.ps1'
[19.266s] INFO:colcon.colcon_core.shell:Creating package descriptor '/workspaces/isaac_ros-dev/install/isaac_ros_bi3d_interfaces/share/isaac_ros_bi3d_interfaces/package.dsv'
[19.266s] INFO:colcon.colcon_core.shell:Creating package script '/workspaces/isaac_ros-dev/install/isaac_ros_bi3d_interfaces/share/isaac_ros_bi3d_interfaces/package.sh'
[19.266s] INFO:colcon.colcon_core.shell:Creating package script '/workspaces/isaac_ros-dev/install/isaac_ros_bi3d_interfaces/share/isaac_ros_bi3d_interfaces/package.bash'
[19.267s] INFO:colcon.colcon_core.shell:Creating package script '/workspaces/isaac_ros-dev/install/isaac_ros_bi3d_interfaces/share/isaac_ros_bi3d_interfaces/package.zsh'
[19.267s] Level 1:colcon.colcon_core.environment:create_file_with_runtime_dependencies(/workspaces/isaac_ros-dev/install/isaac_ros_bi3d_interfaces/share/colcon-core/packages/isaac_ros_bi3d_interfaces)
[19.269s] DEBUG:colcon.colcon_core.event_handler.log_command:Invoked command in '/workspaces/isaac_ros-dev/build/isaac_ros_apriltag_interfaces' returned '0': AMENT_PREFIX_PATH=/workspaces/isaac_ros-dev/install/isaac_ros_common:${AMENT_PREFIX_PATH} CMAKE_PREFIX_PATH=/workspaces/isaac_ros-dev/install/isaac_ros_common:/opt/ros/humble LD_LIBRARY_PATH=/workspaces/isaac_ros-dev/install/isaac_ros_common/lib:${LD_LIBRARY_PATH} /usr/bin/cmake --build /workspaces/isaac_ros-dev/build/isaac_ros_apriltag_interfaces -- -j12 -l12
[19.275s] DEBUG:colcon.colcon_core.event_handler.log_command:Invoked command in '/workspaces/isaac_ros-dev/build/isaac_ros_nova_interfaces' returned '0': AMENT_PREFIX_PATH=/workspaces/isaac_ros-dev/install/isaac_ros_common:${AMENT_PREFIX_PATH} CMAKE_PREFIX_PATH=/workspaces/isaac_ros-dev/install/isaac_ros_common:/opt/ros/humble LD_LIBRARY_PATH=/workspaces/isaac_ros-dev/install/isaac_ros_common/lib:${LD_LIBRARY_PATH} /usr/bin/cmake --build /workspaces/isaac_ros-dev/build/isaac_ros_nova_interfaces -- -j12 -l12
[19.277s] DEBUG:colcon.colcon_core.event_handler.log_command:Invoked command in '/workspaces/isaac_ros-dev/build/isaac_ros_pointcloud_interfaces' returned '0': AMENT_PREFIX_PATH=/workspaces/isaac_ros-dev/install/isaac_ros_common:${AMENT_PREFIX_PATH} CMAKE_PREFIX_PATH=/workspaces/isaac_ros-dev/install/isaac_ros_common:/opt/ros/humble LD_LIBRARY_PATH=/workspaces/isaac_ros-dev/install/isaac_ros_common/lib:${LD_LIBRARY_PATH} /usr/bin/cmake --build /workspaces/isaac_ros-dev/build/isaac_ros_pointcloud_interfaces -- -j12 -l12
[19.297s] Level 1:colcon.colcon_core.environment:create_environment_scripts_only(isaac_ros_nitros_bridge_interfaces)
[19.309s] Level 1:colcon.colcon_core.environment:checking '/workspaces/isaac_ros-dev/install/isaac_ros_nitros_bridge_interfaces' for CMake module files
[19.309s] Level 1:colcon.colcon_core.environment:checking '/workspaces/isaac_ros-dev/install/isaac_ros_nitros_bridge_interfaces' for CMake config files
[19.310s] Level 1:colcon.colcon_core.shell:create_environment_hook('isaac_ros_nitros_bridge_interfaces', 'cmake_prefix_path')
[19.321s] INFO:colcon.colcon_core.shell:Creating environment hook '/workspaces/isaac_ros-dev/install/isaac_ros_nitros_bridge_interfaces/share/isaac_ros_nitros_bridge_interfaces/hook/cmake_prefix_path.ps1'
[19.322s] INFO:colcon.colcon_core.shell:Creating environment descriptor '/workspaces/isaac_ros-dev/install/isaac_ros_nitros_bridge_interfaces/share/isaac_ros_nitros_bridge_interfaces/hook/cmake_prefix_path.dsv'
[19.322s] INFO:colcon.colcon_core.shell:Creating environment hook '/workspaces/isaac_ros-dev/install/isaac_ros_nitros_bridge_interfaces/share/isaac_ros_nitros_bridge_interfaces/hook/cmake_prefix_path.sh'
[19.323s] Level 1:colcon.colcon_core.environment:checking '/workspaces/isaac_ros-dev/install/isaac_ros_nitros_bridge_interfaces/lib'
[19.323s] Level 1:colcon.colcon_core.shell:create_environment_hook('isaac_ros_nitros_bridge_interfaces', 'ld_library_path_lib')
[19.334s] INFO:colcon.colcon_core.shell:Creating environment hook '/workspaces/isaac_ros-dev/install/isaac_ros_nitros_bridge_interfaces/share/isaac_ros_nitros_bridge_interfaces/hook/ld_library_path_lib.ps1'
[19.335s] INFO:colcon.colcon_core.shell:Creating environment descriptor '/workspaces/isaac_ros-dev/install/isaac_ros_nitros_bridge_interfaces/share/isaac_ros_nitros_bridge_interfaces/hook/ld_library_path_lib.dsv'
[19.335s] INFO:colcon.colcon_core.shell:Creating environment hook '/workspaces/isaac_ros-dev/install/isaac_ros_nitros_bridge_interfaces/share/isaac_ros_nitros_bridge_interfaces/hook/ld_library_path_lib.sh'
[19.335s] Level 1:colcon.colcon_core.environment:checking '/workspaces/isaac_ros-dev/install/isaac_ros_nitros_bridge_interfaces/bin'
[19.335s] Level 1:colcon.colcon_core.environment:checking '/workspaces/isaac_ros-dev/install/isaac_ros_nitros_bridge_interfaces/lib/pkgconfig/isaac_ros_nitros_bridge_interfaces.pc'
[19.335s] Level 1:colcon.colcon_core.environment:checking '/workspaces/isaac_ros-dev/install/isaac_ros_nitros_bridge_interfaces/lib/python3.8/site-packages'
[19.335s] Level 1:colcon.colcon_core.shell:create_environment_hook('isaac_ros_nitros_bridge_interfaces', 'pythonpath')
[19.347s] INFO:colcon.colcon_core.shell:Creating environment hook '/workspaces/isaac_ros-dev/install/isaac_ros_nitros_bridge_interfaces/share/isaac_ros_nitros_bridge_interfaces/hook/pythonpath.ps1'
[19.348s] INFO:colcon.colcon_core.shell:Creating environment descriptor '/workspaces/isaac_ros-dev/install/isaac_ros_nitros_bridge_interfaces/share/isaac_ros_nitros_bridge_interfaces/hook/pythonpath.dsv'
[19.348s] INFO:colcon.colcon_core.shell:Creating environment hook '/workspaces/isaac_ros-dev/install/isaac_ros_nitros_bridge_interfaces/share/isaac_ros_nitros_bridge_interfaces/hook/pythonpath.sh'
[19.348s] Level 1:colcon.colcon_core.environment:checking '/workspaces/isaac_ros-dev/install/isaac_ros_nitros_bridge_interfaces/bin'
[19.360s] INFO:colcon.colcon_core.shell:Creating package script '/workspaces/isaac_ros-dev/install/isaac_ros_nitros_bridge_interfaces/share/isaac_ros_nitros_bridge_interfaces/package.ps1'
[19.361s] INFO:colcon.colcon_core.shell:Creating package descriptor '/workspaces/isaac_ros-dev/install/isaac_ros_nitros_bridge_interfaces/share/isaac_ros_nitros_bridge_interfaces/package.dsv'
[19.361s] INFO:colcon.colcon_core.shell:Creating package script '/workspaces/isaac_ros-dev/install/isaac_ros_nitros_bridge_interfaces/share/isaac_ros_nitros_bridge_interfaces/package.sh'
[19.362s] INFO:colcon.colcon_core.shell:Creating package script '/workspaces/isaac_ros-dev/install/isaac_ros_nitros_bridge_interfaces/share/isaac_ros_nitros_bridge_interfaces/package.bash'
[19.362s] INFO:colcon.colcon_core.shell:Creating package script '/workspaces/isaac_ros-dev/install/isaac_ros_nitros_bridge_interfaces/share/isaac_ros_nitros_bridge_interfaces/package.zsh'
[19.362s] Level 1:colcon.colcon_core.environment:create_file_with_runtime_dependencies(/workspaces/isaac_ros-dev/install/isaac_ros_nitros_bridge_interfaces/share/colcon-core/packages/isaac_ros_nitros_bridge_interfaces)
[19.364s] DEBUG:colcon.colcon_core.event_handler.log_command:Invoked command in '/workspaces/isaac_ros-dev/build/isaac_ros_tensor_list_interfaces' returned '0': AMENT_PREFIX_PATH=/workspaces/isaac_ros-dev/install/isaac_ros_common:${AMENT_PREFIX_PATH} CMAKE_PREFIX_PATH=/workspaces/isaac_ros-dev/install/isaac_ros_common:/opt/ros/humble LD_LIBRARY_PATH=/workspaces/isaac_ros-dev/install/isaac_ros_common/lib:${LD_LIBRARY_PATH} /usr/bin/cmake --build /workspaces/isaac_ros-dev/build/isaac_ros_tensor_list_interfaces -- -j12 -l12
[19.383s] DEBUG:colcon.colcon_core.event_handler.log_command:Invoking command in '/workspaces/isaac_ros-dev/build/isaac_ros_pointcloud_interfaces': AMENT_PREFIX_PATH=/workspaces/isaac_ros-dev/install/isaac_ros_common:${AMENT_PREFIX_PATH} CMAKE_PREFIX_PATH=/workspaces/isaac_ros-dev/install/isaac_ros_common:/opt/ros/humble LD_LIBRARY_PATH=/workspaces/isaac_ros-dev/install/isaac_ros_common/lib:${LD_LIBRARY_PATH} /usr/bin/cmake --install /workspaces/isaac_ros-dev/build/isaac_ros_pointcloud_interfaces
[19.413s] DEBUG:colcon.colcon_core.event_handler.log_command:Invoking command in '/workspaces/isaac_ros-dev/build/isaac_ros_apriltag_interfaces': AMENT_PREFIX_PATH=/workspaces/isaac_ros-dev/install/isaac_ros_common:${AMENT_PREFIX_PATH} CMAKE_PREFIX_PATH=/workspaces/isaac_ros-dev/install/isaac_ros_common:/opt/ros/humble LD_LIBRARY_PATH=/workspaces/isaac_ros-dev/install/isaac_ros_common/lib:${LD_LIBRARY_PATH} /usr/bin/cmake --install /workspaces/isaac_ros-dev/build/isaac_ros_apriltag_interfaces
[19.417s] DEBUG:colcon.colcon_core.event_handler.log_command:Invoking command in '/workspaces/isaac_ros-dev/build/isaac_ros_nova_interfaces': AMENT_PREFIX_PATH=/workspaces/isaac_ros-dev/install/isaac_ros_common:${AMENT_PREFIX_PATH} CMAKE_PREFIX_PATH=/workspaces/isaac_ros-dev/install/isaac_ros_common:/opt/ros/humble LD_LIBRARY_PATH=/workspaces/isaac_ros-dev/install/isaac_ros_common/lib:${LD_LIBRARY_PATH} /usr/bin/cmake --install /workspaces/isaac_ros-dev/build/isaac_ros_nova_interfaces
[19.443s] Level 1:colcon.colcon_core.environment:create_environment_scripts_only(isaac_ros_pointcloud_interfaces)
[19.443s] DEBUG:colcon.colcon_core.event_handler.log_command:Invoked command in '/workspaces/isaac_ros-dev/build/isaac_ros_pointcloud_interfaces' returned '0': AMENT_PREFIX_PATH=/workspaces/isaac_ros-dev/install/isaac_ros_common:${AMENT_PREFIX_PATH} CMAKE_PREFIX_PATH=/workspaces/isaac_ros-dev/install/isaac_ros_common:/opt/ros/humble LD_LIBRARY_PATH=/workspaces/isaac_ros-dev/install/isaac_ros_common/lib:${LD_LIBRARY_PATH} /usr/bin/cmake --install /workspaces/isaac_ros-dev/build/isaac_ros_pointcloud_interfaces
[19.456s] Level 1:colcon.colcon_core.environment:checking '/workspaces/isaac_ros-dev/install/isaac_ros_pointcloud_interfaces' for CMake module files
[19.457s] Level 1:colcon.colcon_core.environment:checking '/workspaces/isaac_ros-dev/install/isaac_ros_pointcloud_interfaces' for CMake config files
[19.457s] Level 1:colcon.colcon_core.shell:create_environment_hook('isaac_ros_pointcloud_interfaces', 'cmake_prefix_path')
[19.483s] INFO:colcon.colcon_core.shell:Creating environment hook '/workspaces/isaac_ros-dev/install/isaac_ros_pointcloud_interfaces/share/isaac_ros_pointcloud_interfaces/hook/cmake_prefix_path.ps1'
[19.483s] INFO:colcon.colcon_core.shell:Creating environment descriptor '/workspaces/isaac_ros-dev/install/isaac_ros_pointcloud_interfaces/share/isaac_ros_pointcloud_interfaces/hook/cmake_prefix_path.dsv'
[19.484s] INFO:colcon.colcon_core.shell:Creating environment hook '/workspaces/isaac_ros-dev/install/isaac_ros_pointcloud_interfaces/share/isaac_ros_pointcloud_interfaces/hook/cmake_prefix_path.sh'
[19.484s] Level 1:colcon.colcon_core.environment:checking '/workspaces/isaac_ros-dev/install/isaac_ros_pointcloud_interfaces/lib'
[19.484s] Level 1:colcon.colcon_core.shell:create_environment_hook('isaac_ros_pointcloud_interfaces', 'ld_library_path_lib')
[19.496s] INFO:colcon.colcon_core.shell:Creating environment hook '/workspaces/isaac_ros-dev/install/isaac_ros_pointcloud_interfaces/share/isaac_ros_pointcloud_interfaces/hook/ld_library_path_lib.ps1'
[19.496s] INFO:colcon.colcon_core.shell:Creating environment descriptor '/workspaces/isaac_ros-dev/install/isaac_ros_pointcloud_interfaces/share/isaac_ros_pointcloud_interfaces/hook/ld_library_path_lib.dsv'
[19.496s] INFO:colcon.colcon_core.shell:Creating environment hook '/workspaces/isaac_ros-dev/install/isaac_ros_pointcloud_interfaces/share/isaac_ros_pointcloud_interfaces/hook/ld_library_path_lib.sh'
[19.496s] Level 1:colcon.colcon_core.environment:checking '/workspaces/isaac_ros-dev/install/isaac_ros_pointcloud_interfaces/bin'
[19.496s] Level 1:colcon.colcon_core.environment:checking '/workspaces/isaac_ros-dev/install/isaac_ros_pointcloud_interfaces/lib/pkgconfig/isaac_ros_pointcloud_interfaces.pc'
[19.497s] Level 1:colcon.colcon_core.environment:checking '/workspaces/isaac_ros-dev/install/isaac_ros_pointcloud_interfaces/lib/python3.8/site-packages'
[19.497s] Level 1:colcon.colcon_core.shell:create_environment_hook('isaac_ros_pointcloud_interfaces', 'pythonpath')
[19.508s] INFO:colcon.colcon_core.shell:Creating environment hook '/workspaces/isaac_ros-dev/install/isaac_ros_pointcloud_interfaces/share/isaac_ros_pointcloud_interfaces/hook/pythonpath.ps1'
[19.508s] INFO:colcon.colcon_core.shell:Creating environment descriptor '/workspaces/isaac_ros-dev/install/isaac_ros_pointcloud_interfaces/share/isaac_ros_pointcloud_interfaces/hook/pythonpath.dsv'
[19.508s] INFO:colcon.colcon_core.shell:Creating environment hook '/workspaces/isaac_ros-dev/install/isaac_ros_pointcloud_interfaces/share/isaac_ros_pointcloud_interfaces/hook/pythonpath.sh'
[19.509s] Level 1:colcon.colcon_core.environment:checking '/workspaces/isaac_ros-dev/install/isaac_ros_pointcloud_interfaces/bin'
[19.520s] INFO:colcon.colcon_core.shell:Creating package script '/workspaces/isaac_ros-dev/install/isaac_ros_pointcloud_interfaces/share/isaac_ros_pointcloud_interfaces/package.ps1'
[19.520s] INFO:colcon.colcon_core.shell:Creating package descriptor '/workspaces/isaac_ros-dev/install/isaac_ros_pointcloud_interfaces/share/isaac_ros_pointcloud_interfaces/package.dsv'
[19.520s] INFO:colcon.colcon_core.shell:Creating package script '/workspaces/isaac_ros-dev/install/isaac_ros_pointcloud_interfaces/share/isaac_ros_pointcloud_interfaces/package.sh'
[19.521s] INFO:colcon.colcon_core.shell:Creating package script '/workspaces/isaac_ros-dev/install/isaac_ros_pointcloud_interfaces/share/isaac_ros_pointcloud_interfaces/package.bash'
[19.521s] INFO:colcon.colcon_core.shell:Creating package script '/workspaces/isaac_ros-dev/install/isaac_ros_pointcloud_interfaces/share/isaac_ros_pointcloud_interfaces/package.zsh'
[19.521s] Level 1:colcon.colcon_core.environment:create_file_with_runtime_dependencies(/workspaces/isaac_ros-dev/install/isaac_ros_pointcloud_interfaces/share/colcon-core/packages/isaac_ros_pointcloud_interfaces)
[19.526s] Level 1:colcon.colcon_core.environment:create_environment_scripts_only(isaac_ros_apriltag_interfaces)
[19.527s] DEBUG:colcon.colcon_core.event_handler.log_command:Invoked command in '/workspaces/isaac_ros-dev/build/isaac_ros_apriltag_interfaces' returned '0': AMENT_PREFIX_PATH=/workspaces/isaac_ros-dev/install/isaac_ros_common:${AMENT_PREFIX_PATH} CMAKE_PREFIX_PATH=/workspaces/isaac_ros-dev/install/isaac_ros_common:/opt/ros/humble LD_LIBRARY_PATH=/workspaces/isaac_ros-dev/install/isaac_ros_common/lib:${LD_LIBRARY_PATH} /usr/bin/cmake --install /workspaces/isaac_ros-dev/build/isaac_ros_apriltag_interfaces
[19.539s] Level 1:colcon.colcon_core.environment:checking '/workspaces/isaac_ros-dev/install/isaac_ros_apriltag_interfaces' for CMake module files
[19.539s] Level 1:colcon.colcon_core.environment:checking '/workspaces/isaac_ros-dev/install/isaac_ros_apriltag_interfaces' for CMake config files
[19.540s] Level 1:colcon.colcon_core.shell:create_environment_hook('isaac_ros_apriltag_interfaces', 'cmake_prefix_path')
[19.551s] INFO:colcon.colcon_core.shell:Creating environment hook '/workspaces/isaac_ros-dev/install/isaac_ros_apriltag_interfaces/share/isaac_ros_apriltag_interfaces/hook/cmake_prefix_path.ps1'
[19.552s] INFO:colcon.colcon_core.shell:Creating environment descriptor '/workspaces/isaac_ros-dev/install/isaac_ros_apriltag_interfaces/share/isaac_ros_apriltag_interfaces/hook/cmake_prefix_path.dsv'
[19.552s] INFO:colcon.colcon_core.shell:Creating environment hook '/workspaces/isaac_ros-dev/install/isaac_ros_apriltag_interfaces/share/isaac_ros_apriltag_interfaces/hook/cmake_prefix_path.sh'
[19.552s] Level 1:colcon.colcon_core.environment:checking '/workspaces/isaac_ros-dev/install/isaac_ros_apriltag_interfaces/lib'
[19.552s] Level 1:colcon.colcon_core.shell:create_environment_hook('isaac_ros_apriltag_interfaces', 'ld_library_path_lib')
[19.564s] INFO:colcon.colcon_core.shell:Creating environment hook '/workspaces/isaac_ros-dev/install/isaac_ros_apriltag_interfaces/share/isaac_ros_apriltag_interfaces/hook/ld_library_path_lib.ps1'
[19.564s] INFO:colcon.colcon_core.shell:Creating environment descriptor '/workspaces/isaac_ros-dev/install/isaac_ros_apriltag_interfaces/share/isaac_ros_apriltag_interfaces/hook/ld_library_path_lib.dsv'
[19.564s] INFO:colcon.colcon_core.shell:Creating environment hook '/workspaces/isaac_ros-dev/install/isaac_ros_apriltag_interfaces/share/isaac_ros_apriltag_interfaces/hook/ld_library_path_lib.sh'
[19.565s] Level 1:colcon.colcon_core.environment:checking '/workspaces/isaac_ros-dev/install/isaac_ros_apriltag_interfaces/bin'
[19.565s] Level 1:colcon.colcon_core.environment:checking '/workspaces/isaac_ros-dev/install/isaac_ros_apriltag_interfaces/lib/pkgconfig/isaac_ros_apriltag_interfaces.pc'
[19.565s] Level 1:colcon.colcon_core.environment:checking '/workspaces/isaac_ros-dev/install/isaac_ros_apriltag_interfaces/lib/python3.8/site-packages'
[19.565s] Level 1:colcon.colcon_core.shell:create_environment_hook('isaac_ros_apriltag_interfaces', 'pythonpath')
[19.576s] INFO:colcon.colcon_core.shell:Creating environment hook '/workspaces/isaac_ros-dev/install/isaac_ros_apriltag_interfaces/share/isaac_ros_apriltag_interfaces/hook/pythonpath.ps1'
[19.576s] INFO:colcon.colcon_core.shell:Creating environment descriptor '/workspaces/isaac_ros-dev/install/isaac_ros_apriltag_interfaces/share/isaac_ros_apriltag_interfaces/hook/pythonpath.dsv'
[19.577s] INFO:colcon.colcon_core.shell:Creating environment hook '/workspaces/isaac_ros-dev/install/isaac_ros_apriltag_interfaces/share/isaac_ros_apriltag_interfaces/hook/pythonpath.sh'
[19.577s] Level 1:colcon.colcon_core.environment:checking '/workspaces/isaac_ros-dev/install/isaac_ros_apriltag_interfaces/bin'
[19.588s] INFO:colcon.colcon_core.shell:Creating package script '/workspaces/isaac_ros-dev/install/isaac_ros_apriltag_interfaces/share/isaac_ros_apriltag_interfaces/package.ps1'
[19.588s] INFO:colcon.colcon_core.shell:Creating package descriptor '/workspaces/isaac_ros-dev/install/isaac_ros_apriltag_interfaces/share/isaac_ros_apriltag_interfaces/package.dsv'
[19.589s] INFO:colcon.colcon_core.shell:Creating package script '/workspaces/isaac_ros-dev/install/isaac_ros_apriltag_interfaces/share/isaac_ros_apriltag_interfaces/package.sh'
[19.589s] INFO:colcon.colcon_core.shell:Creating package script '/workspaces/isaac_ros-dev/install/isaac_ros_apriltag_interfaces/share/isaac_ros_apriltag_interfaces/package.bash'
[19.589s] INFO:colcon.colcon_core.shell:Creating package script '/workspaces/isaac_ros-dev/install/isaac_ros_apriltag_interfaces/share/isaac_ros_apriltag_interfaces/package.zsh'
[19.589s] Level 1:colcon.colcon_core.environment:create_file_with_runtime_dependencies(/workspaces/isaac_ros-dev/install/isaac_ros_apriltag_interfaces/share/colcon-core/packages/isaac_ros_apriltag_interfaces)
[19.593s] Level 1:colcon.colcon_core.environment:create_environment_scripts_only(isaac_ros_nova_interfaces)
[19.594s] DEBUG:colcon.colcon_core.event_handler.log_command:Invoked command in '/workspaces/isaac_ros-dev/build/isaac_ros_nova_interfaces' returned '0': AMENT_PREFIX_PATH=/workspaces/isaac_ros-dev/install/isaac_ros_common:${AMENT_PREFIX_PATH} CMAKE_PREFIX_PATH=/workspaces/isaac_ros-dev/install/isaac_ros_common:/opt/ros/humble LD_LIBRARY_PATH=/workspaces/isaac_ros-dev/install/isaac_ros_common/lib:${LD_LIBRARY_PATH} /usr/bin/cmake --install /workspaces/isaac_ros-dev/build/isaac_ros_nova_interfaces
[19.606s] Level 1:colcon.colcon_core.environment:checking '/workspaces/isaac_ros-dev/install/isaac_ros_nova_interfaces' for CMake module files
[19.607s] Level 1:colcon.colcon_core.environment:checking '/workspaces/isaac_ros-dev/install/isaac_ros_nova_interfaces' for CMake config files
[19.607s] Level 1:colcon.colcon_core.shell:create_environment_hook('isaac_ros_nova_interfaces', 'cmake_prefix_path')
[19.619s] INFO:colcon.colcon_core.shell:Creating environment hook '/workspaces/isaac_ros-dev/install/isaac_ros_nova_interfaces/share/isaac_ros_nova_interfaces/hook/cmake_prefix_path.ps1'
[19.619s] INFO:colcon.colcon_core.shell:Creating environment descriptor '/workspaces/isaac_ros-dev/install/isaac_ros_nova_interfaces/share/isaac_ros_nova_interfaces/hook/cmake_prefix_path.dsv'
[19.620s] INFO:colcon.colcon_core.shell:Creating environment hook '/workspaces/isaac_ros-dev/install/isaac_ros_nova_interfaces/share/isaac_ros_nova_interfaces/hook/cmake_prefix_path.sh'
[19.620s] Level 1:colcon.colcon_core.environment:checking '/workspaces/isaac_ros-dev/install/isaac_ros_nova_interfaces/lib'
[19.620s] Level 1:colcon.colcon_core.shell:create_environment_hook('isaac_ros_nova_interfaces', 'ld_library_path_lib')
[19.632s] INFO:colcon.colcon_core.shell:Creating environment hook '/workspaces/isaac_ros-dev/install/isaac_ros_nova_interfaces/share/isaac_ros_nova_interfaces/hook/ld_library_path_lib.ps1'
[19.633s] INFO:colcon.colcon_core.shell:Creating environment descriptor '/workspaces/isaac_ros-dev/install/isaac_ros_nova_interfaces/share/isaac_ros_nova_interfaces/hook/ld_library_path_lib.dsv'
[19.633s] INFO:colcon.colcon_core.shell:Creating environment hook '/workspaces/isaac_ros-dev/install/isaac_ros_nova_interfaces/share/isaac_ros_nova_interfaces/hook/ld_library_path_lib.sh'
[19.633s] Level 1:colcon.colcon_core.environment:checking '/workspaces/isaac_ros-dev/install/isaac_ros_nova_interfaces/bin'
[19.633s] Level 1:colcon.colcon_core.environment:checking '/workspaces/isaac_ros-dev/install/isaac_ros_nova_interfaces/lib/pkgconfig/isaac_ros_nova_interfaces.pc'
[19.633s] Level 1:colcon.colcon_core.environment:checking '/workspaces/isaac_ros-dev/install/isaac_ros_nova_interfaces/lib/python3.8/site-packages'
[19.633s] Level 1:colcon.colcon_core.shell:create_environment_hook('isaac_ros_nova_interfaces', 'pythonpath')
[19.644s] INFO:colcon.colcon_core.shell:Creating environment hook '/workspaces/isaac_ros-dev/install/isaac_ros_nova_interfaces/share/isaac_ros_nova_interfaces/hook/pythonpath.ps1'
[19.645s] INFO:colcon.colcon_core.shell:Creating environment descriptor '/workspaces/isaac_ros-dev/install/isaac_ros_nova_interfaces/share/isaac_ros_nova_interfaces/hook/pythonpath.dsv'
[19.645s] INFO:colcon.colcon_core.shell:Creating environment hook '/workspaces/isaac_ros-dev/install/isaac_ros_nova_interfaces/share/isaac_ros_nova_interfaces/hook/pythonpath.sh'
[19.645s] Level 1:colcon.colcon_core.environment:checking '/workspaces/isaac_ros-dev/install/isaac_ros_nova_interfaces/bin'
[19.657s] INFO:colcon.colcon_core.shell:Creating package script '/workspaces/isaac_ros-dev/install/isaac_ros_nova_interfaces/share/isaac_ros_nova_interfaces/package.ps1'
[19.657s] INFO:colcon.colcon_core.shell:Creating package descriptor '/workspaces/isaac_ros-dev/install/isaac_ros_nova_interfaces/share/isaac_ros_nova_interfaces/package.dsv'
[19.658s] INFO:colcon.colcon_core.shell:Creating package script '/workspaces/isaac_ros-dev/install/isaac_ros_nova_interfaces/share/isaac_ros_nova_interfaces/package.sh'
[19.658s] INFO:colcon.colcon_core.shell:Creating package script '/workspaces/isaac_ros-dev/install/isaac_ros_nova_interfaces/share/isaac_ros_nova_interfaces/package.bash'
[19.658s] INFO:colcon.colcon_core.shell:Creating package script '/workspaces/isaac_ros-dev/install/isaac_ros_nova_interfaces/share/isaac_ros_nova_interfaces/package.zsh'
[19.658s] Level 1:colcon.colcon_core.environment:create_file_with_runtime_dependencies(/workspaces/isaac_ros-dev/install/isaac_ros_nova_interfaces/share/colcon-core/packages/isaac_ros_nova_interfaces)
[19.666s] DEBUG:colcon.colcon_core.event_handler.log_command:Invoking command in '/workspaces/isaac_ros-dev/build/isaac_ros_tensor_list_interfaces': AMENT_PREFIX_PATH=/workspaces/isaac_ros-dev/install/isaac_ros_common:${AMENT_PREFIX_PATH} CMAKE_PREFIX_PATH=/workspaces/isaac_ros-dev/install/isaac_ros_common:/opt/ros/humble LD_LIBRARY_PATH=/workspaces/isaac_ros-dev/install/isaac_ros_common/lib:${LD_LIBRARY_PATH} /usr/bin/cmake --install /workspaces/isaac_ros-dev/build/isaac_ros_tensor_list_interfaces
[19.681s] Level 1:colcon.colcon_core.environment:create_environment_scripts_only(isaac_ros_pointcloud_interfaces)
[19.693s] Level 1:colcon.colcon_core.environment:checking '/workspaces/isaac_ros-dev/install/isaac_ros_pointcloud_interfaces' for CMake module files
[19.693s] Level 1:colcon.colcon_core.environment:checking '/workspaces/isaac_ros-dev/install/isaac_ros_pointcloud_interfaces' for CMake config files
[19.694s] Level 1:colcon.colcon_core.shell:create_environment_hook('isaac_ros_pointcloud_interfaces', 'cmake_prefix_path')
[19.705s] INFO:colcon.colcon_core.shell:Creating environment hook '/workspaces/isaac_ros-dev/install/isaac_ros_pointcloud_interfaces/share/isaac_ros_pointcloud_interfaces/hook/cmake_prefix_path.ps1'
[19.706s] INFO:colcon.colcon_core.shell:Creating environment descriptor '/workspaces/isaac_ros-dev/install/isaac_ros_pointcloud_interfaces/share/isaac_ros_pointcloud_interfaces/hook/cmake_prefix_path.dsv'
[19.706s] INFO:colcon.colcon_core.shell:Creating environment hook '/workspaces/isaac_ros-dev/install/isaac_ros_pointcloud_interfaces/share/isaac_ros_pointcloud_interfaces/hook/cmake_prefix_path.sh'
[19.707s] Level 1:colcon.colcon_core.environment:checking '/workspaces/isaac_ros-dev/install/isaac_ros_pointcloud_interfaces/lib'
[19.707s] Level 1:colcon.colcon_core.shell:create_environment_hook('isaac_ros_pointcloud_interfaces', 'ld_library_path_lib')
[19.718s] INFO:colcon.colcon_core.shell:Creating environment hook '/workspaces/isaac_ros-dev/install/isaac_ros_pointcloud_interfaces/share/isaac_ros_pointcloud_interfaces/hook/ld_library_path_lib.ps1'
[19.718s] INFO:colcon.colcon_core.shell:Creating environment descriptor '/workspaces/isaac_ros-dev/install/isaac_ros_pointcloud_interfaces/share/isaac_ros_pointcloud_interfaces/hook/ld_library_path_lib.dsv'
[19.718s] INFO:colcon.colcon_core.shell:Creating environment hook '/workspaces/isaac_ros-dev/install/isaac_ros_pointcloud_interfaces/share/isaac_ros_pointcloud_interfaces/hook/ld_library_path_lib.sh'
[19.719s] Level 1:colcon.colcon_core.environment:checking '/workspaces/isaac_ros-dev/install/isaac_ros_pointcloud_interfaces/bin'
[19.719s] Level 1:colcon.colcon_core.environment:checking '/workspaces/isaac_ros-dev/install/isaac_ros_pointcloud_interfaces/lib/pkgconfig/isaac_ros_pointcloud_interfaces.pc'
[19.719s] Level 1:colcon.colcon_core.environment:checking '/workspaces/isaac_ros-dev/install/isaac_ros_pointcloud_interfaces/lib/python3.8/site-packages'
[19.719s] Level 1:colcon.colcon_core.shell:create_environment_hook('isaac_ros_pointcloud_interfaces', 'pythonpath')
[19.731s] INFO:colcon.colcon_core.shell:Creating environment hook '/workspaces/isaac_ros-dev/install/isaac_ros_pointcloud_interfaces/share/isaac_ros_pointcloud_interfaces/hook/pythonpath.ps1'
[19.731s] INFO:colcon.colcon_core.shell:Creating environment descriptor '/workspaces/isaac_ros-dev/install/isaac_ros_pointcloud_interfaces/share/isaac_ros_pointcloud_interfaces/hook/pythonpath.dsv'
[19.731s] INFO:colcon.colcon_core.shell:Creating environment hook '/workspaces/isaac_ros-dev/install/isaac_ros_pointcloud_interfaces/share/isaac_ros_pointcloud_interfaces/hook/pythonpath.sh'
[19.732s] Level 1:colcon.colcon_core.environment:checking '/workspaces/isaac_ros-dev/install/isaac_ros_pointcloud_interfaces/bin'
[19.743s] INFO:colcon.colcon_core.shell:Creating package script '/workspaces/isaac_ros-dev/install/isaac_ros_pointcloud_interfaces/share/isaac_ros_pointcloud_interfaces/package.ps1'
[19.744s] INFO:colcon.colcon_core.shell:Creating package descriptor '/workspaces/isaac_ros-dev/install/isaac_ros_pointcloud_interfaces/share/isaac_ros_pointcloud_interfaces/package.dsv'
[19.744s] INFO:colcon.colcon_core.shell:Creating package script '/workspaces/isaac_ros-dev/install/isaac_ros_pointcloud_interfaces/share/isaac_ros_pointcloud_interfaces/package.sh'
[19.745s] INFO:colcon.colcon_core.shell:Creating package script '/workspaces/isaac_ros-dev/install/isaac_ros_pointcloud_interfaces/share/isaac_ros_pointcloud_interfaces/package.bash'
[19.745s] INFO:colcon.colcon_core.shell:Creating package script '/workspaces/isaac_ros-dev/install/isaac_ros_pointcloud_interfaces/share/isaac_ros_pointcloud_interfaces/package.zsh'
[19.745s] Level 1:colcon.colcon_core.environment:create_file_with_runtime_dependencies(/workspaces/isaac_ros-dev/install/isaac_ros_pointcloud_interfaces/share/colcon-core/packages/isaac_ros_pointcloud_interfaces)
[19.767s] Level 1:colcon.colcon_core.environment:create_environment_scripts_only(isaac_ros_apriltag_interfaces)
[19.778s] Level 1:colcon.colcon_core.environment:checking '/workspaces/isaac_ros-dev/install/isaac_ros_apriltag_interfaces' for CMake module files
[19.780s] Level 1:colcon.colcon_core.environment:checking '/workspaces/isaac_ros-dev/install/isaac_ros_apriltag_interfaces' for CMake config files
[19.780s] Level 1:colcon.colcon_core.shell:create_environment_hook('isaac_ros_apriltag_interfaces', 'cmake_prefix_path')
[19.798s] INFO:colcon.colcon_core.shell:Creating environment hook '/workspaces/isaac_ros-dev/install/isaac_ros_apriltag_interfaces/share/isaac_ros_apriltag_interfaces/hook/cmake_prefix_path.ps1'
[19.798s] INFO:colcon.colcon_core.shell:Creating environment descriptor '/workspaces/isaac_ros-dev/install/isaac_ros_apriltag_interfaces/share/isaac_ros_apriltag_interfaces/hook/cmake_prefix_path.dsv'
[19.799s] INFO:colcon.colcon_core.shell:Creating environment hook '/workspaces/isaac_ros-dev/install/isaac_ros_apriltag_interfaces/share/isaac_ros_apriltag_interfaces/hook/cmake_prefix_path.sh'
[19.799s] Level 1:colcon.colcon_core.environment:checking '/workspaces/isaac_ros-dev/install/isaac_ros_apriltag_interfaces/lib'
[19.799s] Level 1:colcon.colcon_core.shell:create_environment_hook('isaac_ros_apriltag_interfaces', 'ld_library_path_lib')
[19.811s] INFO:colcon.colcon_core.shell:Creating environment hook '/workspaces/isaac_ros-dev/install/isaac_ros_apriltag_interfaces/share/isaac_ros_apriltag_interfaces/hook/ld_library_path_lib.ps1'
[19.811s] INFO:colcon.colcon_core.shell:Creating environment descriptor '/workspaces/isaac_ros-dev/install/isaac_ros_apriltag_interfaces/share/isaac_ros_apriltag_interfaces/hook/ld_library_path_lib.dsv'
[19.811s] INFO:colcon.colcon_core.shell:Creating environment hook '/workspaces/isaac_ros-dev/install/isaac_ros_apriltag_interfaces/share/isaac_ros_apriltag_interfaces/hook/ld_library_path_lib.sh'
[19.811s] Level 1:colcon.colcon_core.environment:checking '/workspaces/isaac_ros-dev/install/isaac_ros_apriltag_interfaces/bin'
[19.811s] Level 1:colcon.colcon_core.environment:checking '/workspaces/isaac_ros-dev/install/isaac_ros_apriltag_interfaces/lib/pkgconfig/isaac_ros_apriltag_interfaces.pc'
[19.812s] Level 1:colcon.colcon_core.environment:checking '/workspaces/isaac_ros-dev/install/isaac_ros_apriltag_interfaces/lib/python3.8/site-packages'
[19.812s] Level 1:colcon.colcon_core.shell:create_environment_hook('isaac_ros_apriltag_interfaces', 'pythonpath')
[19.823s] INFO:colcon.colcon_core.shell:Creating environment hook '/workspaces/isaac_ros-dev/install/isaac_ros_apriltag_interfaces/share/isaac_ros_apriltag_interfaces/hook/pythonpath.ps1'
[19.823s] INFO:colcon.colcon_core.shell:Creating environment descriptor '/workspaces/isaac_ros-dev/install/isaac_ros_apriltag_interfaces/share/isaac_ros_apriltag_interfaces/hook/pythonpath.dsv'
[19.823s] INFO:colcon.colcon_core.shell:Creating environment hook '/workspaces/isaac_ros-dev/install/isaac_ros_apriltag_interfaces/share/isaac_ros_apriltag_interfaces/hook/pythonpath.sh'
[19.824s] Level 1:colcon.colcon_core.environment:checking '/workspaces/isaac_ros-dev/install/isaac_ros_apriltag_interfaces/bin'
[19.836s] INFO:colcon.colcon_core.shell:Creating package script '/workspaces/isaac_ros-dev/install/isaac_ros_apriltag_interfaces/share/isaac_ros_apriltag_interfaces/package.ps1'
[19.836s] INFO:colcon.colcon_core.shell:Creating package descriptor '/workspaces/isaac_ros-dev/install/isaac_ros_apriltag_interfaces/share/isaac_ros_apriltag_interfaces/package.dsv'
[19.837s] INFO:colcon.colcon_core.shell:Creating package script '/workspaces/isaac_ros-dev/install/isaac_ros_apriltag_interfaces/share/isaac_ros_apriltag_interfaces/package.sh'
[19.837s] INFO:colcon.colcon_core.shell:Creating package script '/workspaces/isaac_ros-dev/install/isaac_ros_apriltag_interfaces/share/isaac_ros_apriltag_interfaces/package.bash'
[19.837s] INFO:colcon.colcon_core.shell:Creating package script '/workspaces/isaac_ros-dev/install/isaac_ros_apriltag_interfaces/share/isaac_ros_apriltag_interfaces/package.zsh'
[19.838s] Level 1:colcon.colcon_core.environment:create_file_with_runtime_dependencies(/workspaces/isaac_ros-dev/install/isaac_ros_apriltag_interfaces/share/colcon-core/packages/isaac_ros_apriltag_interfaces)
[19.839s] Level 1:colcon.colcon_core.environment:create_environment_scripts_only(isaac_ros_tensor_list_interfaces)
[19.839s] DEBUG:colcon.colcon_core.event_handler.log_command:Invoked command in '/workspaces/isaac_ros-dev/build/isaac_ros_tensor_list_interfaces' returned '0': AMENT_PREFIX_PATH=/workspaces/isaac_ros-dev/install/isaac_ros_common:${AMENT_PREFIX_PATH} CMAKE_PREFIX_PATH=/workspaces/isaac_ros-dev/install/isaac_ros_common:/opt/ros/humble LD_LIBRARY_PATH=/workspaces/isaac_ros-dev/install/isaac_ros_common/lib:${LD_LIBRARY_PATH} /usr/bin/cmake --install /workspaces/isaac_ros-dev/build/isaac_ros_tensor_list_interfaces
[19.851s] Level 1:colcon.colcon_core.environment:checking '/workspaces/isaac_ros-dev/install/isaac_ros_tensor_list_interfaces' for CMake module files
[19.851s] Level 1:colcon.colcon_core.environment:checking '/workspaces/isaac_ros-dev/install/isaac_ros_tensor_list_interfaces' for CMake config files
[19.852s] Level 1:colcon.colcon_core.shell:create_environment_hook('isaac_ros_tensor_list_interfaces', 'cmake_prefix_path')
[19.863s] INFO:colcon.colcon_core.shell:Creating environment hook '/workspaces/isaac_ros-dev/install/isaac_ros_tensor_list_interfaces/share/isaac_ros_tensor_list_interfaces/hook/cmake_prefix_path.ps1'
[19.863s] INFO:colcon.colcon_core.shell:Creating environment descriptor '/workspaces/isaac_ros-dev/install/isaac_ros_tensor_list_interfaces/share/isaac_ros_tensor_list_interfaces/hook/cmake_prefix_path.dsv'
[19.863s] INFO:colcon.colcon_core.shell:Creating environment hook '/workspaces/isaac_ros-dev/install/isaac_ros_tensor_list_interfaces/share/isaac_ros_tensor_list_interfaces/hook/cmake_prefix_path.sh'
[19.864s] Level 1:colcon.colcon_core.environment:checking '/workspaces/isaac_ros-dev/install/isaac_ros_tensor_list_interfaces/lib'
[19.864s] Level 1:colcon.colcon_core.shell:create_environment_hook('isaac_ros_tensor_list_interfaces', 'ld_library_path_lib')
[19.875s] INFO:colcon.colcon_core.shell:Creating environment hook '/workspaces/isaac_ros-dev/install/isaac_ros_tensor_list_interfaces/share/isaac_ros_tensor_list_interfaces/hook/ld_library_path_lib.ps1'
[19.875s] INFO:colcon.colcon_core.shell:Creating environment descriptor '/workspaces/isaac_ros-dev/install/isaac_ros_tensor_list_interfaces/share/isaac_ros_tensor_list_interfaces/hook/ld_library_path_lib.dsv'
[19.875s] INFO:colcon.colcon_core.shell:Creating environment hook '/workspaces/isaac_ros-dev/install/isaac_ros_tensor_list_interfaces/share/isaac_ros_tensor_list_interfaces/hook/ld_library_path_lib.sh'
[19.875s] Level 1:colcon.colcon_core.environment:checking '/workspaces/isaac_ros-dev/install/isaac_ros_tensor_list_interfaces/bin'
[19.875s] Level 1:colcon.colcon_core.environment:checking '/workspaces/isaac_ros-dev/install/isaac_ros_tensor_list_interfaces/lib/pkgconfig/isaac_ros_tensor_list_interfaces.pc'
[19.876s] Level 1:colcon.colcon_core.environment:checking '/workspaces/isaac_ros-dev/install/isaac_ros_tensor_list_interfaces/lib/python3.8/site-packages'
[19.876s] Level 1:colcon.colcon_core.shell:create_environment_hook('isaac_ros_tensor_list_interfaces', 'pythonpath')
[19.886s] INFO:colcon.colcon_core.shell:Creating environment hook '/workspaces/isaac_ros-dev/install/isaac_ros_tensor_list_interfaces/share/isaac_ros_tensor_list_interfaces/hook/pythonpath.ps1'
[19.886s] INFO:colcon.colcon_core.shell:Creating environment descriptor '/workspaces/isaac_ros-dev/install/isaac_ros_tensor_list_interfaces/share/isaac_ros_tensor_list_interfaces/hook/pythonpath.dsv'
[19.887s] INFO:colcon.colcon_core.shell:Creating environment hook '/workspaces/isaac_ros-dev/install/isaac_ros_tensor_list_interfaces/share/isaac_ros_tensor_list_interfaces/hook/pythonpath.sh'
[19.887s] Level 1:colcon.colcon_core.environment:checking '/workspaces/isaac_ros-dev/install/isaac_ros_tensor_list_interfaces/bin'
[19.897s] INFO:colcon.colcon_core.shell:Creating package script '/workspaces/isaac_ros-dev/install/isaac_ros_tensor_list_interfaces/share/isaac_ros_tensor_list_interfaces/package.ps1'
[19.898s] INFO:colcon.colcon_core.shell:Creating package descriptor '/workspaces/isaac_ros-dev/install/isaac_ros_tensor_list_interfaces/share/isaac_ros_tensor_list_interfaces/package.dsv'
[19.898s] INFO:colcon.colcon_core.shell:Creating package script '/workspaces/isaac_ros-dev/install/isaac_ros_tensor_list_interfaces/share/isaac_ros_tensor_list_interfaces/package.sh'
[19.898s] INFO:colcon.colcon_core.shell:Creating package script '/workspaces/isaac_ros-dev/install/isaac_ros_tensor_list_interfaces/share/isaac_ros_tensor_list_interfaces/package.bash'
[19.899s] INFO:colcon.colcon_core.shell:Creating package script '/workspaces/isaac_ros-dev/install/isaac_ros_tensor_list_interfaces/share/isaac_ros_tensor_list_interfaces/package.zsh'
[19.899s] Level 1:colcon.colcon_core.environment:create_file_with_runtime_dependencies(/workspaces/isaac_ros-dev/install/isaac_ros_tensor_list_interfaces/share/colcon-core/packages/isaac_ros_tensor_list_interfaces)
[19.914s] Level 1:colcon.colcon_core.environment:create_environment_scripts_only(isaac_ros_nova_interfaces)
[19.925s] Level 1:colcon.colcon_core.environment:checking '/workspaces/isaac_ros-dev/install/isaac_ros_nova_interfaces' for CMake module files
[19.925s] Level 1:colcon.colcon_core.environment:checking '/workspaces/isaac_ros-dev/install/isaac_ros_nova_interfaces' for CMake config files
[19.926s] Level 1:colcon.colcon_core.shell:create_environment_hook('isaac_ros_nova_interfaces', 'cmake_prefix_path')
[19.937s] INFO:colcon.colcon_core.shell:Creating environment hook '/workspaces/isaac_ros-dev/install/isaac_ros_nova_interfaces/share/isaac_ros_nova_interfaces/hook/cmake_prefix_path.ps1'
[19.937s] INFO:colcon.colcon_core.shell:Creating environment descriptor '/workspaces/isaac_ros-dev/install/isaac_ros_nova_interfaces/share/isaac_ros_nova_interfaces/hook/cmake_prefix_path.dsv'
[19.938s] INFO:colcon.colcon_core.shell:Creating environment hook '/workspaces/isaac_ros-dev/install/isaac_ros_nova_interfaces/share/isaac_ros_nova_interfaces/hook/cmake_prefix_path.sh'
[19.938s] Level 1:colcon.colcon_core.environment:checking '/workspaces/isaac_ros-dev/install/isaac_ros_nova_interfaces/lib'
[19.938s] Level 1:colcon.colcon_core.shell:create_environment_hook('isaac_ros_nova_interfaces', 'ld_library_path_lib')
[19.950s] INFO:colcon.colcon_core.shell:Creating environment hook '/workspaces/isaac_ros-dev/install/isaac_ros_nova_interfaces/share/isaac_ros_nova_interfaces/hook/ld_library_path_lib.ps1'
[19.951s] INFO:colcon.colcon_core.shell:Creating environment descriptor '/workspaces/isaac_ros-dev/install/isaac_ros_nova_interfaces/share/isaac_ros_nova_interfaces/hook/ld_library_path_lib.dsv'
[19.951s] INFO:colcon.colcon_core.shell:Creating environment hook '/workspaces/isaac_ros-dev/install/isaac_ros_nova_interfaces/share/isaac_ros_nova_interfaces/hook/ld_library_path_lib.sh'
[19.951s] Level 1:colcon.colcon_core.environment:checking '/workspaces/isaac_ros-dev/install/isaac_ros_nova_interfaces/bin'
[19.951s] Level 1:colcon.colcon_core.environment:checking '/workspaces/isaac_ros-dev/install/isaac_ros_nova_interfaces/lib/pkgconfig/isaac_ros_nova_interfaces.pc'
[19.952s] Level 1:colcon.colcon_core.environment:checking '/workspaces/isaac_ros-dev/install/isaac_ros_nova_interfaces/lib/python3.8/site-packages'
[19.952s] Level 1:colcon.colcon_core.shell:create_environment_hook('isaac_ros_nova_interfaces', 'pythonpath')
[19.963s] INFO:colcon.colcon_core.shell:Creating environment hook '/workspaces/isaac_ros-dev/install/isaac_ros_nova_interfaces/share/isaac_ros_nova_interfaces/hook/pythonpath.ps1'
[19.963s] INFO:colcon.colcon_core.shell:Creating environment descriptor '/workspaces/isaac_ros-dev/install/isaac_ros_nova_interfaces/share/isaac_ros_nova_interfaces/hook/pythonpath.dsv'
[19.963s] INFO:colcon.colcon_core.shell:Creating environment hook '/workspaces/isaac_ros-dev/install/isaac_ros_nova_interfaces/share/isaac_ros_nova_interfaces/hook/pythonpath.sh'
[19.964s] Level 1:colcon.colcon_core.environment:checking '/workspaces/isaac_ros-dev/install/isaac_ros_nova_interfaces/bin'
[19.975s] INFO:colcon.colcon_core.shell:Creating package script '/workspaces/isaac_ros-dev/install/isaac_ros_nova_interfaces/share/isaac_ros_nova_interfaces/package.ps1'
[19.975s] INFO:colcon.colcon_core.shell:Creating package descriptor '/workspaces/isaac_ros-dev/install/isaac_ros_nova_interfaces/share/isaac_ros_nova_interfaces/package.dsv'
[19.976s] INFO:colcon.colcon_core.shell:Creating package script '/workspaces/isaac_ros-dev/install/isaac_ros_nova_interfaces/share/isaac_ros_nova_interfaces/package.sh'
[19.976s] INFO:colcon.colcon_core.shell:Creating package script '/workspaces/isaac_ros-dev/install/isaac_ros_nova_interfaces/share/isaac_ros_nova_interfaces/package.bash'
[19.977s] INFO:colcon.colcon_core.shell:Creating package script '/workspaces/isaac_ros-dev/install/isaac_ros_nova_interfaces/share/isaac_ros_nova_interfaces/package.zsh'
[19.977s] Level 1:colcon.colcon_core.environment:create_file_with_runtime_dependencies(/workspaces/isaac_ros-dev/install/isaac_ros_nova_interfaces/share/colcon-core/packages/isaac_ros_nova_interfaces)
[20.106s] Level 1:colcon.colcon_core.environment:create_environment_scripts_only(isaac_ros_tensor_list_interfaces)
[20.117s] Level 1:colcon.colcon_core.environment:checking '/workspaces/isaac_ros-dev/install/isaac_ros_tensor_list_interfaces' for CMake module files
[20.118s] Level 1:colcon.colcon_core.environment:checking '/workspaces/isaac_ros-dev/install/isaac_ros_tensor_list_interfaces' for CMake config files
[20.118s] Level 1:colcon.colcon_core.shell:create_environment_hook('isaac_ros_tensor_list_interfaces', 'cmake_prefix_path')
[20.129s] INFO:colcon.colcon_core.shell:Creating environment hook '/workspaces/isaac_ros-dev/install/isaac_ros_tensor_list_interfaces/share/isaac_ros_tensor_list_interfaces/hook/cmake_prefix_path.ps1'
[20.130s] INFO:colcon.colcon_core.shell:Creating environment descriptor '/workspaces/isaac_ros-dev/install/isaac_ros_tensor_list_interfaces/share/isaac_ros_tensor_list_interfaces/hook/cmake_prefix_path.dsv'
[20.130s] INFO:colcon.colcon_core.shell:Creating environment hook '/workspaces/isaac_ros-dev/install/isaac_ros_tensor_list_interfaces/share/isaac_ros_tensor_list_interfaces/hook/cmake_prefix_path.sh'
[20.130s] Level 1:colcon.colcon_core.environment:checking '/workspaces/isaac_ros-dev/install/isaac_ros_tensor_list_interfaces/lib'
[20.131s] Level 1:colcon.colcon_core.shell:create_environment_hook('isaac_ros_tensor_list_interfaces', 'ld_library_path_lib')
[20.141s] INFO:colcon.colcon_core.shell:Creating environment hook '/workspaces/isaac_ros-dev/install/isaac_ros_tensor_list_interfaces/share/isaac_ros_tensor_list_interfaces/hook/ld_library_path_lib.ps1'
[20.142s] INFO:colcon.colcon_core.shell:Creating environment descriptor '/workspaces/isaac_ros-dev/install/isaac_ros_tensor_list_interfaces/share/isaac_ros_tensor_list_interfaces/hook/ld_library_path_lib.dsv'
[20.142s] INFO:colcon.colcon_core.shell:Creating environment hook '/workspaces/isaac_ros-dev/install/isaac_ros_tensor_list_interfaces/share/isaac_ros_tensor_list_interfaces/hook/ld_library_path_lib.sh'
[20.142s] Level 1:colcon.colcon_core.environment:checking '/workspaces/isaac_ros-dev/install/isaac_ros_tensor_list_interfaces/bin'
[20.142s] Level 1:colcon.colcon_core.environment:checking '/workspaces/isaac_ros-dev/install/isaac_ros_tensor_list_interfaces/lib/pkgconfig/isaac_ros_tensor_list_interfaces.pc'
[20.142s] Level 1:colcon.colcon_core.environment:checking '/workspaces/isaac_ros-dev/install/isaac_ros_tensor_list_interfaces/lib/python3.8/site-packages'
[20.142s] Level 1:colcon.colcon_core.shell:create_environment_hook('isaac_ros_tensor_list_interfaces', 'pythonpath')
[20.153s] INFO:colcon.colcon_core.shell:Creating environment hook '/workspaces/isaac_ros-dev/install/isaac_ros_tensor_list_interfaces/share/isaac_ros_tensor_list_interfaces/hook/pythonpath.ps1'
[20.153s] INFO:colcon.colcon_core.shell:Creating environment descriptor '/workspaces/isaac_ros-dev/install/isaac_ros_tensor_list_interfaces/share/isaac_ros_tensor_list_interfaces/hook/pythonpath.dsv'
[20.154s] INFO:colcon.colcon_core.shell:Creating environment hook '/workspaces/isaac_ros-dev/install/isaac_ros_tensor_list_interfaces/share/isaac_ros_tensor_list_interfaces/hook/pythonpath.sh'
[20.154s] Level 1:colcon.colcon_core.environment:checking '/workspaces/isaac_ros-dev/install/isaac_ros_tensor_list_interfaces/bin'
[20.165s] INFO:colcon.colcon_core.shell:Creating package script '/workspaces/isaac_ros-dev/install/isaac_ros_tensor_list_interfaces/share/isaac_ros_tensor_list_interfaces/package.ps1'
[20.166s] INFO:colcon.colcon_core.shell:Creating package descriptor '/workspaces/isaac_ros-dev/install/isaac_ros_tensor_list_interfaces/share/isaac_ros_tensor_list_interfaces/package.dsv'
[20.166s] INFO:colcon.colcon_core.shell:Creating package script '/workspaces/isaac_ros-dev/install/isaac_ros_tensor_list_interfaces/share/isaac_ros_tensor_list_interfaces/package.sh'
[20.167s] INFO:colcon.colcon_core.shell:Creating package script '/workspaces/isaac_ros-dev/install/isaac_ros_tensor_list_interfaces/share/isaac_ros_tensor_list_interfaces/package.bash'
[20.167s] INFO:colcon.colcon_core.shell:Creating package script '/workspaces/isaac_ros-dev/install/isaac_ros_tensor_list_interfaces/share/isaac_ros_tensor_list_interfaces/package.zsh'
[20.167s] Level 1:colcon.colcon_core.environment:create_file_with_runtime_dependencies(/workspaces/isaac_ros-dev/install/isaac_ros_tensor_list_interfaces/share/colcon-core/packages/isaac_ros_tensor_list_interfaces)
[20.168s] DEBUG:colcon.colcon_parallel_executor.executor.parallel:closing loop
[20.168s] DEBUG:colcon.colcon_parallel_executor.executor.parallel:loop closed
[20.168s] DEBUG:colcon.colcon_parallel_executor.executor.parallel:run_until_complete finished with '0'
[20.168s] DEBUG:colcon.colcon_core.event_reactor:joining thread
[20.186s] INFO:colcon.colcon_core.plugin_system:Skipping extension 'colcon_notification.desktop_notification.notify_send': Could not find 'notify-send'
[20.186s] INFO:colcon.colcon_core.plugin_system:Skipping extension 'colcon_notification.desktop_notification.terminal_notifier': Not used on non-Darwin systems
[20.186s] INFO:colcon.colcon_core.plugin_system:Skipping extension 'colcon_notification.desktop_notification.win32': Not used on non-Windows systems
[20.186s] INFO:colcon.colcon_notification.desktop_notification:Sending desktop notification using 'notify2'
[20.189s] DEBUG:colcon.colcon_notification.desktop_notification.notify2:Failed to initialize notify2: org.freedesktop.DBus.Error.Spawn.ExecFailed: /usr/bin/dbus-launch terminated abnormally without any error message
[20.189s] DEBUG:colcon.colcon_core.event_reactor:joined thread
[20.201s] INFO:colcon.colcon_core.shell:Creating prefix script '/workspaces/isaac_ros-dev/install/local_setup.ps1'
[20.202s] INFO:colcon.colcon_core.shell:Creating prefix util module '/workspaces/isaac_ros-dev/install/_local_setup_util_ps1.py'
[20.203s] INFO:colcon.colcon_core.shell:Creating prefix chain script '/workspaces/isaac_ros-dev/install/setup.ps1'
[20.214s] INFO:colcon.colcon_core.shell:Creating prefix script '/workspaces/isaac_ros-dev/install/local_setup.sh'
[20.215s] INFO:colcon.colcon_core.shell:Creating prefix util module '/workspaces/isaac_ros-dev/install/_local_setup_util_sh.py'
[20.215s] INFO:colcon.colcon_core.shell:Creating prefix chain script '/workspaces/isaac_ros-dev/install/setup.sh'
[20.226s] INFO:colcon.colcon_core.shell:Creating prefix script '/workspaces/isaac_ros-dev/install/local_setup.bash'
[20.226s] INFO:colcon.colcon_core.shell:Creating prefix chain script '/workspaces/isaac_ros-dev/install/setup.bash'
[20.238s] INFO:colcon.colcon_core.shell:Creating prefix script '/workspaces/isaac_ros-dev/install/local_setup.zsh'
[20.238s] INFO:colcon.colcon_core.shell:Creating prefix chain script '/workspaces/isaac_ros-dev/install/setup.zsh'
